client_id;age_moyen;panier_moyen
c_1;66,56410256410257;14,312307692307694
c_10;65,60344827586206;23,337931034482757
c_100;29,25;31,85625
c_1000;55,72;18,095119999999998
c_1001;39,61764705882353;17,77313725490196
c_1002;39,55555555555556;11,549444444444443
c_1003;39,733333333333334;11,522285714285713
c_1004;48,666666666666664;15,398484848484848
c_1005;80,76271186440678;14,320847457627117
c_1006;42,726351351351354;13,452736486486486
c_1007;80,43478260869566;18,47695652173913
c_1008;55,5;15,323333333333332
c_1009;27,5;25,690999999999995
c_101;20,61111111111111;21,706666666666667
c_1010;27,677419354838708;52,10612903225806
c_1011;22,789473684210527;28,542631578947365
c_1012;64,68;13,9628
c_1013;39,67231638418079;14,940677966101696
c_1014;32,692622950819676;13,890163934426228
c_1015;68,54545454545455;16,46878787878788
c_1016;41,53048780487805;11,773536585365854
c_1017;46,701863354037265;13,561428571428571
c_1018;28,633333333333333;62,833666666666666
c_1019;73,73076923076923;18,284230769230767
c_102;39,80952380952381;15,100476190476192
c_1020;46,62162162162162;15,018918918918917
c_1021;22,58823529411765;61,881764705882354
c_1022;25,805555555555557;50,42055555555555
c_1023;22,83823529411765;49,650588235294116
c_1024;51,333333333333336;16,522222222222222
c_1025;37,640926640926644;14,277837837837838
c_1026;23,379310344827587;53,40206896551724
c_1027;42,61165048543689;13,585339805825242
c_1028;35,65505226480836;12,445574912891987
c_1029;65,72727272727273;17,766363636363636
c_103;35,55384615384615;11,735846153846152
c_1030;73,74193548387096;13,66741935483871
c_1031;58,703448275862065;20,199172413793104
c_1032;58,575;14,397749999999998
c_1033;22,0;80,128
c_1034;57,916666666666664;16,8275
c_1035;40,666666666666664;15,834761904761903
c_1036;45,57142857142857;12,453571428571427
c_1037;60,56989247311828;16,523548387096774
c_1038;19,756756756756758;21,732972972972973
c_1039;58,7125;17,908625
c_104;26,714285714285715;27,101428571428574
c_1040;43,72727272727273;12,475454545454545
c_1041;44,8235294117647;12,365882352941176
c_1042;18,083333333333332;29,0625
c_1043;44,49425287356322;11,236551724137932
c_1044;65,52380952380952;20,31095238095238
c_1045;49,80681818181818;14,281818181818181
c_1046;17,73170731707317;22,42878048780488
c_1047;48,6875;13,524531249999999
c_1048;23,5625;51,378125
c_1049;55,53846153846154;16,56153846153846
c_105;45,8974358974359;12,058461538461538
c_1050;36,70612244897959;13,138122448979592
c_1051;53,714285714285715;16,103928571428572
c_1052;20,88679245283019;53,03754716981132
c_1053;22,692307692307693;40,035384615384615
c_1054;56,642857142857146;16,384714285714285
c_1055;56,670212765957444;17,14308510638298
c_1056;26,692307692307693;45,15461538461538
c_1057;44,55670103092783;15,422268041237114
c_1058;52,40816326530612;18,34
c_1059;25,666666666666668;44,885
c_106;54,625;12,608749999999999
c_1060;48,70445344129555;11,690445344129554
c_1061;30,46153846153846;13,162307692307692
c_1062;35,75471698113208;12,730754716981133
c_1063;82,66423357664233;18,17956204379562
c_1064;23,659574468085108;45,49617021276596
c_1065;17,48148148148148;41,654074074074074
c_1066;20,6;17,341142857142856
c_1067;34,8;11,777414634146341
c_1068;39,7;11,308
c_1069;23,4;94,97800000000001
c_107;37,4921875;13,0290625
c_1070;65,68085106382979;15,557446808510639
c_1071;42,6875;14,142624999999999
c_1072;35,670103092783506;14,091340206185565
c_1073;60,8;13,491999999999999
c_1074;43,64890282131662;13,016520376175547
c_1075;50,69135802469136;19,090246913580245
c_1076;56,57142857142857;13,675357142857141
c_1077;36,69827586206897;13,42125
c_1078;56,56410256410256;17,176410256410257
c_1079;38,63636363636363;14,625454545454545
c_108;40,6986301369863;13,46054794520548
c_1080;52,638297872340424;17,131489361702126
c_1081;57,65909090909091;19,285227272727273
c_1082;79,77777777777777;12,66
c_1083;35,49152542372882;12,050677966101695
c_1084;34,58252427184466;11,689126213592234
c_1085;40,72222222222222;15,763703703703705
c_1086;40,68292682926829;9,990243902439024
c_1087;42,63846153846154;12,939923076923078
c_1088;17,46153846153846;45,42076923076923
c_1089;50,705882352941174;15,989999999999998
c_109;17,714285714285715;59,31285714285714
c_1090;51,61538461538461;16,00153846153846
c_1091;42,567796610169495;12,94186440677966
c_1092;49,59090909090909;11,652727272727274
c_1093;28,46153846153846;33,27307692307692
c_1094;17,65625;34,525625
c_1095;30,73015873015873;14,031825396825397
c_1096;22,527272727272727;39,748363636363635
c_1097;68,64516129032258;17,816451612903226
c_1098;35,732142857142854;11,596964285714284
c_1099;65,75;18,655192307692307
c_11;65,68888888888888;16,205555555555556
c_110;46,666666666666664;13,45116504854369
c_1100;24,866666666666667;43,53288888888889
c_1101;18,642857142857142;50,75428571428571
c_1102;37,644067796610166;13,820847457627117
c_1103;18,666666666666668;56,17444444444445
c_1104;47,60189573459716;12,553222748815166
c_1105;17,767441860465116;16,94325581395349
c_1106;32,55555555555556;12,745555555555555
c_1107;29,42105263157895;26,465263157894736
c_1108;44,411764705882355;10,53
c_1109;23,78787878787879;35,194848484848485
c_111;28,75;25,293333333333333
c_1110;37,61643835616438;11,952328767123287
c_1111;17,80952380952381;33,8247619047619
c_1112;34,66346153846154;12,870096153846154
c_1113;49,813559322033896;14,339661016949153
c_1114;43,58695652173913;12,077391304347826
c_1115;39,614814814814814;13,586074074074073
c_1116;25,5;39,07
c_1117;29,666666666666668;30,401666666666667
c_1118;45,59344262295082;11,650983606557377
c_1119;61,407407407407405;14,320740740740739
c_112;49,35087719298246;13,303859649122808
c_1120;40,71028037383178;12,806355140186916
c_1121;60,61538461538461;20,166923076923077
c_1122;61,572649572649574;15,477350427350427
c_1123;42,39344262295082;17,508196721311474
c_1124;71,63636363636364;13,817454545454547
c_1125;49,82539682539682;17,24015873015873
c_1126;53,54651162790697;15,170116279069767
c_1127;26,620689655172413;36,41241379310345
c_1128;58,61224489795919;14,43938775510204
c_1129;37,62162162162162;13,45972972972973
c_113;47,795180722891565;14,097710843373493
c_1130;42,7196261682243;15,76355140186916
c_1131;17,73913043478261;63,348260869565216
c_1132;43,610169491525426;16,85627118644068
c_1133;45,59731543624161;12,976577181208054
c_1134;17,5;29,2575
c_1135;55,416666666666664;14,6975
c_1136;84,70833333333333;13,104166666666666
c_1137;78,67708333333333;17,2475
c_1138;44,716981132075475;12,473537735849057
c_1139;40,6951871657754;13,934598930481283
c_114;17,384615384615383;20,125384615384615
c_1140;18,571428571428573;35,918571428571425
c_1141;17,5;12,78
c_1142;70,36842105263158;19,241052631578945
c_1143;17,775510204081634;50,828163265306124
c_1144;46,711711711711715;13,462162162162162
c_1145;45,68648648648649;12,360432432432432
c_1146;52,535714285714285;18,179285714285715
c_1147;23,647058823529413;51,40176470588235
c_1148;63,7;16,955833333333334
c_1149;21,727272727272727;55,117402597402595
c_115;42,2;12,523333333333333
c_1150;44,673469387755105;14,56408163265306
c_1151;65,66363636363636;16,753272727272726
c_1152;39,627737226277375;12,293503649635037
c_1153;43,57251908396947;14,24763358778626
c_1154;35,80672268907563;12,554285714285715
c_1155;70,5952380952381;11,81952380952381
c_1156;63,61038961038961;13,641818181818183
c_1157;56,714285714285715;12,504285714285714
c_1158;29,714285714285715;57,56523809523809
c_1159;26,0;75,225
c_116;25,92063492063492;29,13142857142857
c_1160;36,535714285714285;11,864285714285714
c_1161;50,4375;16,4175
c_1162;63,5;17,015666666666664
c_1163;68,80645161290323;19,19451612903226
c_1164;71,6969696969697;12,097272727272726
c_1165;56,69230769230769;13,947076923076922
c_1166;40,66;13,151800000000001
c_1167;44,623655913978496;13,628494623655914
c_1168;32,723880597014926;15,482985074626864
c_1169;24,826923076923077;66,3098076923077
c_117;33,6124031007752;13,19643410852713
c_1170;33,721518987341774;12,99746835443038
c_1171;86,5;12,96
c_1172;27,666666666666668;49,47388888888889
c_1173;25,48936170212766;35,25595744680851
c_1174;52,38095238095238;17,418095238095237
c_1175;50,80487804878049;13,59170731707317
c_1176;20,75;36,211
c_1177;44,71966527196653;13,521046025104601
c_1178;37,669642857142854;12,797991071428571
c_1179;19,66216216216216;23,211756756756756
c_118;48,78947368421053;15,007543859649122
c_1180;57,388888888888886;15,788333333333334
c_1181;19,764705882352942;49,89
c_1182;37,725806451612904;12,124354838709678
c_1183;42,60474308300395;12,45094861660079
c_1184;63,75;16,80375
c_1185;17,708333333333332;47,30416666666667
c_1186;25,375;75,41541666666667
c_1187;19,785714285714285;45,25142857142857
c_1188;74,68;22,7036
c_1189;36,6764705882353;13,625235294117648
c_119;17,68421052631579;40,24355263157895
c_1190;46,601694915254235;13,628983050847458
c_1191;23,6875;39,08708333333333
c_1192;25,580645161290324;51,9858064516129
c_1193;31,67153284671533;14,252481751824817
c_1194;22,541666666666668;90,66916666666667
c_1195;56,609756097560975;16,974634146341465
c_1196;41,65034965034965;13,098461538461539
c_1197;46,70652173913044;20,94086956521739
c_1198;28,57894736842105;28,38736842105263
c_1199;31,556213017751478;13,477633136094674
c_12;67,2;23,456
c_120;23,875;18,134375
c_1200;42,588235294117645;13,031617647058823
c_1201;30,703703703703702;12,966666666666665
c_1202;43,66086956521739;13,184608695652175
c_1203;28,73913043478261;56,108695652173914
c_1204;62,73076923076923;21,193461538461538
c_1205;29,375;41,01125
c_1206;53,36363636363637;20,076363636363638
c_1207;58,64367816091954;15,06919540229885
c_1208;87,69473684210526;17,99063157894737
c_1209;50,5;15,334
c_121;51,69230769230769;14,613461538461538
c_1210;24,6;48,402
c_1211;58,81818181818182;16,135454545454543
c_1212;47,67132867132867;13,2413986013986
c_1213;82,56363636363636;19,909454545454544
c_1214;46,7463768115942;11,703188405797102
c_1215;41,55294117647059;12,435058823529411
c_1216;68,72222222222223;14,82622222222222
c_1217;76,81818181818181;19,835
c_1218;45,74074074074074;16,624938271604936
c_1219;64,6;13,530000000000001
c_122;41,6;13,139393939393939
c_1220;71,76363636363637;16,335454545454546
c_1221;47,60335195530726;12,281564245810056
c_1222;40,47008547008547;11,854188034188034
c_1224;66,56756756756756;17,334594594594595
c_1225;34,5625;11,70075
c_1226;29,75;46,302727272727275
c_1227;67,77777777777777;17,596666666666668
c_1228;35,53521126760563;13,37056338028169
c_1229;47,72289156626506;12,555823293172692
c_123;56,72727272727273;13,302499999999998
c_1230;28,72972972972973;22,73945945945946
c_1231;18,620689655172413;46,41758620689655
c_1232;61,5;19,85
c_1233;51,63636363636363;16,876818181818184
c_1234;71,0;18,133333333333333
c_1235;36,56410256410256;11,911025641025642
c_1236;34,554054054054056;12,088783783783782
c_1237;22,75;47,81340909090909
c_1238;62,625;17,331
c_1239;36,7610294117647;13,594448529411764
c_124;28,529411764705884;16,64941176470588
c_1240;18,633802816901408;59,515915492957745
c_1241;64,64102564102564;17,786666666666665
c_1242;41,659574468085104;13,792553191489361
c_1243;38,73529411764706;12,104705882352942
c_1244;29,615384615384617;58,06346153846154
c_1245;32,74418604651163;13,310813953488372
c_1246;21,685714285714287;45,283428571428566
c_1247;40,657534246575345;13,71554794520548
c_1248;63,833333333333336;20,489444444444445
c_1249;62,62698412698413;15,973968253968254
c_125;19,526315789473685;52,98736842105263
c_1250;42,58288770053476;12,413422459893049
c_1251;32,4;13,610285714285714
c_1252;46,622837370242216;12,438131487889272
c_1253;54,56578947368421;18,814342105263158
c_1254;67,66666666666667;14,21764705882353
c_1255;33,765765765765764;12,779729729729729
c_1256;55,523809523809526;13,567619047619049
c_1257;44,648648648648646;17,02162162162162
c_1258;21,83783783783784;23,288648648648646
c_1259;43,73267326732673;12,604257425742574
c_126;50,5;19,183888888888887
c_1260;66,61538461538461;17,936923076923076
c_1261;36,628975265017665;12,181307420494699
c_1262;25,459016393442624;44,07819672131148
c_1263;57,526315789473685;18,338947368421053
c_1264;48,607142857142854;14,203392857142857
c_1265;59,65979381443299;19,600515463917525
c_1266;46,79047619047619;13,619142857142856
c_1267;47,723404255319146;12,51063829787234
c_1268;46,55555555555556;12,869166666666665
c_1269;22,0;58,489999999999995
c_127;33,520833333333336;14,421875
c_1270;55,0;31,534999999999997
c_1271;24,5;28,763461538461538
c_1272;36,833333333333336;13,77313725490196
c_1273;26,82456140350877;14,678596491228069
c_1274;53,700934579439256;15,969158878504674
c_1275;57,84905660377358;17,990754716981133
c_1276;56,8421052631579;12,878947368421052
c_1277;26,25;23,22
c_1278;34,76190476190476;11,674920634920635
c_1279;57,680851063829785;17,683563829787232
c_128;74,73846153846154;17,807846153846153
c_1280;37,58695652173913;13,54695652173913
c_1281;26,869565217391305;31,921304347826084
c_1282;25,890625;37,7975
c_1283;26,65909090909091;55,94840909090909
c_1284;17,82051282051282;25,194615384615386
c_1285;52,666666666666664;12,618333333333332
c_1286;40,689655172413794;13,59089655172414
c_1287;59,61538461538461;10,186923076923078
c_1288;39,53846153846154;13,376666666666665
c_1289;28,8125;40,5225
c_129;62,61739130434783;16,360086956521737
c_1290;24,734375;27,8496875
c_1291;71,69767441860465;16,20139534883721
c_1292;39,60526315789474;10,863947368421051
c_1293;68,8529411764706;13,794117647058824
c_1294;62,67032967032967;17,20791208791209
c_1295;31,55223880597015;16,205820895522386
c_1296;41,61176470588235;14,709058823529412
c_1297;20,5;65,65666666666667
c_1298;57,55072463768116;15,928115942028985
c_1299;46,421052631578945;11,316315789473684
c_13;39,65365853658537;12,552146341463414
c_130;17,3125;35,336875
c_1300;27,696202531645568;43,90924050632911
c_1301;20,6;22,181
c_1302;29,73076923076923;49,95
c_1303;34,575;15,16725
c_1304;17,571428571428573;59,25
c_1305;17,666666666666668;66,79030303030302
c_1306;72,63716814159292;16,14778761061947
c_1307;68,59183673469387;15,288775510204081
c_1308;68,60714285714286;13,519642857142857
c_1309;56,77272727272727;16,66363636363636
c_131;40,68012422360248;12,668416149068323
c_1310;43,701298701298704;12,716103896103895
c_1311;36,78;17,1555
c_1312;54,75;17,57
c_1313;52,6;13,852
c_1314;48,60335195530726;13,817150837988827
c_1315;50,75;15,63890625
c_1316;61,88235294117647;16,051764705882352
c_1317;17,444444444444443;25,756666666666668
c_1318;34,61497326203209;14,303903743315507
c_1319;33,69668246445497;12,073744075829383
c_132;26,375;59,72375
c_1320;29,73015873015873;31,743333333333332
c_1321;58,515151515151516;15,610151515151514
c_1322;69,52941176470588;14,096470588235295
c_1323;44,68;10,3068
c_1324;22,6;50,67999999999999
c_1325;74,53846153846153;17,526153846153846
c_1326;63,71337579617835;18,631656050955414
c_1327;72,65384615384616;21,376923076923074
c_1328;41,81578947368421;11,724210526315789
c_1329;24,714285714285715;14,816428571428572
c_133;22,666666666666668;37,27111111111111
c_1330;46,38095238095238;12,209523809523809
c_1331;20,8;55,025
c_1332;38,66839378238342;12,918134715025905
c_1333;65,72289156626506;17,18867469879518
c_1334;43,693333333333335;14,010266666666666
c_1335;21,7;69,84
c_1336;63,714285714285715;17,127936507936507
c_1337;39,54545454545455;11,998181818181818
c_1338;34,76282051282051;11,905448717948717
c_1339;17,375;41,55
c_134;67,55434782608695;14,997717391304347
c_1340;19,6;38,986
c_1341;50,64705882352941;18,705882352941178
c_1342;41,89887640449438;11,951011235955054
c_1343;30,59437751004016;13,17301204819277
c_1344;75,83333333333333;15,410000000000002
c_1345;48,651933701657455;12,71878453038674
c_1346;32,41304347826087;13,748043478260868
c_1347;38,650735294117645;12,843125
c_1348;24,944444444444443;15,634444444444442
c_1349;42,285714285714285;11,661428571428571
c_135;47,46875;13,3015625
c_1350;77,82857142857142;19,05457142857143
c_1351;75,28;17,7064
c_1352;45,73134328358209;15,551940298507462
c_1353;24,7;39,745
c_1354;27,457142857142856;60,246
c_1355;63,75;16,139166666666668
c_1356;80,61290322580645;18,169999999999998
c_1357;45,73684210526316;15,070526315789472
c_1358;17,46153846153846;42,27153846153846
c_1359;39,54054054054054;11,317297297297298
c_136;56,8;18,0595
c_1360;87,87368421052632;17,30442105263158
c_1361;39,89473684210526;13,394947368421052
c_1362;39,65;13,0525
c_1363;44,8;14,763428571428571
c_1364;33,65934065934066;14,740989010989011
c_1365;38,69822485207101;13,67491124260355
c_1366;25,555555555555557;20,14111111111111
c_1367;37,62244897959184;13,84081632653061
c_1368;39,6144578313253;13,132289156626506
c_1369;57,804597701149426;15,842413793103448
c_137;28,666666666666668;39,736666666666665
c_1370;41,596638655462186;12,455798319327732
c_1371;35,640926640926644;14,183436293436293
c_1372;61,61538461538461;17,715384615384615
c_1373;34,67857142857143;10,37857142857143
c_1374;66,70588235294117;12,194411764705883
c_1375;76,9090909090909;20,715454545454545
c_1376;72,42857142857143;17,080714285714286
c_1377;35,55905511811024;12,620433070866142
c_1378;38,623893805309734;11,487212389380531
c_1379;57,728155339805824;16,008932038834953
c_138;49,825581395348834;13,605
c_1380;49,80246913580247;13,129259259259259
c_1381;39,6448087431694;11,725573770491803
c_1382;46,60294117647059;12,49122549019608
c_1383;17,566666666666666;47,63533333333333
c_1384;47,55725190839695;13,373053435114503
c_1385;25,68421052631579;62,04342105263158
c_1386;64,75;17,74646551724138
c_1387;64,6029411764706;21,154852941176472
c_1388;51,63235294117647;17,28014705882353
c_1389;66,6987951807229;18,963373493975904
c_139;23,806818181818183;38,14306818181819
c_1390;54,541666666666664;16,363333333333333
c_1391;30,541984732824428;12,688015267175572
c_1392;17,6875;18,8934375
c_1393;26,441860465116278;23,036279069767442
c_1394;46,71875;15,61546875
c_1395;17,703703703703702;58,89296296296296
c_1396;48,569148936170215;13,62031914893617
c_1397;49,739583333333336;12,601354166666667
c_1398;28,55;18,027
c_1399;26,829268292682926;44,16792682926829
c_14;50,666666666666664;19,983333333333334
c_140;41,605633802816904;12,88774647887324
c_1400;20,72;71,7372
c_1401;46,44444444444444;11,879166666666666
c_1402;55,611111111111114;15,055
c_1403;43,71818181818182;15,592363636363638
c_1404;51,77272727272727;15,889545454545454
c_1405;40,58720930232558;12,74924418604651
c_1406;50,76;18,644
c_1407;65,57142857142857;15,095714285714283
c_1408;81,9;10,902
c_1409;32,526315789473685;11,40263157894737
c_141;41,582089552238806;12,064776119402985
c_1410;33,70205479452055;13,774828767123287
c_1411;38,67213114754098;12,610000000000001
c_1412;28,0;50,99
c_1413;41,635327635327634;13,102136752136753
c_1414;17,726190476190474;40,30238095238095
c_1415;28,65;71,64099999999999
c_1416;21,42105263157895;28,15315789473684
c_1417;19,555555555555557;38,44888888888889
c_1418;17,73913043478261;63,266956521739125
c_1419;18,5625;59,0775
c_142;35,58139534883721;11,529767441860464
c_1420;17,789473684210527;44,64263157894737
c_1421;43,333333333333336;12,362592592592591
c_1422;41,786096256684495;13,351737967914438
c_1423;29,693877551020407;33,58755102040816
c_1424;30,652173913043477;14,095652173913043
c_1425;23,933333333333334;39,201
c_1426;33,7906976744186;12,292093023255813
c_1427;42,707317073170735;14,015731707317073
c_1428;38,69565217391305;12,73904347826087
c_1429;36,701863354037265;13,080496894409938
c_143;46,603053435114504;12,981526717557252
c_1430;65,45454545454545;15,089090909090908
c_1431;22,647058823529413;62,80176470588235
c_1432;51,641975308641975;16,99506172839506
c_1433;45,69298245614035;12,552368421052632
c_1434;36,56382978723404;13,047234042553193
c_1435;23,76;43,0904
c_1436;47,794117647058826;12,970441176470588
c_1437;17,676056338028168;34,17084507042254
c_1438;54,68292682926829;14,99390243902439
c_1439;37,52980132450331;11,347417218543047
c_144;79,80952380952381;17,392380952380954
c_1440;25,576923076923077;44,17192307692308
c_1441;44,85294117647059;15,544117647058824
c_1442;32,63013698630137;12,642465753424657
c_1443;65,6195652173913;15,713043478260868
c_1444;33,57142857142857;10,407142857142857
c_1445;33,68571428571428;14,281142857142857
c_1446;61,78947368421053;15,889210526315788
c_1447;52,682539682539684;15,749206349206348
c_1448;44,68;11,2373
c_1449;41,54794520547945;11,987260273972602
c_145;34,679245283018865;14,81943396226415
c_1450;62,333333333333336;23,170833333333334
c_1451;76,57142857142857;18,098095238095237
c_1452;44,629139072847686;14,259602649006622
c_1453;19,56;51,7888
c_1454;23,6734693877551;51,295918367346935
c_1455;89,68;15,81024
c_1456;41,48148148148148;14,27222222222222
c_1457;36,50961538461539;13,02375
c_1458;82,64748201438849;15,513237410071943
c_1459;35,71590909090909;12,483522727272726
c_146;54,793103448275865;15,755287356321839
c_1460;32,693069306930695;12,629702970297028
c_1461;45,855421686746986;14,941204819277107
c_1462;58,609756097560975;15,395365853658538
c_1463;59,60919540229885;15,721724137931034
c_1464;35,716738197424895;12,58008583690987
c_1465;42,46938775510204;14,139387755102042
c_1466;85,76666666666667;17,030666666666665
c_1467;63,629139072847686;16,332649006622518
c_1468;19,5;43,515499999999996
c_1469;41,711627906976744;13,507674418604651
c_147;65,58108108108108;14,534324324324324
c_1470;83,66666666666667;12,681111111111111
c_1471;54,666666666666664;17,014615384615382
c_1472;48,91860465116279;13,396511627906976
c_1473;35,57954545454545;17,99193181818182
c_1474;18,571428571428573;61,637142857142855
c_1475;22,551724137931036;15,881379310344828
c_1476;50,65;16,530416666666664
c_1477;48,45652173913044;14,084999999999999
c_1478;49,774744027303754;13,45457337883959
c_1479;31,59090909090909;12,785511363636363
c_148;41,708333333333336;17,13083333333333
c_1480;29,74418604651163;25,53988372093023
c_1481;85,58333333333333;14,498571428571427
c_1482;43,77142857142857;14,752535714285715
c_1483;17,9;49,88525
c_1484;61,62162162162162;16,70837837837838
c_1485;62,4;13,783333333333333
c_1486;47,70945945945946;13,600540540540539
c_1487;59,77777777777778;19,229166666666668
c_1488;51,625;12,476458333333333
c_1489;42,61818181818182;11,998272727272727
c_149;52,375;15,895
c_1490;52,81818181818182;15,458181818181817
c_1491;35,58860759493671;13,84632911392405
c_1492;39,58083832335329;13,387305389221556
c_1493;72,70588235294117;15,18610294117647
c_1494;34,68627450980392;11,361617647058823
c_1495;76,54761904761905;13,417619047619047
c_1496;27,25;44,62375
c_1497;33,55128205128205;12,650897435897436
c_1498;78,62931034482759;14,716465517241378
c_1499;33,67080745341615;12,720372670807453
c_15;33,65151515151515;11,254848484848486
c_150;48,57831325301205;10,816867469879517
c_1500;47,78740157480315;14,663858267716535
c_1501;23,59375;33,6134375
c_1502;17,6;15,626399999999999
c_1503;35,62809917355372;11,982479338842975
c_1504;49,71052631578947;12,701052631578946
c_1505;65,85714285714286;15,987142857142857
c_1506;22,454545454545453;40,559090909090905
c_1507;50,68421052631579;11,58842105263158
c_1508;25,933333333333334;24,511333333333333
c_1509;27,571428571428573;24,867714285714285
c_151;55,714285714285715;17,157857142857143
c_1510;61,770833333333336;17,80333333333333
c_1511;53,61971830985915;15,757183098591549
c_1512;48,61363636363637;14,855
c_1513;19,560606060606062;45,14469696969697
c_1514;39,69607843137255;14,555490196078432
c_1515;49,66860465116279;12,01610465116279
c_1516;17,979591836734695;36,768367346938774
c_1517;27,625;22,6175
c_1518;59,69230769230769;15,19326923076923
c_1519;57,75;14,307500000000001
c_152;31,675;14,76
c_1520;42,4;14,3156
c_1521;32,5959595959596;15,83222222222222
c_1522;61,4765625;15,4109375
c_1523;53,888888888888886;15,931851851851851
c_1524;31,745098039215687;13,625686274509803
c_1525;56,94117647058823;18,032549019607842
c_1526;27,307692307692307;43,42999999999999
c_1527;25,822580645161292;53,72403225806451
c_1528;38,660377358490564;12,462075471698114
c_1529;53,56730769230769;14,532884615384615
c_153;48,51219512195122;15,015853658536585
c_1530;19,5;51,99857142857143
c_1531;36,775510204081634;12,491020408163264
c_1532;55,714285714285715;16,330000000000002
c_1533;49,87735849056604;11,697830188679246
c_1534;72,82456140350877;18,70298245614035
c_1535;31,69047619047619;12,87352380952381
c_1536;19,77777777777778;37,92666666666667
c_1537;45,642857142857146;15,692857142857141
c_1538;35,55555555555556;13,630493827160493
c_1539;46,6958762886598;14,126082474226804
c_154;24,88888888888889;102,18111111111111
c_1540;57,689655172413794;14,895402298850575
c_1541;44,75555555555555;11,552555555555555
c_1542;58,88235294117647;12,322352941176472
c_1543;65,64788732394366;17,446338028169016
c_1544;44,598684210526315;10,975526315789473
c_1545;48,76136363636363;15,060681818181818
c_1546;61,67741935483871;14,081290322580644
c_1547;17,967741935483872;63,61419354838709
c_1548;33,8125;14,43953125
c_1549;34,62352941176471;11,003764705882352
c_155;18,6;38,51222222222222
c_1550;22,57894736842105;32,40842105263158
c_1551;49,75657894736842;11,589605263157894
c_1552;50,89230769230769;14,593230769230768
c_1553;67,58536585365853;16,377560975609757
c_1554;68,57692307692308;18,925
c_1555;18,666666666666668;55,636111111111106
c_1556;57,916666666666664;10,246666666666668
c_1557;45,666666666666664;9,31
c_1558;37,689655172413794;13,743965517241378
c_1559;28,71153846153846;30,017692307692307
c_156;32,74015748031496;13,173700787401575
c_1560;26,753846153846155;58,96676923076923
c_1561;17,972972972972972;20,848108108108107
c_1562;66,8;13,986
c_1563;74,58333333333333;18,95958333333333
c_1564;17,510204081632654;30,425306122448976
c_1565;22,686567164179106;43,536567164179104
c_1566;17,76;88,9356
c_1567;55,73913043478261;15,259347826086955
c_1568;64,43478260869566;16,717608695652174
c_1569;57,80952380952381;14,614761904761902
c_157;50,596774193548384;18,807096774193546
c_1570;42,72357723577236;14,286233062330624
c_1571;57,6;12,465333333333332
c_1572;25,88888888888889;27,685555555555553
c_1573;29,63235294117647;38,85764705882353
c_1574;67,66666666666667;17,538205128205128
c_1575;26,88888888888889;19,357777777777777
c_1576;65,6930693069307;17,037227722772275
c_1577;24,571428571428573;44,31285714285714
c_1578;22,7972972972973;33,32027027027027
c_1579;49,676767676767675;14,054242424242423
c_158;68,71794871794872;17,02102564102564
c_1580;42,333333333333336;13,234444444444444
c_1581;53,62222222222222;16,77488888888889
c_1582;74,65517241379311;12,310344827586206
c_1583;66,7;18,471818181818183
c_1584;30,650306748466257;14,088404907975459
c_1585;51,65040650406504;16,68512195121951
c_1586;62,625;12,2575
c_1587;46,666666666666664;15,991999999999999
c_1588;43,87378640776699;13,354757281553399
c_1589;68,53846153846153;19,552307692307693
c_159;24,77777777777778;34,84422222222222
c_1590;17,67924528301887;42,32716981132076
c_1591;83,25;6,49
c_1592;24,683333333333334;23,8925
c_1593;28,666666666666668;25,234313725490196
c_1594;38,72;12,6924
c_1595;48,700980392156865;15,518676470588234
c_1596;27,883333333333333;30,502333333333333
c_1597;64,82278481012658;17,511139240506328
c_1598;36,60666666666667;12,659466666666667
c_1599;56,857142857142854;12,66952380952381
c_16;51,5;14,7825
c_160;43,79245283018868;14,007547169811321
c_1600;49,74782608695652;13,38782608695652
c_1601;72,68;12,2972
c_1602;30,73913043478261;11,783478260869565
c_1603;54,666666666666664;15,31111111111111
c_1604;19,692307692307693;31,543846153846154
c_1605;26,88888888888889;16,563888888888886
c_1606;65,75;26,314166666666665
c_1607;43,71739130434783;9,537826086956523
c_1608;56,78651685393258;19,609775280898877
c_1609;41,65360169491525;12,713172865662271
c_161;38,64327485380117;13,106783625730992
c_1610;32,8235294117647;14,934705882352942
c_1611;40,590673575129536;14,291554404145078
c_1612;59,588235294117645;13,55455882352941
c_1613;40,65909090909091;12,416363636363638
c_1614;27,53846153846154;39,973846153846154
c_1615;31,739837398373982;13,723333333333333
c_1616;64,71014492753623;18,959855072463768
c_1617;47,35;12,3945
c_1618;65,47058823529412;15,755686274509804
c_1619;17,674418604651162;35,02558139534884
c_162;27,614035087719298;44,738596491228066
c_1620;27,797101449275363;20,763768115942028
c_1621;37,68807339449541;12,433394495412845
c_1622;62,75;20,223125
c_1623;24,70967741935484;46,347096774193545
c_1624;29,0;28,54
c_1625;37,88461538461539;13,879038461538462
c_1626;22,72463768115942;40,12855072463768
c_1627;66,77777777777777;15,794777777777778
c_1628;37,89;13,153699999999999
c_1629;30,76271186440678;11,900508474576272
c_163;58,598290598290596;16,794700854700856
c_1630;70,3125;13,244375
c_1631;40,66417910447761;14,942313432835821
c_1632;17,914285714285715;14,801142857142857
c_1633;76,57777777777778;14,256222222222222
c_1634;17,617021276595743;64,31063829787234
c_1635;33,42307692307692;14,838076923076922
c_1636;32,62809917355372;13,304325068870524
c_1637;33,70789473684211;12,365447368421052
c_1638;48,69135802469136;15,720864197530863
c_1639;35,53846153846154;16,176666666666666
c_164;60,774647887323944;18,87450704225352
c_1640;17,742424242424242;48,746212121212125
c_1641;26,75;25,604999999999997
c_1642;25,717391304347824;55,03847826086957
c_1643;35,66279069767442;13,521162790697673
c_1644;77,27777777777777;15,866666666666667
c_1645;54,46153846153846;15,670576923076924
c_1646;39,72857142857143;12,150571428571428
c_1647;53,65;22,1405
c_1648;37,64935064935065;10,462337662337662
c_1649;28,695652173913043;67,47347826086956
c_165;25,4;65,589
c_1650;47,46875;10,0046875
c_1651;20,4375;40,574375
c_1652;32,64383561643836;12,007602739726027
c_1653;17,533333333333335;62,716
c_1654;52,625;8,14375
c_1655;51,5;19,7675
c_1656;39,56603773584906;13,282924528301887
c_1657;50,648648648648646;15,92939189189189
c_1658;55,55;9,428999999999998
c_1659;36,6875;13,948541666666666
c_166;54,64;17,0839
c_1660;27,625;31,535
c_1661;22,6875;23,4146875
c_1662;30,64814814814815;13,604074074074074
c_1663;50,604651162790695;16,814883720930233
c_1664;41,55952380952381;11,945357142857143
c_1665;32,578947368421055;12,118842105263157
c_1666;70,62886597938144;16,94257731958763
c_1667;45,56923076923077;12,411999999999999
c_1668;72,7244094488189;19,14204724409449
c_1669;17,70212765957447;38,55085106382978
c_167;65,73333333333333;20,082666666666668
c_1670;24,653846153846153;38,62769230769231
c_1671;41,666666666666664;12,672916666666666
c_1672;29,75;48,1715625
c_1673;33,69230769230769;12,62974358974359
c_1674;21,666666666666668;55,858666666666664
c_1675;22,166666666666668;5,57
c_1676;56,611111111111114;16,647222222222222
c_1677;68,61016949152543;15,398474576271186
c_1678;41,676829268292686;12,271036585365854
c_1679;59,578125;17,799375
c_168;32,486486486486484;15,314594594594594
c_1680;54,63636363636363;13,992121212121212
c_1681;51,765625;14,44546875
c_1682;18,705882352941178;34,220882352941175
c_1683;30,680851063829788;16,53886524822695
c_1684;29,727272727272727;42,86863636363636
c_1685;44,76470588235294;15,88862745098039
c_1686;50,57377049180328;15,036065573770491
c_1687;59,83673469387755;14,947551020408163
c_1688;40,61538461538461;13,858
c_1689;24,529411764705884;65,05
c_169;42,666666666666664;13,237083333333334
c_1690;66,62962962962963;18,87962962962963
c_1691;39,354166666666664;14,455208333333333
c_1692;17,29032258064516;22,208064516129035
c_1693;33,60526315789474;14,51736842105263
c_1694;43,848101265822784;14,44493670886076
c_1695;57,58870967741935;19,966129032258063
c_1696;34,64625850340136;11,223605442176872
c_1697;69,91428571428571;15,764857142857142
c_1698;65,78301886792453;15,549056603773586
c_1699;37,46666666666667;12,706666666666667
c_17;45,628571428571426;11,260857142857143
c_170;35,785714285714285;13,139642857142857
c_1700;32,56818181818182;17,193863636363634
c_1701;40,63945578231292;12,668231292517007
c_1702;27,956521739130434;32,737391304347824
c_1703;33,61216730038023;13,530570342205323
c_1704;61,851063829787236;15,314680851063828
c_1705;74,76315789473684;17,27578947368421
c_1706;67,47619047619048;14,349047619047619
c_1707;25,483870967741936;38,22387096774193
c_1708;46,72265625;13,5713671875
c_1709;54,627906976744185;14,539069767441859
c_171;56,857142857142854;18,294761904761906
c_1710;29,77777777777778;43,273333333333326
c_1711;53,85;16,692500000000003
c_1712;54,698113207547166;18,397358490566038
c_1713;40,73076923076923;12,528153846153847
c_1714;31,594594594594593;13,405837837837838
c_1715;21,633333333333333;36,245999999999995
c_1716;44,69879518072289;13,17120481927711
c_1717;34,666666666666664;10,721619047619047
c_1718;48,71497584541063;12,643768115942027
c_1719;50,729729729729726;13,778108108108107
c_172;59,542857142857144;19,379
c_1720;25,166666666666668;21,296666666666667
c_1721;52,56;20,9392
c_1722;57,72222222222222;16,44388888888889
c_1723;71,6875;17,969375
c_1724;36,683397683397686;13,312316602316601
c_1725;37,59504132231405;11,827438016528925
c_1726;56,91304347826087;18,40826086956522
c_1727;50,833333333333336;16,24888888888889
c_1728;46,669642857142854;12,049464285714285
c_1729;51,588235294117645;12,820882352941176
c_173;64,0;23,99
c_1730;55,61904761904762;14,730952380952383
c_1731;47,42307692307692;11,202307692307691
c_1732;68,57575757575758;16,247575757575756
c_1733;73,33333333333333;17,49833333333333
c_1734;41,62626262626262;13,464747474747474
c_1735;68,69767441860465;16,908837209302327
c_1736;55,529411764705884;26,207941176470587
c_1737;48,7029702970297;11,915940594059405
c_1738;24,555555555555557;38,971111111111114
c_1739;57,61818181818182;15,858090909090908
c_174;30,541666666666668;13,22375
c_1740;53,63157894736842;13,635
c_1741;54,7027027027027;15,22054054054054
c_1742;66,5;17,273333333333333
c_1743;51,66326530612245;16,406224489795918
c_1744;34,70061728395062;12,88570987654321
c_1745;19,666666666666668;84,26083333333334
c_1746;27,51063829787234;32,54872340425532
c_1747;33,69364161849711;13,352658959537571
c_1748;50,721739130434784;17,01182608695652
c_1749;55,77777777777778;11,78111111111111
c_175;51,608695652173914;14,671521739130435
c_1750;55,6875;16,275
c_1751;20,70886075949367;37,67645569620253
c_1752;43,734693877551024;11,738639455782312
c_1753;27,555555555555557;44,708888888888886
c_1754;64,61842105263158;17,953552631578948
c_1755;67,8125;17,2659375
c_1756;42,618705035971225;13,022230215827337
c_1757;34,54385964912281;12,969999999999999
c_1758;34,679611650485434;12,239660194174757
c_1759;20,70175438596491;50,49526315789474
c_176;46,411764705882355;13,758529411764707
c_1760;35,72727272727273;11,056363636363637
c_1761;17,88;51,9856
c_1762;41,721311475409834;11,060327868852458
c_1763;29,76923076923077;33,066923076923075
c_1764;17,933333333333334;37,794333333333334
c_1765;41,67567567567568;17,3118018018018
c_1766;27,772727272727273;32,40590909090909
c_1767;38,73487031700288;12,91613832853026
c_1768;27,615384615384617;39,51076923076923
c_1769;25,846153846153847;37,457115384615385
c_177;49,2;12,622
c_1770;43,7032967032967;11,65824175824176
c_1771;59,0;12,92
c_1772;27,88888888888889;28,407777777777778
c_1773;26,56756756756757;19,38945945945946
c_1774;17,632653061224488;29,745102040816327
c_1775;50,68518518518518;16,90833333333333
c_1776;41,701298701298704;12,716233766233765
c_1777;73,66666666666667;15,803796296296296
c_1778;25,470588235294116;21,371176470588235
c_1779;26,682926829268293;41,340731707317076
c_178;71,72727272727273;16,504545454545454
c_1780;26,0;43,035
c_1781;18,76271186440678;61,19932203389831
c_1782;33,58801498127341;12,908764044943819
c_1783;41,388888888888886;14,934722222222222
c_1784;41,77292576419214;12,073973799126637
c_1785;36,66525423728814;13,406567796610169
c_1786;60,54545454545455;18,509545454545453
c_1787;67,65625;16,54875
c_1788;31,96511627906977;16,00197674418605
c_1789;49,69387755102041;12,396530612244897
c_179;39,67058823529412;13,609725490196078
c_1790;39,54455445544554;13,507326732673267
c_1791;42,64028776978417;10,696330935251797
c_1792;71,46666666666667;16,25173333333333
c_1793;22,692307692307693;31,123653846153847
c_1794;26,404255319148938;42,88148936170213
c_1795;24,4;61,164
c_1796;18,57894736842105;27,658684210526314
c_1797;42,53846153846154;20,125384615384615
c_1798;81,64044943820225;18,747078651685392
c_1799;52,76470588235294;16,727941176470587
c_18;33,74901960784314;12,681882352941177
c_180;59,25;11,145
c_1800;69,79310344827586;15,453103448275861
c_1801;60,642857142857146;16,312539682539683
c_1802;68,75384615384615;14,306153846153846
c_1803;35,734939759036145;12,386385542168673
c_1804;53,69230769230769;16,576923076923077
c_1805;26,532258064516128;50,93967741935484
c_1806;63,83870967741935;14,737096774193548
c_1807;28,666666666666668;12,815
c_1808;17,571428571428573;41,80428571428571
c_1809;21,694915254237287;26,424406779661016
c_181;79,72727272727273;13,312727272727273
c_1810;25,789473684210527;26,395263157894735
c_1811;30,62406015037594;12,343383458646617
c_1812;39,61538461538461;15,083846153846155
c_1813;50,733333333333334;18,86733333333333
c_1814;34,73913043478261;18,403478260869566
c_1815;62,69426751592356;16,869936305732484
c_1816;53,60294117647059;17,121176470588235
c_1817;64,72972972972973;14,672027027027028
c_1818;55,77358490566038;15,573962264150943
c_1819;53,74193548387097;19,088387096774195
c_182;37,727586206896554;12,421551724137931
c_1820;24,564102564102566;41,23205128205128
c_1821;19,0;42,75952380952381
c_1822;47,63953488372093;11,896162790697673
c_1823;19,756410256410255;58,44
c_1824;65,375;15,0475
c_1825;36,34375;12,159375
c_1826;56,55555555555556;12,379259259259259
c_1827;25,875;65,2375
c_1828;17,0;46,83
c_1829;87,73684210526316;14,048947368421054
c_183;74,8082191780822;14,740821917808217
c_1830;51,84615384615385;13,473076923076924
c_1831;22,727272727272727;36,28818181818182
c_1832;32,68281938325991;13,445022026431719
c_1833;19,571428571428573;10,378571428571428
c_1834;24,611940298507463;43,8276119402985
c_1835;21,446428571428573;24,989821428571428
c_1836;68,86486486486487;15,186216216216216
c_1837;67,6;20,215
c_1838;44,67527675276753;12,201365313653136
c_1839;21,945454545454545;26,666636363636364
c_184;17,857142857142858;40,50742857142857
c_1840;33,421052631578945;11,192236842105263
c_1841;82,14285714285714;18,889285714285712
c_1842;69,8048780487805;15,599268292682929
c_1843;26,71875;45,998124999999995
c_1844;41,815384615384616;15,599538461538462
c_1845;29,79245283018868;16,38
c_1846;34,725190839694655;13,402748091603053
c_1847;48,7887323943662;12,162112676056339
c_1848;20,645833333333332;31,550625
c_1849;53,43333333333333;15,258666666666667
c_185;17,943396226415093;27,865283018867927
c_1850;38,53103448275862;12,380620689655172
c_1851;53,905660377358494;15,743773584905659
c_1852;17,813953488372093;57,402093023255816
c_1853;33,80952380952381;14,165714285714285
c_1854;62,69047619047619;15,952857142857143
c_1855;34,69402985074627;13,62276119402985
c_1856;45,69642857142857;11,300714285714287
c_1857;31,638418079096045;12,835141242937855
c_1858;48,75833333333333;13,333333333333334
c_1859;18,72;45,278800000000004
c_186;71,74358974358974;16,967820512820513
c_1860;59,75;18,592499999999998
c_1861;27,363636363636363;20,026363636363637
c_1862;20,548387096774192;41,26741935483871
c_1863;40,829268292682926;13,947926829268292
c_1864;29,944444444444443;34,096111111111114
c_1865;27,745454545454546;65,65018181818182
c_1866;28,5;17,99
c_1867;60,5;12,598
c_1868;26,857142857142858;129,69571428571427
c_1869;36,68361581920904;13,050677966101693
c_187;46,64795918367347;14,050561224489796
c_1870;38,611111111111114;14,549444444444443
c_1871;26,716666666666665;50,239333333333335
c_1872;54,83720930232558;15,71139534883721
c_1873;18,944444444444443;40,02
c_1874;25,612903225806452;26,616451612903226
c_1875;26,583333333333332;28,324166666666667
c_1876;38,71348314606742;13,962415730337078
c_1877;65,70422535211267;15,764366197183099
c_1878;53,57142857142857;26,83285714285714
c_1879;48,53125;10,7959375
c_188;54,6551724137931;18,15241379310345
c_1880;55,8;17,1484
c_1881;56,69444444444444;16,663333333333334
c_1882;38,613138686131386;13,155620437956204
c_1883;79,69090909090909;15,224181818181817
c_1884;65,6086956521739;18,870434782608694
c_1885;67,68656716417911;19,0055223880597
c_1886;75,69047619047619;12,326190476190478
c_1887;33,86607142857143;13,358035714285714
c_1888;74,73333333333333;14,423
c_1889;23,833333333333332;52,82533333333333
c_189;47,707317073170735;16,339024390243903
c_1890;57,751773049645394;16,63127659574468
c_1891;48,48351648351648;12,231428571428571
c_1892;47,58064516129032;11,62683870967742
c_1893;44,789940828402365;13,387781065088756
c_1894;55,69565217391305;14,478695652173913
c_1895;22,625;84,36999999999999
c_1896;24,555555555555557;19,467407407407407
c_1897;17,783333333333335;16,687666666666665
c_1898;65,53086419753086;15,734444444444444
c_1899;30,583783783783783;13,101999999999999
c_19;53,69662921348315;18,089887640449437
c_190;78,7;18,101
c_1900;38,624161073825505;15,07778523489933
c_1901;17,454545454545453;30,05545454545455
c_1902;51,6;17,14509090909091
c_1903;17,857142857142858;34,374761904761904
c_1904;66,78947368421052;15,341578947368422
c_1905;54,57831325301205;20,176506024096383
c_1906;17,916666666666668;48,656666666666666
c_1907;26,596774193548388;37,872096774193544
c_1908;50,0;14,056666666666667
c_1909;22,0;44,656666666666666
c_191;57,733333333333334;6,176
c_1910;20,88888888888889;32,90555555555555
c_1911;52,36363636363637;20,974545454545453
c_1912;18,571428571428573;44,26904761904762
c_1913;79,78888888888889;15,105222222222222
c_1914;46,62091503267974;11,353725490196078
c_1915;58,71153846153846;14,204230769230769
c_1916;33,61038961038961;13,724285714285713
c_1917;63,507462686567166;16,405223880597013
c_1918;45,58518518518518;13,169703703703703
c_1919;41,62162162162162;15,72864864864865
c_192;18,846153846153847;44,26615384615384
c_1920;39,72549019607843;12,102549019607844
c_1921;36,5;14,651250000000001
c_1922;32,90909090909091;15,862272727272726
c_1923;42,625;12,328695652173913
c_1924;67,86206896551724;20,73741379310345
c_1925;56,65034965034965;17,20111888111888
c_1926;18,615384615384617;32,44423076923077
c_1927;86,6896551724138;15,245172413793101
c_1928;21,6;18,534666666666666
c_1929;29,48936170212766;61,62021276595745
c_193;42,63716814159292;15,19787610619469
c_1930;40,65079365079365;10,55015873015873
c_1931;38,583333333333336;14,555625
c_1932;25,833333333333332;22,656666666666666
c_1933;36,54945054945055;12,613516483516483
c_1934;17,390625;40,74828125
c_1935;47,50769230769231;13,183692307692308
c_1936;59,77777777777778;18,16222222222222
c_1937;41,666666666666664;14,108666666666666
c_1938;42,64855072463768;15,129420289855073
c_1939;46,692640692640694;14,925887445887446
c_194;56,5;50,513999999999996
c_1940;35,607142857142854;14,055000000000001
c_1941;56,57142857142857;15,775873015873016
c_1942;34,747126436781606;13,661666666666667
c_1943;17,696428571428573;41,68767857142857
c_1944;64,70370370370371;18,794814814814814
c_1945;50,61538461538461;24,3025641025641
c_1946;57,72727272727273;24,074242424242424
c_1947;38,66386554621849;14,4009243697479
c_1948;17,666666666666668;57,41649122807017
c_1949;18,603448275862068;47,56327586206897
c_195;64,73809523809524;17,908650793650793
c_1950;53,525;16,20425
c_1951;39,847457627118644;12,646101694915254
c_1952;39,845360824742265;12,150721649484534
c_1953;57,578125;17,755
c_1954;31,452830188679247;12,281698113207547
c_1955;55,76;17,344720000000002
c_1956;77,375;15,40125
c_1957;26,727272727272727;30,55545454545455
c_1958;38,629629629629626;12,854259259259258
c_1959;32,7;13,113315789473683
c_196;60,6;20,421636363636363
c_1960;61,79545454545455;15,42818181818182
c_1961;36,56923076923077;12,79876923076923
c_1962;19,725490196078432;58,40098039215686
c_1963;31,687074829931973;14,133061224489795
c_1964;52,75;13,91125
c_1965;54,77142857142857;14,24457142857143
c_1966;72,6029411764706;15,018088235294117
c_1967;18,454545454545453;17,070909090909087
c_1968;24,862068965517242;28,802931034482757
c_1969;29,666666666666668;47,15266666666666
c_197;41,6937984496124;13,482945736434107
c_1970;19,666666666666668;14,450000000000001
c_1971;21,681159420289855;36,852753623188406
c_1972;18,814814814814813;56,73925925925926
c_1973;24,8;70,59533333333334
c_1974;59,95;16,4435
c_1975;70,67241379310344;16,88948275862069
c_1976;33,73809523809524;16,872142857142858
c_1977;44,5875;14,57175
c_1978;22,6;84,696
c_1979;20,9375;49,773125
c_198;32,25;15,775833333333333
c_1980;23,75;36,30777777777777
c_1981;50,75;13,42125
c_1982;72,60975609756098;13,59170731707317
c_1983;49,81188118811881;15,554257425742575
c_1984;25,5;47,55291666666667
c_1985;22,71794871794872;16,34051282051282
c_1986;37,73809523809524;11,425714285714285
c_1987;49,60769230769231;12,666769230769232
c_1988;44,77777777777778;11,801666666666668
c_1989;73,88372093023256;17,61232558139535
c_199;24,55;36,66
c_1990;69,61111111111111;13,866388888888888
c_1991;31,64814814814815;13,846388888888889
c_1992;65,0;26,49
c_1993;39,86585365853659;12,622560975609755
c_1994;31,625698324022345;13,322569832402234
c_1995;43,754901960784316;12,201470588235294
c_1996;36,71806167400881;13,797224669603523
c_1997;60,666666666666664;18,096666666666668
c_1998;26,833333333333332;35,736111111111114
c_1999;81,86666666666666;17,303333333333335
c_2;45,65405405405406;12,195945945945946
c_20;27,35;22,942500000000003
c_200;79,69444444444444;14,767777777777777
c_2000;57,75609756097561;16,274390243902438
c_2001;69,44827586206897;18,11241379310345
c_2002;81,63333333333334;15,831833333333332
c_2003;48,47826086956522;17,222608695652173
c_2004;19,675675675675677;63,01189189189189
c_2005;32,532467532467535;13,426363636363636
c_2006;34,58064516129032;13,813870967741936
c_2007;17,785714285714285;37,52952380952381
c_2008;76,56666666666666;18,509666666666664
c_2009;27,705882352941178;59,50254901960785
c_201;22,875;44,94125
c_2010;46,65765765765766;14,248558558558559
c_2011;56,7;16,817875
c_2012;22,77777777777778;41,577777777777776
c_2013;54,629629629629626;14,843703703703703
c_2014;33,682432432432435;16,082635135135135
c_2015;61,640776699029125;17,17145631067961
c_2016;65,66666666666667;13,272222222222222
c_2017;55,73684210526316;18,83342105263158
c_2018;29,6;75,292
c_2019;26,796296296296298;29,953888888888887
c_202;51,0;17,216
c_2020;48,673611111111114;13,394548611111112
c_2021;37,64069264069264;11,712727272727273
c_2022;51,55172413793103;18,690689655172413
c_2023;17,4375;51,200625
c_2024;27,833333333333332;21,305
c_2025;26,6;24,500545454545453
c_2026;17,727272727272727;26,313636363636363
c_2027;21,5;32,156470588235294
c_2028;43,63953488372093;13,565232558139535
c_2029;45,440677966101696;13,711694915254238
c_203;56,75247524752475;16,100594059405942
c_2030;61,8;14,666999999999998
c_2031;42,67137809187279;13,304416961130743
c_2032;33,696969696969695;12,275757575757575
c_2033;65,69135802469135;15,519382716049382
c_2034;82,25;22,825
c_2035;45,483870967741936;12,208709677419355
c_2036;75,78703703703704;14,937314814814815
c_2037;50,42857142857143;18,337857142857143
c_2038;32,714285714285715;17,532857142857143
c_2039;39,67834394904459;12,508025477707006
c_204;37,72527472527472;12,114505494505496
c_2040;59,708333333333336;12,600416666666668
c_2041;46,89473684210526;11,205263157894738
c_2042;24,70967741935484;22,043548387096774
c_2043;63,7;13,972999999999999
c_2044;69,7128712871287;18,77970297029703
c_2045;55,57142857142857;19,169183673469387
c_2046;52,707317073170735;16,41170731707317
c_2047;38,578947368421055;12,124661654135338
c_2048;34,603896103896105;13,740584415584417
c_2049;17,333333333333332;34,632
c_205;47,57446808510638;13,305744680851063
c_2050;51,625;13,5221875
c_2051;17,714285714285715;65,84928571428571
c_2052;39,73076923076923;13,813461538461539
c_2053;17,6;36,18899999999999
c_2054;31,545454545454547;13,28651515151515
c_2055;71,69369369369369;17,048828828828828
c_2056;51,675;16,32925
c_2057;25,88235294117647;64,37823529411764
c_2058;33,63690476190476;10,622083333333332
c_2059;29,782608695652176;11,722608695652173
c_206;32,739495798319325;11,314537815126052
c_2060;55,5945945945946;14,962432432432433
c_2061;29,414634146341463;23,402439024390244
c_2062;44,7;13,250285714285715
c_2063;41,48936170212766;12,554680851063829
c_2064;75,675;13,724
c_2065;30,641025641025642;13,45025641025641
c_2066;34,5875;12,13175
c_2067;43,75471698113208;12,198584905660377
c_2068;44,68141592920354;15,994513274336285
c_2069;35,516129032258064;14,183467741935484
c_207;30,0;17,490000000000002
c_2070;18,796296296296298;30,71666666666667
c_2071;31,679012345679013;14,525679012345678
c_2072;62,775510204081634;20,012244897959185
c_2073;73,62626262626263;15,298989898989898
c_2074;27,90625;27,6603125
c_2075;33,51923076923077;12,924807692307693
c_2076;42,67719298245614;13,402526315789473
c_2077;37,739583333333336;12,543697916666666
c_2078;27,636363636363637;47,35363636363637
c_2079;62,60377358490566;16,781698113207547
c_208;17,954545454545453;25,66090909090909
c_2080;17,771428571428572;53,55171428571428
c_2081;55,470588235294116;15,338235294117647
c_2082;18,4375;26,754375
c_2083;87,51428571428572;18,683142857142855
c_2084;49,625;14,650661764705882
c_2085;18,8;60,088
c_2086;38,73134328358209;12,245746268656717
c_2087;35,72727272727273;11,683409090909091
c_2088;63,61194029850746;16,56089552238806
c_2089;21,666666666666668;29,773999999999997
c_209;49,6625;12,572416666666667
c_2090;17,857142857142858;35,370285714285714
c_2091;55,72857142857143;17,731142857142856
c_2092;38,62589928057554;12,30841726618705
c_2093;36,73451327433628;13,284690265486727
c_2094;34,61538461538461;13,745000000000001
c_2095;46,70967741935484;14,84290322580645
c_2096;67,63888888888889;14,023333333333333
c_2097;23,625;49,17
c_2098;57,693693693693696;15,283063063063064
c_2099;57,7;17,967
c_21;64,578125;18,07859375
c_210;50,2;11,208
c_2100;30,75;14,842941176470587
c_2101;33,680851063829785;15,644361702127659
c_2102;60,653333333333336;18,3084
c_2103;48,66834170854271;12,170804020100501
c_2104;18,25;35,96
c_2105;70,33333333333333;28,22888888888889
c_2106;50,73529411764706;15,263823529411766
c_2107;58,76923076923077;16,679230769230767
c_2108;37,32432432432432;11,57972972972973
c_2109;66,86666666666666;15,053333333333333
c_211;30,8;16,173199999999998
c_2110;52,63636363636363;16,817636363636364
c_2111;62,723684210526315;15,68013157894737
c_2112;26,346153846153847;26,058846153846154
c_2113;30,714285714285715;12,801666666666666
c_2114;65,6;16,207
c_2115;46,71604938271605;13,950246913580248
c_2116;53,65384615384615;15,94
c_2117;33,78260869565217;13,127971014492754
c_2118;31,70618556701031;13,113453608247422
c_2119;78,70270270270271;17,865135135135134
c_212;33,644295302013425;15,041812080536912
c_2120;20,285714285714285;41,901428571428575
c_2121;38,56603773584906;16,305283018867925
c_2122;50,59139784946237;16,518064516129034
c_2123;23,714285714285715;33,03857142857143
c_2124;83,31818181818181;17,62272727272727
c_2125;58,52;13,6724
c_2126;17,571428571428573;29,71142857142857
c_2127;61,32;12,7024
c_2128;44,214285714285715;14,122142857142858
c_2129;34,5625;12,5296875
c_213;30,59683794466403;12,547391304347824
c_2130;35,62068965517241;12,717356321839079
c_2131;47,578947368421055;11,247263157894738
c_2132;17,918367346938776;37,440612244897956
c_2133;48,38709677419355;14,958709677419353
c_2134;20,6;81,58133333333333
c_2135;27,5;17,784375
c_2136;31,75;14,724423076923076
c_2137;48,721774193548384;12,361612903225806
c_2138;23,537037037037038;18,422777777777778
c_2139;28,529411764705884;54,03019607843137
c_214;61,77272727272727;19,516363636363636
c_2140;44,656716417910445;12,957263681592039
c_2141;40,65979381443299;12,627731958762885
c_2142;31,764478764478763;12,663397683397685
c_2143;61,45454545454545;16,39727272727273
c_2144;89,98039215686275;15,395882352941175
c_2145;36,666666666666664;12,21982456140351
c_2146;51,54838709677419;17,041451612903224
c_2147;45,61395348837209;13,563302325581397
c_2148;61,63636363636363;18,78409090909091
c_2149;31,759493670886076;15,072911392405063
c_215;66,70238095238095;18,697440476190476
c_2150;37,0;15,815555555555555
c_2151;21,64516129032258;53,49548387096774
c_2152;78,75;18,12
c_2153;43,610236220472444;13,176141732283464
c_2154;80,51428571428572;14,338285714285714
c_2155;63,608333333333334;16,81875
c_2156;43,737226277372265;12,752153284671534
c_2157;50,68055555555556;17,304861111111112
c_2158;28,746987951807228;41,39192771084337
c_2159;51,67256637168141;17,681858407079645
c_216;26,65625;32,29625
c_2160;63,94117647058823;15,505882352941178
c_2161;57,656716417910445;17,309253731343283
c_2162;32,375;12,3175
c_2163;59,6605504587156;18,821376146788992
c_2164;49,483870967741936;13,876774193548387
c_2165;60,7906976744186;19,30453488372093
c_2166;57,6;13,121666666666666
c_2167;61,645161290322584;14,495806451612903
c_2168;35,970588235294116;12,892647058823528
c_2169;18,5;38,54
c_217;26,666666666666668;78,67647058823529
c_2170;78,75;26,37
c_2171;53,73529411764706;16,895588235294117
c_2172;18,0;40,698
c_2173;65,22222222222223;29,526666666666667
c_2174;52,666666666666664;15,432592592592593
c_2175;19,133333333333333;28,686
c_2176;38,785714285714285;13,958571428571428
c_2177;48,857142857142854;13,914571428571428
c_2178;53,476190476190474;12,527619047619046
c_2179;79,75510204081633;16,142448979591837
c_218;59,55;17,4495
c_2180;35,61363636363637;11,656287878787879
c_2181;29,428571428571427;52,42714285714286
c_2182;29,73076923076923;46,076153846153844
c_2183;57,526315789473685;15,329999999999998
c_2184;50,80952380952381;12,554761904761904
c_2185;53,49230769230769;18,36953846153846
c_2186;54,5;15,630263157894738
c_2187;40,68376068376068;16,465982905982905
c_2188;35,63636363636363;13,635584415584416
c_2189;38,58490566037736;12,168301886792452
c_219;48,73118279569893;12,987311827956988
c_2190;46,82051282051282;13,617820512820513
c_2191;49,645161290322584;12,346774193548388
c_2192;65,76190476190476;15,966984126984126
c_2193;57,67307692307692;15,945961538461537
c_2194;70,8157894736842;18,87157894736842
c_2195;45,58064516129032;13,258629032258064
c_2196;32,68292682926829;16,061951219512196
c_2197;22,608695652173914;23,135652173913044
c_2198;41,67372881355932;13,630381355932203
c_2199;23,625;44,78035714285714
c_22;28,714285714285715;29,03
c_220;61,57333333333333;15,148266666666665
c_2200;47,616279069767444;10,539186046511627
c_2201;29,54901960784314;32,758039215686274
c_2202;17,6;36,636
c_2203;24,625;50,054500000000004
c_2204;46,51136363636363;13,194431818181817
c_2205;64,72727272727273;18,030454545454546
c_2206;42,38461538461539;12,173846153846153
c_2207;51,60606060606061;18,88969696969697
c_2208;61,734693877551024;15,111632653061225
c_2209;48,72043010752688;14,830430107526881
c_221;73,49122807017544;17,52385964912281
c_2210;34,578125;15,0084375
c_2211;22,529411764705884;37,72941176470588
c_2212;21,7027027027027;62,751351351351346
c_2213;39,73170731707317;12,518455284552845
c_2214;28,555555555555557;59,735
c_2215;82,53488372093024;17,92139534883721
c_2216;30,686046511627907;15,593488372093022
c_2217;56,55555555555556;15,434603174603174
c_2218;51,824858757062145;17,84960451977401
c_2219;21,764705882352942;62,56823529411765
c_222;30,72222222222222;16,50351851851852
c_2220;31,654605263157894;13,833717105263156
c_2221;24,59090909090909;65,93045454545455
c_2222;23,615384615384617;56,63230769230769
c_2223;53,0;27,571578947368423
c_2224;49,58620689655172;12,867701149425287
c_2225;72,76;17,3572
c_2226;52,5;13,11
c_2227;35,58974358974359;13,061068376068375
c_2228;18,75;25,044999999999998
c_2229;50,583333333333336;17,714166666666667
c_223;53,54545454545455;18,614545454545453
c_2230;34,711934156378604;11,993292181069958
c_2231;41,64069264069264;13,432424242424242
c_2232;45,52482269503546;11,413262411347517
c_2233;35,42857142857143;10,956428571428571
c_2234;20,819148936170212;40,0268085106383
c_2235;48,751479289940825;12,627159763313609
c_2236;42,74603174603175;13,589365079365079
c_2237;40,516129032258064;12,804193548387097
c_2238;51,693333333333335;17,103866666666665
c_2239;32,628571428571426;14,804285714285713
c_224;26,0;30,990000000000002
c_2240;76,63358778625954;18,358015267175574
c_2241;59,75;18,152638888888887
c_2242;30,71698113207547;13,807849056603773
c_2243;63,6;14,537166666666668
c_2244;84,63636363636364;20,265151515151516
c_2245;45,509803921568626;13,857450980392157
c_2246;17,848484848484848;35,43954545454545
c_2247;34,73076923076923;14,539615384615384
c_2248;52,71212121212121;15,332272727272727
c_2249;21,25;35,0625
c_225;21,630434782608695;29,925434782608693
c_2250;37,61764705882353;13,54686274509804
c_2251;53,63157894736842;11,747894736842106
c_2252;18,5625;47,25375
c_2253;54,71212121212121;16,674242424242426
c_2254;23,458333333333332;29,547916666666666
c_2255;51,64912280701754;13,338070175438595
c_2256;30,526315789473685;7,879473684210526
c_2257;46,602739726027394;11,298493150684932
c_2258;17,717391304347824;50,044130434782616
c_2259;33,60576923076923;12,834807692307692
c_226;37,67383512544803;12,70415770609319
c_2260;31,714285714285715;15,731071428571427
c_2261;41,52272727272727;13,847499999999998
c_2262;45,765957446808514;11,496276595744682
c_2263;71,29411764705883;14,368823529411763
c_2264;25,64814814814815;62,50296296296296
c_2265;53,73134328358209;16,275024875621888
c_2266;34,68478260869565;12,98054347826087
c_2267;44,598765432098766;13,874444444444444
c_2268;64,92;17,7308
c_2269;24,0;16,183333333333334
c_227;23,41176470588235;54,27294117647059
c_2270;44,69465648854962;13,181984732824427
c_2271;38,80555555555556;17,223055555555554
c_2272;18,62857142857143;27,630571428571425
c_2273;34,791666666666664;18,66638888888889
c_2274;77,52631578947368;14,862631578947367
c_2275;44,611111111111114;11,833888888888888
c_2276;43,68544600938967;12,42962441314554
c_2277;36,73529411764706;11,854558823529413
c_2278;41,71739130434783;12,538260869565217
c_2279;63,76635514018692;16,326822429906542
c_228;52,80152671755725;19,389465648854962
c_2280;29,655172413793103;68,45137931034482
c_2281;35,69135802469136;11,236790123456789
c_2282;69,66666666666667;12,603703703703705
c_2283;45,4;15,322
c_2284;41,626168224299064;13,759408099688471
c_2285;44,75555555555555;16,055555555555557
c_2286;43,78313253012048;12,74144578313253
c_2287;54,529411764705884;15,754117647058823
c_2288;42,73;12,5746
c_2289;54,7007299270073;15,499124087591241
c_229;34,56842105263158;14,835157894736842
c_2290;23,0;44,989999999999995
c_2291;31,649484536082475;12,221134020618557
c_2292;83,6896551724138;17,1883908045977
c_2293;21,775;18,73875
c_2294;48,598290598290596;13,206239316239316
c_2295;28,627906976744185;33,60720930232558
c_2296;34,61363636363637;14,341136363636364
c_2297;39,833333333333336;13,527916666666666
c_2298;49,72390572390572;12,349090909090908
c_2299;66,671875;18,9334375
c_23;24,63157894736842;56,823684210526324
c_230;24,416666666666668;43,9675
c_2300;38,641975308641975;12,070370370370371
c_2301;46,575;15,17475
c_2302;29,571428571428573;67,52428571428571
c_2303;40,62162162162162;15,148108108108108
c_2304;24,823529411764707;48,13117647058824
c_2305;42,666666666666664;12,710676328502416
c_2306;59,266666666666666;21,003333333333334
c_2307;47,59574468085106;14,812340425531914
c_2308;37,644128113879006;13,270604982206406
c_2309;17,666666666666668;43,7721568627451
c_231;59,724137931034484;14,780344827586207
c_2310;56,700934579439256;15,787383177570094
c_2311;69,5909090909091;14,77727272727273
c_2312;36,63870967741936;13,72458064516129
c_2313;26,742424242424242;56,24181818181818
c_2314;46,73076923076923;13,772596153846154
c_2315;67,6;17,16
c_2316;19,46153846153846;37,21076923076923
c_2317;49,693548387096776;11,906290322580643
c_2318;63,509433962264154;14,292641509433961
c_2319;17,652173913043477;39,123260869565215
c_232;74,625;15,514687499999999
c_2320;35,61486486486486;14,970067567567568
c_2321;55,642105263157895;17,789157894736842
c_2322;54,516129032258064;22,041290322580643
c_2323;32,4375;13,61125
c_2324;55,63855421686747;26,14686746987952
c_2325;40,6530612244898;14,743673469387755
c_2326;45,59016393442623;10,960819672131148
c_2327;67,36363636363636;18,94
c_2328;50,80263157894737;12,670526315789473
c_2329;25,76;81,3312
c_233;17,66176470588235;26,160882352941172
c_2330;42,56962025316456;13,148354430379747
c_2331;67,70370370370371;13,892962962962963
c_2332;45,675;13,907333333333332
c_2333;44,76;11,3964
c_2334;54,5921052631579;15,797894736842103
c_2335;25,75;22,72730769230769
c_2336;41,61607142857143;11,76142857142857
c_2337;71,76190476190476;12,365714285714287
c_2338;19,75;71,9795
c_2339;44,7563025210084;14,687058823529412
c_234;82,57142857142857;11,165357142857143
c_2340;79,71544715447155;16,301463414634146
c_2341;22,295454545454547;24,024772727272726
c_2342;37,666666666666664;11,551666666666668
c_2343;31,8;13,380285714285714
c_2344;51,6219512195122;17,98341463414634
c_2345;40,53448275862069;25,62
c_2346;67,6218487394958;16,052268907563025
c_2347;41,68539325842696;11,417640449438203
c_2348;47,61333333333334;17,602800000000002
c_2349;35,714285714285715;11,19
c_235;64,80851063829788;15,91127659574468
c_2350;26,59259259259259;60,83481481481481
c_2351;42,57142857142857;12,601714285714287
c_2352;83,51351351351352;14,76027027027027
c_2353;50,674418604651166;13,402558139534882
c_2354;45,583333333333336;13,551519607843137
c_2355;56,36363636363637;17,247272727272726
c_2356;46,72;15,453999999999999
c_2357;29,649122807017545;27,581754385964913
c_2358;71,6103896103896;17,044415584415585
c_2359;24,685714285714287;20,96142857142857
c_236;44,54761904761905;11,48047619047619
c_2360;28,857142857142858;71,23642857142856
c_2361;37,65217391304348;13,018695652173914
c_2362;47,721311475409834;18,36
c_2363;68,63636363636364;7,137272727272728
c_2364;21,786324786324787;34,42452991452991
c_2365;23,875;50,2675
c_2366;64,73170731707317;24,078780487804877
c_2367;56,84782608695652;17,746739130434783
c_2368;43,785714285714285;15,332619047619048
c_2369;22,857142857142858;148,24142857142857
c_237;61,675213675213676;22,588974358974358
c_2370;36,6978021978022;12,257912087912088
c_2371;24,57894736842105;17,32315789473684
c_2372;23,678571428571427;51,549642857142864
c_2373;44,78481012658228;14,517341772151898
c_2374;66,79310344827586;16,7448275862069
c_2375;47,628691983122366;14,28603375527426
c_2376;44,608108108108105;12,403783783783783
c_2377;84,62068965517241;15,603333333333333
c_2378;22,46153846153846;49,82307692307692
c_2379;48,784946236559136;14,412150537634409
c_238;32,69767441860465;15,49546511627907
c_2380;30,63843648208469;13,020781758957655
c_2381;41,7536231884058;14,824347826086957
c_2382;49,64705882352941;11,076764705882354
c_2383;21,75;28,69125
c_2384;23,666666666666668;46,776666666666664
c_2385;57,666666666666664;16,544666666666664
c_2386;49,9009900990099;12,68059405940594
c_2387;49,57990867579909;11,183242009132421
c_2388;32,596774193548384;13,129596774193548
c_2389;30,605263157894736;16,08
c_239;48,793103448275865;14,45648275862069
c_2390;51,666666666666664;24,814
c_2391;19,65;64,4605
c_2392;25,5;22,109074074074073
c_2393;53,52173913043478;12,68086956521739
c_2394;45,640243902439025;14,44018292682927
c_2395;19,634146341463413;20,748048780487803
c_2396;20,5;14,476666666666667
c_2397;33,791044776119406;12,928507462686568
c_2398;31,768421052631577;12,167368421052632
c_2399;48,747252747252745;13,794945054945053
c_24;49,68674698795181;13,596385542168674
c_240;23,0;11,06
c_2400;33,50847457627118;11,793389830508474
c_2401;57,6;15,320000000000002
c_2402;72,76470588235294;14,992156862745098
c_2403;66,67088607594937;15,194683544303798
c_2404;55,68181818181818;16,065454545454546
c_2405;49,641379310344824;13,428827586206896
c_2406;58,972972972972975;20,21054054054054
c_2407;73,86440677966101;14,307966101694914
c_2408;25,681818181818183;45,46590909090909
c_2409;43,548780487804876;13,359390243902439
c_241;41,76190476190476;13,01452380952381
c_2410;30,72159090909091;12,35539772727273
c_2411;76,5909090909091;16,58340909090909
c_2412;64,47272727272727;17,613818181818182
c_2413;22,57894736842105;30,313157894736843
c_2414;51,60377358490566;18,203773584905658
c_2415;26,75;26,770625
c_2416;73,64;17,3264
c_2417;51,46153846153846;15,084615384615384
c_2418;34,57831325301205;11,614036144578314
c_2419;32,8125;11,42125
c_242;41,627272727272725;12,155272727272727
c_2420;21,754716981132077;60,233773584905656
c_2421;76,61764705882354;19,075882352941175
c_2422;31,767045454545453;13,696022727272727
c_2423;26,653846153846153;25,150384615384613
c_2424;56,55555555555556;15,71388888888889
c_2425;61,76923076923077;15,078717948717948
c_2426;35,621212121212125;11,753636363636364
c_2427;31,61392405063291;12,083987341772152
c_2428;47,8041237113402;16,242268041237114
c_2429;39,65829145728643;11,891859296482412
c_243;31,6859756097561;13,41640243902439
c_2430;43,67741935483871;11,279354838709677
c_2431;44,5625;19,38
c_2432;46,60919540229885;11,800459770114944
c_2433;24,818181818181817;14,759999999999998
c_2434;33,45238095238095;12,181785714285715
c_2435;45,872727272727275;15,258000000000001
c_2436;53,75;19,05375
c_2437;84,64444444444445;18,654
c_2438;89,6470588235294;16,115882352941174
c_2439;43,42424242424242;11,243636363636364
c_244;52,81818181818182;20,349090909090908
c_2440;71,61111111111111;16,052555555555557
c_2441;54,73154362416108;16,461275167785235
c_2442;52,74193548387097;14,814408602150538
c_2443;20,75;57,50475
c_2444;25,3953488372093;36,61674418604651
c_2445;25,62962962962963;31,003333333333334
c_2446;33,81578947368421;13,259736842105264
c_2447;61,666666666666664;18,19904761904762
c_2448;43,708333333333336;12,118333333333332
c_2449;46,62719298245614;13,113903508771928
c_245;47,47540983606557;12,597704918032788
c_2450;45,625;18,12333333333333
c_2451;74,66412213740458;15,99824427480916
c_2452;72,71428571428571;16,145
c_2453;25,633333333333333;28,903666666666666
c_2454;51,5;18,772
c_2455;69,60344827586206;17,017241379310345
c_2456;70,70370370370371;16,12111111111111
c_2457;35,6875;11,80046875
c_2458;59,833333333333336;17,250555555555554
c_2459;17,789473684210527;27,581578947368417
c_246;56,68586387434555;15,122356020942409
c_2460;35,68613138686131;13,323138686131387
c_2461;27,58823529411765;53,40411764705882
c_2462;17,75609756097561;49,7809756097561
c_2463;45,80821917808219;10,666712328767122
c_2464;47,61434977578475;13,73730941704036
c_2465;29,545454545454547;22,39212121212121
c_2466;45,625;14,61375
c_2467;24,654545454545456;56,9990909090909
c_2468;42,50694444444444;10,759236111111111
c_2469;22,78181818181818;69,20018181818182
c_247;33,75647668393783;13,457098445595854
c_2470;67,4;22,945999999999998
c_2471;29,644444444444446;37,49688888888889
c_2472;33,75;13,32
c_2473;35,833333333333336;14,212592592592593
c_2474;33,75675675675676;12,263783783783783
c_2475;53,62337662337662;16,507792207792207
c_2476;47,484848484848484;20,758181818181818
c_2477;17,533333333333335;41,69266666666666
c_2478;41,6890243902439;13,460426829268291
c_2479;33,72727272727273;17,413636363636364
c_248;33,666666666666664;12,93712121212121
c_2480;45,608695652173914;12,330289855072463
c_2481;29,84313725490196;56,60882352941176
c_2482;30,55855855855856;12,642702702702701
c_2483;49,666666666666664;17,582666666666668
c_2484;58,71875;17,08109375
c_2485;78,82608695652173;16,67478260869565
c_2486;55,625;17,73875
c_2487;63,5;20,62666666666667
c_2488;71,7;16,4585
c_2489;55,54545454545455;13,82181818181818
c_249;59,666666666666664;18,276904761904763
c_2490;22,0;31,903333333333336
c_2491;26,75;41,82833333333333
c_2492;72,63636363636364;20,327272727272728
c_2493;23,816326530612244;39,61030612244898
c_2494;19,666666666666668;38,378571428571426
c_2495;64,5;12,3375
c_2496;63,8125;15,222083333333332
c_2497;19,285714285714285;30,104285714285712
c_2498;54,707692307692305;17,26923076923077
c_2499;17,789473684210527;40,94315789473684
c_25;54,666666666666664;14,718666666666667
c_250;28,651515151515152;33,80984848484848
c_2500;48,504672897196265;13,029719626168225
c_2501;63,483870967741936;16,773548387096774
c_2502;57,62068965517241;14,735172413793103
c_2503;28,736842105263158;45,7428947368421
c_2504;45,786407766990294;14,899708737864078
c_2505;39,7;13,695972222222222
c_2506;29,428571428571427;23,962142857142858
c_2507;40,65833333333333;12,515375
c_2508;28,714285714285715;21,49206349206349
c_2509;80,84615384615384;16,682307692307692
c_251;61,5531914893617;18,325531914893617
c_2510;52,77777777777778;14,041111111111112
c_2511;43,53086419753087;12,19827160493827
c_2512;45,72932330827068;10,617894736842105
c_2513;40,885714285714286;22,151142857142855
c_2514;85,83333333333333;17,200555555555557
c_2515;44,629629629629626;10,132962962962962
c_2516;19,666666666666668;44,61333333333334
c_2517;43,63157894736842;15,48
c_2518;43,607287449392715;12,482388663967612
c_2519;25,625;46,788125
c_252;48,89719626168224;17,779626168224297
c_2520;25,672727272727272;74,51254545454545
c_2521;26,515151515151516;37,058787878787875
c_2522;55,842592592592595;19,559074074074076
c_2523;27,5;61,865
c_2524;48,77300613496933;13,635766871165645
c_2525;39,615671641791046;14,300820895522387
c_2526;39,542857142857144;13,511785714285715
c_2527;28,833333333333332;65,839
c_2528;17,795454545454547;24,37681818181818
c_2529;66,86842105263158;15,125263157894736
c_253;17,75409836065574;28,767704918032784
c_2530;62,476190476190474;17,740952380952383
c_2531;20,894736842105264;35,489999999999995
c_2532;26,6;27,040000000000003
c_2533;49,611111111111114;13,52
c_2534;33,666666666666664;13,594
c_2535;18,68421052631579;49,594210526315784
c_2536;64,81818181818181;16,17
c_2537;54,42;14,0092
c_2538;48,60909090909091;12,768727272727274
c_2539;42,82258064516129;13,09016129032258
c_254;31,692857142857143;11,395321428571428
c_2540;17,462962962962962;39,79296296296297
c_2541;18,6;42,152
c_2542;84,75;16,457857142857144
c_2543;69,47169811320755;21,069433962264153
c_2544;17,0;71,69500000000001
c_2545;23,58823529411765;32,56823529411765
c_2546;23,636363636363637;39,25363636363637
c_2547;53,723076923076924;20,21630769230769
c_2548;27,615384615384617;67,58461538461539
c_2549;62,55;17,737000000000002
c_255;37,71255060728745;14,00995951417004
c_2550;38,625;13,744722222222222
c_2551;30,701612903225808;14,280806451612902
c_2552;46,458333333333336;14,934270833333334
c_2553;71,69767441860465;20,404418604651163
c_2554;46,57534246575342;11,315753424657533
c_2555;28,84375;48,7921875
c_2556;35,58986175115207;13,421612903225805
c_2557;41,71875;13,64265625
c_2558;48,69072164948454;14,084742268041238
c_2559;19,571428571428573;55,83047619047619
c_256;58,67479674796748;17,389756097560976
c_2560;46,44444444444444;10,54
c_2561;37,80434782608695;12,581521739130435
c_2562;21,9375;46,434374999999996
c_2563;46,583333333333336;14,061916666666667
c_2564;61,795918367346935;12,284897959183674
c_2565;61,806451612903224;20,289677419354838
c_2566;51,0;9,043333333333333
c_2567;84,54545454545455;16,78318181818182
c_2568;51,62162162162162;13,782702702702702
c_2569;35,63513513513514;12,371756756756756
c_257;25,84;28,496
c_2570;42,755102040816325;18,39938775510204
c_2571;61,7037037037037;16,066296296296294
c_2572;43,51724137931034;13,853908045977011
c_2573;47,5735294117647;13,946323529411766
c_2574;44,76428571428571;12,194142857142857
c_2575;19,91304347826087;47,63826086956522
c_2576;51,76190476190476;15,147380952380951
c_2577;75,8348623853211;17,62724770642202
c_2578;60,766666666666666;15,592666666666666
c_2579;39,65909090909091;12,85359090909091
c_258;62,9344262295082;16,86377049180328
c_2580;76,57894736842105;15,806842105263158
c_2581;47,43478260869565;10,978913043478261
c_2582;57,663716814159294;16,536637168141592
c_2583;59,604395604395606;15,64912087912088
c_2584;63,857142857142854;20,405
c_2585;32,680851063829785;13,600425531914894
c_2586;68,75333333333333;15,617466666666665
c_2587;66,78205128205128;22,286923076923074
c_2588;32,70422535211268;12,129154929577464
c_2589;17,72972972972973;49,519864864864864
c_259;86,36363636363636;20,687272727272727
c_2590;55,57446808510638;13,015744680851064
c_2591;19,428571428571427;58,382857142857134
c_2592;29,80392156862745;37,16196078431373
c_2593;23,658536585365855;64,68707317073171
c_2594;24,737704918032787;47,84377049180328
c_2595;47,6356783919598;12,46145728643216
c_2596;36,70238095238095;12,883035714285715
c_2597;18,794117647058822;65,01147058823528
c_2598;39,81333333333333;14,1628
c_2599;34,71875;11,53875
c_26;24,776119402985074;28,121940298507464
c_260;33,6890243902439;14,257256097560976
c_2600;41,95454545454545;12,663181818181819
c_2601;24,571428571428573;18,982857142857142
c_2602;41,75;14,7725
c_2603;54,70253164556962;18,769620253164558
c_2604;65,6390977443609;17,0793984962406
c_2605;56,56603773584906;16,087924528301887
c_2606;42,60909090909091;12,547454545454546
c_2607;17,653846153846153;59,058076923076925
c_2608;45,652542372881356;11,176101694915253
c_2609;18,828125;37,14546875
c_261;58,675;16,376416666666664
c_2610;39,67857142857143;13,905
c_2611;34,65217391304348;12,404652173913044
c_2612;26,714285714285715;81,97857142857141
c_2613;46,601036269430054;12,384974093264248
c_2614;72,8;16,599
c_2615;55,6551724137931;16,587241379310345
c_2616;45,65693430656934;12,67
c_2617;64,72916666666667;13,073958333333332
c_2618;35,6;10,5926
c_2619;53,96296296296296;23,135185185185183
c_262;17,653846153846153;34,974999999999994
c_2620;29,689655172413794;55,26620689655172
c_2621;57,61538461538461;13,649230769230769
c_2622;59,71111111111111;13,901555555555554
c_2623;70,86;15,3158
c_2624;36,64233576642336;12,988905109489052
c_2625;17,466666666666665;25,195333333333334
c_2626;45,4;15,468
c_2627;17,70873786407767;36,943689320388344
c_2628;56,666666666666664;17,130000000000003
c_2629;28,523809523809526;28,565238095238094
c_263;57,628865979381445;16,29701030927835
c_2630;70,74193548387096;15,19516129032258
c_2631;60,529411764705884;14,700588235294118
c_2632;45,6448087431694;13,7475956284153
c_2633;27,681818181818183;37,04590909090909
c_2634;29,0;49,99
c_2635;55,6271186440678;18,055423728813558
c_2636;73,92592592592592;17,799629629629628
c_2637;55,72435897435897;16,512435897435896
c_2638;50,68131868131868;16,36978021978022
c_2639;50,75471698113208;18,120188679245285
c_264;39,664;13,50592
c_2640;43,94117647058823;14,266764705882352
c_2641;52,57142857142857;14,464285714285714
c_2642;31,845070422535212;14,17887323943662
c_2643;18,545454545454547;30,199545454545454
c_2644;46,81683168316832;13,228118811881188
c_2645;32,53164556962025;11,54126582278481
c_2646;50,704918032786885;18,38213114754098
c_2647;60,6875;15,040625
c_2648;21,59090909090909;35,99227272727273
c_2649;55,0;13,6925
c_265;42,806451612903224;10,59483870967742
c_2650;71,69565217391305;14,202753623188405
c_2651;30,294117647058822;10,541764705882354
c_2652;51,596858638743456;17,10539267015707
c_2653;37,66129032258065;14,575
c_2654;27,510204081632654;19,28530612244898
c_2655;29,5;33,318125
c_2656;22,5;45,8155
c_2657;69,05263157894737;10,993157894736843
c_2658;17,526315789473685;28,60736842105263
c_2659;17,571428571428573;18,691142857142854
c_266;55,766666666666666;14,842999999999998
c_2660;20,636363636363637;66,83636363636364
c_2661;44,63636363636363;11,80151515151515
c_2662;61,833333333333336;14,831333333333333
c_2663;22,806451612903224;43,59774193548387
c_2664;24,82;27,968200000000003
c_2665;42,53125;15,0103125
c_2666;49,583333333333336;15,399166666666666
c_2667;39,597457627118644;13,489152542372882
c_2668;55,43478260869565;15,906086956521738
c_2669;61,84313725490196;18,85235294117647
c_267;48,739583333333336;11,257708333333333
c_2670;31,794117647058822;12,740294117647059
c_2671;35,596774193548384;13,266935483870967
c_2672;17,678571428571427;54,526428571428575
c_2673;37,80487804878049;12,334024390243902
c_2674;67,70370370370371;13,44074074074074
c_2675;56,71052631578947;16,408684210526314
c_2676;27,488372093023255;46,93604651162791
c_2677;45,64192139737991;12,145545851528384
c_2678;27,609756097560975;66,50926829268293
c_2679;33,74193548387097;12,92766129032258
c_268;35,4;12,54642857142857
c_2680;45,61748633879781;12,506994535519127
c_2681;49,92857142857143;13,659285714285714
c_2682;45,608695652173914;11,942826086956522
c_2683;61,62809917355372;16,534545454545455
c_2684;22,71875;47,45625
c_2685;19,5625;47,95
c_2686;24,73076923076923;53,405
c_2687;69,575;20,11475
c_2688;53,720338983050844;17,218050847457626
c_2689;51,75;18,143947368421053
c_269;25,676470588235293;73,74588235294118
c_2690;32,59090909090909;10,332727272727272
c_2691;33,7;15,18772727272727
c_2692;45,69892473118279;13,53204301075269
c_2693;83,75;18,703125
c_2694;39,618705035971225;14,260863309352517
c_2695;19,76923076923077;64,36423076923077
c_2696;43,888888888888886;18,100555555555555
c_2697;45,76923076923077;14,042153846153846
c_2698;58,765957446808514;14,284255319148937
c_2699;32,689320388349515;15,166990291262136
c_27;26,692307692307693;38,26538461538461
c_270;68,5909090909091;15,169545454545455
c_2700;18,875;21,03
c_2701;21,5;44,49
c_2702;21,571428571428573;38,07809523809524
c_2703;37,67298578199052;13,851184834123222
c_2704;52,6875;14,891015625
c_2705;42,75;14,349761904761905
c_2707;29,576923076923077;45,365
c_2708;70,25;25,555
c_2709;61,72222222222222;20,441944444444445
c_271;75,88888888888889;13,142777777777777
c_2710;36,63;14,1885
c_2711;38,6328125;15,313749999999999
c_2712;50,9;19,876
c_2713;51,71604938271605;17,296666666666667
c_2714;26,666666666666668;64,18249999999999
c_2715;24,818181818181817;72,44818181818182
c_2716;56,375;10,4075
c_2717;71,88888888888889;14,835925925925926
c_2718;71,60176991150442;19,478053097345132
c_2719;19,633333333333333;26,593666666666664
c_272;68,62;14,4256
c_2720;61,720338983050844;19,241610169491523
c_2721;44,65068493150685;12,833150684931505
c_2722;35,52777777777778;13,3975
c_2723;31,1;11,79
c_2724;43,535714285714285;14,121428571428572
c_2725;54,656716417910445;16,42582089552239
c_2726;34,666666666666664;12,445128205128205
c_2727;31,51063829787234;10,751489361702127
c_2728;42,75;15,303333333333333
c_2729;25,5;92,269
c_273;55,516129032258064;18,81838709677419
c_2730;55,833333333333336;9,975
c_2731;25,333333333333332;39,596666666666664
c_2732;57,6953642384106;16,185033112582783
c_2733;29,571428571428573;49,368775510204074
c_2734;19,45;51,2715
c_2735;28,78125;43,2778125
c_2736;65,70588235294117;20,851764705882353
c_2737;23,48;54,221199999999996
c_2738;49,655913978494624;12,998924731182797
c_2739;62,9;24,796
c_274;68,23076923076923;14,674615384615382
c_2740;50,54545454545455;19,684242424242424
c_2741;88,66129032258064;15,805
c_2742;29,857142857142858;29,42642857142857
c_2743;19,756756756756758;38,59513513513514
c_2744;26,871794871794872;19,560769230769232
c_2745;35,58050847457627;12,719703389830508
c_2746;26,697674418604652;45,68697674418605
c_2747;43,701550387596896;13,502170542635659
c_2748;44,725806451612904;11,703064516129032
c_2749;41,638297872340424;14,970425531914893
c_275;70,16666666666667;23,069166666666664
c_2750;65,69333333333333;17,398
c_2751;42,69072164948454;14,20860824742268
c_2752;18,318181818181817;74,0490909090909
c_2753;34,63157894736842;9,224210526315789
c_2754;35,78846153846154;15,854615384615384
c_2755;60,68181818181818;16,89727272727273
c_2756;31,71551724137931;13,117758620689656
c_2757;65,68376068376068;19,575470085470084
c_2758;53,63636363636363;12,70090909090909
c_2759;29,833333333333332;39,544333333333334
c_276;34,42857142857143;11,270714285714286
c_2760;40,64957264957265;13,016581196581196
c_2761;69,77272727272727;15,424772727272726
c_2762;40,63815789473684;12,163815789473682
c_2763;53,47826086956522;14,959999999999999
c_2764;35,68027210884354;11,22795918367347
c_2765;37,536458333333336;13,233593749999999
c_2766;25,863636363636363;63,57863636363636
c_2767;43,62307692307692;12,303615384615386
c_2768;32,68316831683168;11,876336633663366
c_2769;33,653333333333336;14,087333333333333
c_277;21,633333333333333;30,556333333333335
c_2770;43,625;13,209861111111111
c_2771;42,125;13,703125
c_2772;80,65346534653466;15,717128712871286
c_2773;24,56;37,6674
c_2774;57,648648648648646;13,973513513513513
c_2775;45,60606060606061;15,407575757575756
c_2776;28,0;10,73
c_2777;49,689189189189186;15,323513513513515
c_2778;56,666666666666664;14,421666666666667
c_2779;66,64285714285714;12,661428571428571
c_278;34,76470588235294;9,859411764705882
c_2780;49,63157894736842;14,258771929824562
c_2781;73,76530612244898;16,146326530612242
c_2782;25,933333333333334;31,290333333333333
c_2783;35,62921348314607;11,743370786516856
c_2784;73,6938775510204;19,487551020408162
c_2785;17,818181818181817;22,35727272727273
c_2786;47,656488549618324;14,153664122137403
c_2787;53,74074074074074;15,387407407407407
c_2788;38,6578947368421;10,64
c_2789;42,75342465753425;11,69986301369863
c_279;35,733333333333334;8,126
c_2790;19,78787878787879;20,46121212121212
c_2791;17,640625;61,12546875
c_2792;20,9;73,604
c_2793;88,0;10,99
c_2794;28,55;40,556333333333335
c_2795;43,696;12,102559999999999
c_2796;51,68181818181818;15,394545454545455
c_2797;65,90322580645162;15,44032258064516
c_2798;63,59375;12,815625
c_2799;55,708333333333336;15,493333333333332
c_28;51,76190476190476;16,81095238095238
c_280;72,6470588235294;9,936470588235293
c_2800;35,53225806451613;13,632741935483871
c_2801;57,68707482993197;16,99238095238095
c_2802;58,54545454545455;17,62818181818182
c_2803;49,64685314685315;12,325804195804196
c_2804;18,666666666666668;37,496078431372545
c_2805;22,75;48,002250000000004
c_2806;22,58823529411765;31,64588235294118
c_2807;77,67088607594937;16,87379746835443
c_2808;21,541666666666668;54,862500000000004
c_2809;40,642857142857146;11,930535714285714
c_281;46,54385964912281;12,738947368421053
c_2810;43,67213114754098;17,145081967213113
c_2811;34,63492063492063;12,797111111111112
c_2812;41,674698795180724;11,977751004016064
c_2813;22,84375;50,5359375
c_2814;27,333333333333332;48,51
c_2815;33,57446808510638;15,04627659574468
c_2816;24,82051282051282;42,543846153846154
c_2817;62,0;15,066666666666665
c_2818;24,63157894736842;46,44684210526316
c_2819;55,916666666666664;18,447708333333335
c_282;24,666666666666668;39,79090909090909
c_2820;22,636363636363637;49,79136363636364
c_2821;74,6140350877193;17,83824561403509
c_2822;69,92307692307692;15,311538461538463
c_2823;53,68217054263566;16,751007751937987
c_2824;38,63157894736842;13,776842105263157
c_2825;24,727272727272727;59,98431818181818
c_2826;35,67256637168141;15,208230088495576
c_2827;64,76086956521739;15,685217391304347
c_2828;34,79245283018868;11,346603773584906
c_2829;54,516129032258064;20,35741935483871
c_283;25,633333333333333;44,52811111111111
c_2830;62,375;16,845
c_2831;18,82758620689655;44,642413793103444
c_2832;39,80555555555556;12,495833333333334
c_2833;46,645161290322584;14,20483870967742
c_2834;36,67857142857143;13,482261904761904
c_2835;81,59016393442623;17,483934426229506
c_2836;17,776119402985074;16,564925373134326
c_2837;34,549019607843135;11,446666666666665
c_2838;20,666666666666668;23,343333333333334
c_2839;54,916666666666664;10,605
c_284;17,96969696969697;28,146363636363635
c_2840;32,69140625;13,7434765625
c_2841;42,724137931034484;10,491379310344827
c_2842;17,9;15,066999999999998
c_2843;26,548387096774192;24,26854838709677
c_2844;17,814814814814813;42,6925925925926
c_2845;17,958333333333332;29,3875
c_2846;28,647058823529413;30,248823529411766
c_2847;23,0;82,82333333333334
c_2848;42,55263157894737;12,831315789473683
c_2849;32,768115942028984;13,09804347826087
c_285;54,76086956521739;13,211739130434783
c_2850;68,73584905660377;17,234905660377358
c_2851;35,645833333333336;12,428854166666667
c_2852;67,48648648648648;14,419999999999998
c_2853;42,71875;13,50671875
c_2854;17,69333333333333;16,820133333333334
c_2855;51,63157894736842;9,390526315789474
c_2856;27,043478260869566;25,970869565217388
c_2857;31,5;12,849642857142857
c_2858;35,60294117647059;14,190980392156863
c_2859;30,71195652173913;12,69608695652174
c_286;19,5;63,173333333333325
c_2860;60,695035460992905;17,238794326241134
c_2861;30,668367346938776;14,93785714285714
c_2862;24,0;45,94615384615384
c_2863;42,371428571428574;17,326285714285714
c_2864;19,789473684210527;56,87
c_2865;41,642201834862384;12,118623853211009
c_2866;29,77777777777778;36,59111111111111
c_2867;47,609375;12,42984375
c_2868;27,666666666666668;55,974666666666664
c_2869;33,675438596491226;12,826140350877193
c_287;21,0;14,645
c_2870;57,629629629629626;10,773333333333333
c_2871;32,672413793103445;12,964525862068966
c_2872;28,6;30,03688888888889
c_2873;34,69565217391305;14,269565217391303
c_2874;47,69711538461539;13,081634615384615
c_2875;47,666666666666664;13,277619047619048
c_2876;29,76923076923077;36,33826923076923
c_2877;34,68041237113402;14,677113402061856
c_2878;62,63636363636363;14,349090909090908
c_2879;26,655172413793103;29,060689655172414
c_288;41,55670103092783;14,022680412371134
c_2880;19,428571428571427;28,490000000000002
c_2881;29,5;30,72625
c_2882;24,6875;40,511874999999996
c_2883;49,8375;17,386
c_2884;29,733333333333334;79,64066666666666
c_2885;48,37837837837838;11,567297297297298
c_2886;51,602409638554214;17,323855421686748
c_2887;33,52;28,87
c_2888;17,0;13,784285714285714
c_2889;54,744680851063826;14,220851063829787
c_289;26,615384615384617;54,69025641025641
c_2890;39,5;12,480405405405405
c_2891;51,645161290322584;18,13532258064516
c_2892;76,625;14,351249999999999
c_2893;21,7;61,924
c_2894;17,307692307692307;22,76923076923077
c_2895;58,84848484848485;25,14121212121212
c_2896;21,666666666666668;43,279999999999994
c_2897;32,58940397350993;14,176291390728476
c_2898;23,626262626262626;38,58434343434343
c_2899;27,82857142857143;49,65761904761905
c_29;28,883116883116884;25,336363636363636
c_290;36,68072289156626;13,060783132530121
c_2900;42,704918032786885;13,48467213114754
c_2901;72,89473684210526;17,30263157894737
c_2902;33,48148148148148;12,934938271604938
c_2903;54,648648648648646;14,989189189189188
c_2904;41,741379310344826;13,810172413793104
c_2905;63,705882352941174;25,992941176470588
c_2906;27,512820512820515;50,029999999999994
c_2907;28,25;48,21
c_2908;39,65714285714286;11,989714285714285
c_2909;17,56;24,1404
c_291;41,63559322033898;11,777627118644068
c_2910;23,75;44,970749999999995
c_2911;19,516129032258064;30,53096774193548
c_2912;62,65151515151515;16,78181818181818
c_2913;38,51162790697674;12,503488372093022
c_2914;41,708955223880594;14,441119402985073
c_2915;32,58474576271186;13,24550847457627
c_2916;54,656565656565654;16,387070707070706
c_2917;33,67910447761194;14,431940298507461
c_2918;45,65408805031446;14,52566037735849
c_2919;52,6530612244898;17,251836734693878
c_292;50,8421052631579;19,79
c_2920;33,50925925925926;13,010185185185184
c_2921;63,625;18,131666666666664
c_2922;33,48192771084337;12,725060240963856
c_2923;25,703703703703702;29,506666666666664
c_2924;66,72727272727273;18,24772727272727
c_2925;54,57142857142857;16,734761904761903
c_2926;30,603174603174605;12,705714285714286
c_2927;39,62068965517241;14,184482758620689
c_2928;79,58333333333333;20,546666666666667
c_2929;42,60674157303371;14,316516853932583
c_293;25,525;40,751
c_2930;47,5;11,504318181818181
c_2931;26,833333333333332;35,39
c_2932;23,714285714285715;43,30904761904761
c_2933;59,586666666666666;14,331199999999999
c_2934;62,80434782608695;19,909130434782607
c_2935;63,68;13,691199999999998
c_2936;40,729729729729726;14,274054054054053
c_2937;22,4;16,338
c_2938;54,625;13,42875
c_2939;34,52671755725191;12,341832061068702
c_294;17,615384615384617;38,49923076923077
c_2940;39,57142857142857;16,183458646616543
c_2941;41,69444444444444;17,561111111111114
c_2942;61,763636363636365;19,93618181818182
c_2943;45,67883211678832;13,21963503649635
c_2944;56,8125;15,923124999999999
c_2945;53,333333333333336;19,48190476190476
c_2946;50,68571428571428;18,28542857142857
c_2947;30,157894736842106;31,01631578947368
c_2948;26,875;26,51375
c_2949;23,647058823529413;38,56705882352941
c_295;38,750972762645915;12,605369649805446
c_2950;17,458333333333332;30,1975
c_2951;48,75;14,099429824561405
c_2952;57,59649122807018;16,08736842105263
c_2953;19,714285714285715;20,607857142857142
c_2954;51,57446808510638;15,510425531914894
c_2955;56,0;20,50583333333333
c_2956;27,973684210526315;40,25
c_2957;20,789473684210527;57,68473684210526
c_2958;26,714285714285715;73,3
c_2959;57,81578947368421;15,762105263157896
c_296;17,456521739130434;19,26
c_2960;35,75912408759124;11,36
c_2961;50,678899082568805;15,395045871559633
c_2962;59,84090909090909;14,8125
c_2963;64,66326530612245;17,723265306122446
c_2964;72,52631578947368;16,215263157894736
c_2965;66,93103448275862;9,794137931034482
c_2966;24,78846153846154;32,441153846153846
c_2967;55,75757575757576;19,704848484848483
c_2968;58,733333333333334;17,895555555555553
c_2969;42,63768115942029;13,597826086956522
c_297;19,782608695652176;37,70391304347826
c_2970;74,76923076923077;12,454615384615384
c_2971;26,666666666666668;29,662444444444443
c_2972;44,78481012658228;12,814050632911393
c_2973;27,608695652173914;41,18695652173913
c_2974;65,734375;16,53703125
c_2975;29,408450704225352;21,53845070422535
c_2976;72,6;11,827
c_2977;19,0;18,587
c_2978;44,675438596491226;11,941491228070175
c_2979;48,80898876404494;14,891797752808987
c_298;18,0;24,167391304347827
c_2980;49,676923076923075;12,743384615384615
c_2981;30,48507462686567;12,332164179104478
c_2982;31,628205128205128;13,726121794871796
c_2983;39,88405797101449;13,247246376811594
c_2984;46,69465648854962;13,615419847328244
c_2985;57,63157894736842;16,896842105263158
c_2986;56,8;20,0536
c_2987;51,833333333333336;17,006333333333334
c_2988;34,8125;14,79375
c_2989;18,764705882352942;73,81382352941176
c_299;29,608695652173914;24,7
c_2990;45,34375;11,3321875
c_2991;34,66023166023166;13,56046332046332
c_2992;47,70967741935484;13,824677419354838
c_2993;57,49425287356322;17,05448275862069
c_2994;48,736363636363635;15,07390909090909
c_2995;33,666666666666664;11,681111111111111
c_2996;41,58571428571429;12,285321428571429
c_2997;43,52542372881356;14,248022598870056
c_2998;18,976190476190474;47,77047619047619
c_2999;58,77272727272727;16,13090909090909
c_3;42,47826086956522;14,16391304347826
c_30;21,526315789473685;43,52736842105263
c_300;26,55;24,1775
c_3000;36,68803418803419;14,31448717948718
c_3001;54,5;18,15625
c_3002;42,69736842105263;14,302894736842106
c_3003;22,615384615384617;60,27076923076923
c_3004;17,666666666666668;34,676833333333335
c_3005;49,5;11,931370967741936
c_3006;30,796875;15,20875
c_3007;29,384615384615383;16,403846153846153
c_3008;18,3;45,589999999999996
c_3009;17,6;34,855000000000004
c_301;17,76923076923077;35,75923076923077
c_3010;34,75714285714286;13,832857142857142
c_3011;25,69333333333333;52,587066666666665
c_3012;38,76923076923077;12,36153846153846
c_3013;21,666666666666668;34,62957264957265
c_3014;51,62820512820513;16,02846153846154
c_3015;23,523809523809526;36,242380952380955
c_3016;24,58823529411765;40,141176470588235
c_3018;53,583333333333336;14,338333333333333
c_3019;29,333333333333332;32,82833333333333
c_302;20,689655172413794;35,950172413793105
c_3020;60,625;12,9865625
c_3021;67,8;17,642857142857142
c_3022;37,6625;15,448041666666665
c_3023;51,714285714285715;24,986666666666668
c_3024;28,5;44,99
c_3025;34,904564315352694;13,127178423236515
c_3026;53,0;19,405714285714286
c_3027;22,807692307692307;29,94
c_3028;42,732394366197184;13,098169014084508
c_3029;44,60818713450293;13,503684210526316
c_303;29,25;38,678333333333335
c_3030;32,655072463768114;13,79431884057971
c_3031;47,61818181818182;14,084000000000001
c_3032;35,83754512635379;13,48173285198556
c_3033;26,457142857142856;47,21771428571428
c_3034;40,62068965517241;11,948965517241378
c_3035;57,636986301369866;15,575479452054795
c_3036;59,7037037037037;15,866666666666665
c_3037;72,68987341772151;17,889430379746837
c_3038;20,0;58,163333333333334
c_3039;58,4;16,2124
c_304;33,55555555555556;14,469145299145298
c_3040;49,421052631578945;18,423684210526318
c_3041;25,76;29,3764
c_3042;61,48275862068966;14,426206896551724
c_3043;54,83870967741935;21,892258064516128
c_3044;38,734375;15,423281249999999
c_3045;24,71875;45,995
c_3046;63,526315789473685;14,55280701754386
c_3047;52,526315789473685;17,033947368421053
c_3048;78,57575757575758;15,478636363636364
c_3049;53,651162790697676;15,694186046511629
c_305;25,333333333333332;32,32333333333333
c_3050;34,57142857142857;13,735873015873016
c_3051;40,916666666666664;15,288333333333332
c_3052;53,76923076923077;17,16057692307692
c_3053;28,806451612903224;37,067096774193544
c_3054;36,855421686746986;12,694819277108435
c_3055;28,785714285714285;48,616249999999994
c_3056;55,0;16,419999999999998
c_3057;21,848484848484848;45,31969696969697
c_3058;63,2;21,637999999999998
c_3059;59,0625;17,5175
c_306;34,55357142857143;10,710714285714285
c_3060;50,67123287671233;14,478630136986302
c_3061;73,54838709677419;18,76311827956989
c_3062;29,642857142857142;39,17
c_3063;30,0;49,43
c_3064;65,72;14,906266666666667
c_3065;44,83098591549296;14,302112676056337
c_3066;31,653061224489797;11,164897959183675
c_3067;28,047619047619047;29,024285714285714
c_3068;31,568627450980394;13,021960784313725
c_3069;64,81818181818181;21,38090909090909
c_307;70,96969696969697;13,28969696969697
c_3070;36,559322033898304;14,706186440677966
c_3071;42,611111111111114;13,01361111111111
c_3072;31,684426229508198;12,696803278688524
c_3073;45,567567567567565;13,64864864864865
c_3074;21,6;26,347500000000004
c_3075;45,54871794871795;14,10897435897436
c_3076;30,685185185185187;12,472962962962962
c_3077;43,46666666666667;11,834
c_3078;87,67857142857143;16,782738095238095
c_3079;64,76923076923077;15,018461538461537
c_308;17,836734693877553;58,80612244897959
c_3080;20,64;23,0084
c_3081;17,545454545454547;27,879090909090905
c_3082;51,642276422764226;18,431626016260164
c_3083;80,76595744680851;16,064574468085105
c_3084;77,73809523809524;20,375
c_3085;41,70697674418604;12,51506976744186
c_3086;38,43589743589744;15,195641025641025
c_3087;39,6768558951965;13,80890829694323
c_3088;20,770491803278688;40,3083606557377
c_3089;17,625;83,13916666666667
c_309;64,6015625;16,986015625
c_3090;47,69968051118211;13,115079872204472
c_3091;44,68862275449102;12,451616766467067
c_3092;38,644444444444446;13,895777777777777
c_3093;31,6875;10,640416666666667
c_3094;24,555555555555557;37,586666666666666
c_3095;40,88;10,816200000000002
c_3096;75,42857142857143;14,723571428571429
c_3097;81,63636363636364;14,525454545454545
c_3098;42,687150837988824;12,3336312849162
c_3099;23,22222222222222;19,366666666666664
c_31;35,80555555555556;14,34222222222222
c_310;40,78846153846154;11,705
c_3100;47,56;18,0936
c_3101;72,74509803921569;15,869509803921568
c_3102;57,62686567164179;15,042388059701493
c_3103;40,76190476190476;15,327619047619047
c_3104;36,66009852216749;12,566059113300492
c_3105;33,737226277372265;13,103868613138687
c_3106;59,60655737704918;17,654590163934426
c_3107;35,689655172413794;12,285172413793102
c_3108;65,8;16,8476
c_3109;19,725490196078432;23,927647058823528
c_311;68,58666666666667;17,7068
c_3110;44,71764705882353;13,738823529411764
c_3111;40,723076923076924;18,04923076923077
c_3112;53,18181818181818;15,216363636363637
c_3113;57,66101694915254;16,6028813559322
c_3114;51,333333333333336;11,924999999999999
c_3115;24,875;56,027499999999996
c_3116;48,67777777777778;12,84088888888889
c_3117;49,56190476190476;10,518952380952381
c_3118;21,789473684210527;51,581842105263156
c_3119;20,764705882352942;58,36882352941176
c_312;21,842105263157894;46,473684210526315
c_3120;55,666666666666664;17,152564102564103
c_3121;22,62962962962963;42,94481481481481
c_3122;29,763157894736842;40,42947368421053
c_3123;23,692307692307693;22,711923076923078
c_3124;38,6640625;12,2258203125
c_3125;31,69047619047619;12,9834126984127
c_3126;35,74242424242424;12,791515151515151
c_3127;46,8235294117647;16,014705882352942
c_3128;52,62105263157895;15,04778947368421
c_3129;39,5;12,869117647058824
c_313;34,592592592592595;13,354444444444445
c_3130;44,71052631578947;15,433157894736842
c_3131;75,75892857142857;18,226071428571426
c_3132;23,48;55,081199999999995
c_3133;49,54545454545455;12,771249999999998
c_3134;19,864864864864863;35,943513513513516
c_3135;38,58450704225352;13,915070422535212
c_3136;37,0;14,6775
c_3137;32,776315789473685;13,495131578947367
c_3138;54,71910112359551;20,063932584269665
c_3139;26,894736842105264;27,962631578947367
c_314;80,70833333333333;16,232499999999998
c_3140;19,64;36,8796
c_3141;35,8125;12,126000000000001
c_3142;17,724137931034484;47,615517241379315
c_3143;53,67213114754098;15,204262295081966
c_3144;52,64;15,69824
c_3145;26,775;49,759
c_3146;57,71851851851852;19,854518518518518
c_3147;44,6530612244898;14,727142857142857
c_3148;28,580645161290324;43,0358064516129
c_3149;44,46774193548387;15,153870967741934
c_315;50,6015625;16,247265625
c_3150;51,68852459016394;17,328688524590163
c_3151;23,56;27,4004
c_3152;49,63392857142857;12,543125
c_3153;40,75;13,513951612903226
c_3154;39,55813953488372;14,885581395348838
c_3155;25,666666666666668;39,81333333333333
c_3156;43,60843373493976;11,920361445783133
c_3157;84,86792452830188;16,38433962264151
c_3158;23,658536585365855;62,42048780487804
c_3159;50,75;28,74
c_316;55,59016393442623;16,518196721311472
c_3160;39,81818181818182;11,547272727272729
c_3161;31,642857142857142;16,038214285714286
c_3162;58,60526315789474;17,08342105263158
c_3163;49,641304347826086;13,696630434782607
c_3164;43,46875;11,8475
c_3165;26,516129032258064;29,919032258064515
c_3166;49,63333333333333;13,077066666666667
c_3167;56,51063829787234;18,278936170212766
c_3168;57,73170731707317;18,49170731707317
c_3169;42,607142857142854;12,061785714285715
c_317;23,657894736842106;40,205789473684206
c_3170;51,61764705882353;15,987352941176471
c_3171;31,548780487804876;12,71670731707317
c_3172;43,75;15,057121212121212
c_3173;74,66666666666667;12,383333333333333
c_3174;20,5;38,980000000000004
c_3175;49,76923076923077;11,680641025641027
c_3176;28,58823529411765;37,9335294117647
c_3177;43,80612244897959;15,227448979591836
c_3178;28,571428571428573;17,751142857142856
c_3179;27,526315789473685;57,2042105263158
c_318;71,65217391304348;12,776086956521738
c_3180;64,70370370370371;15,316296296296297
c_3181;25,4;56,092
c_3182;17,727272727272727;21,724545454545453
c_3183;37,7027027027027;12,922702702702702
c_3184;57,63414634146341;15,79951219512195
c_3185;17,73913043478261;77,59826086956522
c_3186;23,6;50,141999999999996
c_3187;25,571428571428573;43,01857142857143
c_3188;40,66115702479339;13,275495867768596
c_3189;54,6231884057971;16,801159420289856
c_319;49,729166666666664;11,856770833333334
c_3190;34,64705882352941;14,11176470588235
c_3191;37,3968253968254;15,265396825396826
c_3192;29,526315789473685;61,533157894736846
c_3193;43,696969696969695;13,097272727272726
c_3194;47,6625;10,431875
c_3195;17,652173913043477;18,717391304347824
c_3196;63,559322033898304;18,53593220338983
c_3197;71,71428571428571;12,62142857142857
c_3198;17,82;42,052600000000005
c_3199;78,65384615384616;18,18096153846154
c_32;34,72727272727273;11,69520979020979
c_320;68,72058823529412;14,121911764705882
c_3200;33,674418604651166;12,041860465116278
c_3201;34,656976744186046;12,147616279069767
c_3202;67,61688311688312;17,427402597402597
c_3203;56,672413793103445;16,750344827586208
c_3204;20,76;57,70439999999999
c_3205;27,23076923076923;25,695
c_3206;62,89333333333333;16,42
c_3207;73,5;11,879999999999999
c_3208;66,7560975609756;20,134146341463413
c_3209;39,67368421052632;13,43357894736842
c_321;48,601851851851855;11,27925925925926
c_3210;38,75555555555555;15,314444444444444
c_3211;30,692307692307693;17,625213675213676
c_3212;66,67924528301887;16,265283018867922
c_3213;18,692307692307693;28,596923076923076
c_3214;22,875;37,12375
c_3215;17,615384615384617;37,69092307692308
c_3216;62,666666666666664;16,742361111111112
c_3217;51,36363636363637;18,629545454545454
c_3218;91,66666666666667;11,581666666666665
c_3219;48,68604651162791;13,010077519379845
c_322;40,6;12,947999999999999
c_3220;42,470588235294116;13,736470588235292
c_3221;50,69512195121951;20,17853658536585
c_3222;52,666666666666664;18,718333333333334
c_3223;50,8125;18,5384375
c_3224;26,72093023255814;55,8253488372093
c_3225;27,466666666666665;48,39533333333333
c_3226;23,72972972972973;39,83378378378378
c_3227;22,72222222222222;32,053333333333335
c_3228;43,5;11,862222222222222
c_3229;57,9;18,257333333333335
c_323;82,62790697674419;15,534883720930232
c_3230;17,90909090909091;43,67909090909091
c_3231;22,82894736842105;18,10657894736842
c_3232;50,53521126760563;17,990281690140844
c_3233;55,6;14,166400000000001
c_3234;43,670731707317074;13,012621951219513
c_3235;50,7593984962406;17,81451127819549
c_3236;54,70542635658915;18,09472868217054
c_3237;54,710144927536234;20,05463768115942
c_3238;26,5;39,36857142857143
c_3239;37,6566265060241;13,220361445783132
c_324;58,75;23,52375
c_3240;72,65432098765432;16,492345679012345
c_3241;17,53846153846154;58,139230769230764
c_3242;67,72222222222223;16,43277777777778
c_3243;18,6;26,715666666666664
c_3244;47,714285714285715;20,486806722689074
c_3245;27,6875;27,758375
c_3246;52,56521739130435;14,695652173913043
c_3247;48,85401459854015;14,225839416058395
c_3248;51,793103448275865;18,176896551724138
c_3249;39,51648351648352;13,036043956043956
c_325;45,7972972972973;13,675945945945946
c_3250;41,5398773006135;12,56638036809816
c_3251;19,575757575757574;30,516666666666666
c_3252;69,61538461538461;17,47153846153846
c_3253;62,632;20,145439999999997
c_3254;46,74285714285714;16,974857142857143
c_3255;24,48780487804878;23,509756097560974
c_3256;17,5;48,90454545454545
c_3257;51,642857142857146;17,927142857142854
c_3258;25,789473684210527;27,99631578947368
c_3259;59,44444444444444;17,686944444444446
c_326;35,64900662251656;15,709006622516556
c_3260;74,25;12,446666666666667
c_3261;63,375;25,69125
c_3262;17,666666666666668;31,23095238095238
c_3263;36,67245657568238;13,093970223325062
c_3264;44,70860927152318;12,927549668874171
c_3265;38,80769230769231;10,602307692307694
c_3266;71,68181818181819;12,215000000000002
c_3267;23,763157894736842;35,64394736842105
c_3268;58,735849056603776;14,031320754716981
c_3269;29,658536585365855;27,860243902439024
c_327;35,50561797752809;11,478089887640449
c_3270;41,65876777251185;12,489099526066349
c_3271;71,72222222222223;15,293333333333331
c_3272;22,6;37,149
c_3273;53,607142857142854;14,198214285714286
c_3274;49,736666666666665;11,652766666666666
c_3275;63,5;14,037647058823529
c_3276;39,62280701754386;13,021052631578947
c_3277;59,85333333333333;21,074133333333332
c_3278;37,892857142857146;12,172857142857142
c_3279;46,5968992248062;12,898837209302325
c_328;41,75757575757576;11,487272727272726
c_3280;26,842105263157894;40,40508771929825
c_3281;48,55357142857143;13,421071428571429
c_3282;55,7027027027027;12,894864864864866
c_3283;64,76470588235294;16,85705882352941
c_3284;69,57142857142857;17,187857142857144
c_3285;32,58139534883721;13,50339534883721
c_3286;40,584070796460175;16,503097345132744
c_3287;40,72727272727273;13,681515151515152
c_3288;39,62;13,110199999999999
c_3289;67,7764705882353;20,908823529411766
c_329;54,904761904761905;17,983174603174604
c_3290;24,647058823529413;84,36215686274511
c_3291;26,65979381443299;24,75360824742268
c_3292;57,75;20,715
c_3293;46,4390243902439;14,11560975609756
c_3294;51,67032967032967;14,146923076923075
c_3295;17,745454545454546;50,08018181818181
c_3296;65,75342465753425;17,19123287671233
c_3297;46,8391959798995;12,820954773869346
c_3298;63,73770491803279;15,792622950819673
c_3299;22,0;15,785
c_33;39,663716814159294;13,952743362831859
c_330;68,72463768115942;15,965
c_3300;37,654545454545456;11,968954545454546
c_3301;31,666666666666668;13,1136329588015
c_3302;69,74074074074075;13,216666666666665
c_3303;48,885714285714286;14,370571428571427
c_3304;32,74193548387097;14,31258064516129
c_3305;35,671052631578945;13,025789473684211
c_3306;29,571428571428573;59,83428571428572
c_3307;69,81818181818181;18,029090909090908
c_3308;30,0;7,010000000000001
c_3309;52,6;14,811666666666666
c_331;43,64102564102564;11,561538461538461
c_3310;75,73529411764706;17,103235294117646
c_3311;21,7;38,768
c_3312;81,97142857142858;11,467428571428572
c_3313;21,73469387755102;56,64163265306122
c_3314;56,523809523809526;16,302063492063493
c_3315;49,794117647058826;15,317647058823528
c_3316;55,285714285714285;23,825
c_3317;49,66831683168317;13,302920792079208
c_3318;25,7;38,485
c_3319;73,46153846153847;15,277692307692309
c_332;48,675409836065576;12,316524590163935
c_3320;45,5948275862069;13,759224137931033
c_3321;33,608108108108105;12,717972972972973
c_3322;21,61904761904762;26,414285714285718
c_3323;55,71764705882353;17,93305882352941
c_3324;60,708333333333336;16,89125
c_3325;35,685;14,09945
c_3326;22,466666666666665;23,400666666666666
c_3327;45,0;15,175
c_3328;43,77777777777778;12,902361111111112
c_3329;17,70212765957447;20,086382978723403
c_333;66,66666666666667;16,23
c_3330;65,60606060606061;17,150303030303032
c_3331;36,602094240837694;14,481465968586388
c_3332;70,85714285714286;13,793571428571427
c_3333;43,54385964912281;13,640350877192983
c_3334;42,632;13,21144
c_3335;64,41176470588235;13,660294117647059
c_3336;50,473684210526315;24,920526315789473
c_3337;72,63636363636364;12,767575757575758
c_3338;17,72340425531915;30,8768085106383
c_3339;20,657894736842106;44,22
c_334;22,64;55,4336
c_3340;70,57142857142857;15,727142857142857
c_3341;51,698412698412696;14,818730158730158
c_3342;64,875;11,02
c_3343;22,904761904761905;39,547936507936505
c_3344;39,74107142857143;14,40982142857143
c_3345;21,69047619047619;44,49761904761905
c_3346;38,73;12,152000000000001
c_3347;30,690851735015773;13,342870662460566
c_3348;63,833333333333336;19,461833333333335
c_3349;80,52;24,3208
c_335;59,7;25,392000000000003
c_3350;55,785714285714285;29,215714285714284
c_3351;44,57303370786517;15,28685393258427
c_3352;54,333333333333336;13,419166666666667
c_3353;30,721311475409838;15,919180327868853
c_3354;33,743589743589745;11,398205128205129
c_3355;17,714285714285715;73,55
c_3356;22,6;29,43
c_3357;49,56306306306306;12,871306306306305
c_3358;47,5632183908046;11,545919540229885
c_3359;26,88888888888889;62,25333333333333
c_336;66,6774193548387;17,19148387096774
c_3360;38,56818181818182;12,906590909090909
c_3361;48,747747747747745;14,524774774774775
c_3362;39,5;20,162093023255814
c_3363;46,74285714285714;14,085571428571429
c_3364;69,68067226890756;17,45394957983193
c_3365;77,61538461538461;11,977692307692308
c_3366;83,7948717948718;17,29965811965812
c_3367;65,68085106382979;32,37765957446808
c_3368;20,47826086956522;30,279130434782612
c_3369;56,75;14,343333333333334
c_337;54,76923076923077;21,180769230769233
c_3370;19,6;79,274
c_3371;76,58095238095238;15,677904761904763
c_3372;34,59756097560975;15,987804878048781
c_3373;82,73469387755102;17,46612244897959
c_3374;38,65217391304348;13,490434782608697
c_3375;72,60975609756098;17,32219512195122
c_3376;39,58490566037736;12,065471698113209
c_3377;40,729166666666664;11,872604166666667
c_3378;49,61538461538461;12,366978021978023
c_3379;19,71875;38,3728125
c_338;76,77631578947368;16,535131578947368
c_3380;52,75;20,690833333333334
c_3381;69,42857142857143;21,717142857142857
c_3382;63,62162162162162;17,655405405405407
c_3383;17,5;20,39
c_3384;48,655913978494624;12,063154121863798
c_3385;85,5945945945946;14,725405405405406
c_3386;35,375;8,34125
c_3387;68,67272727272727;16,394545454545455
c_3388;32,51851851851852;13,326666666666666
c_3389;52,57692307692308;14,901923076923076
c_339;41,594202898550726;13,883478260869566
c_3390;27,833333333333332;55,833333333333336
c_3391;31,759162303664922;11,784869109947643
c_3392;53,5;13,96
c_3393;65,48;12,2654
c_3394;43,705882352941174;16,68806722689076
c_3395;44,58288770053476;12,072673796791445
c_3396;47,1;10,845
c_3397;38,629629629629626;12,103539094650205
c_3398;32,766129032258064;13,887419354838709
c_3399;61,63157894736842;13,567894736842103
c_34;67,64285714285714;18,99738095238095
c_340;17,666666666666668;35,93848484848485
c_3400;56,67567567567568;16,518558558558556
c_3401;48,58870967741935;13,134677419354839
c_3402;17,625;42,01125
c_3403;41,56060606060606;16,577272727272724
c_3404;32,6078431372549;12,377450980392156
c_3405;52,72164948453608;15,522886597938145
c_3406;20,583333333333332;40,893750000000004
c_3407;21,545454545454547;21,335454545454546
c_3408;72,64367816091954;16,53344827586207
c_3409;22,634615384615383;49,073846153846155
c_341;48,66412213740458;12,625725190839695
c_3410;25,566666666666666;23,522333333333332
c_3411;22,73076923076923;20,248076923076926
c_3412;18,714285714285715;91,09857142857143
c_3413;29,0;21,071999999999996
c_3414;21,545454545454547;42,10909090909091
c_3415;41,61904761904762;11,553333333333333
c_3416;40,65277777777778;13,847083333333334
c_3417;83,81818181818181;14,903636363636364
c_3418;53,724137931034484;16,93206896551724
c_3419;46,88135593220339;15,123050847457627
c_342;58,68;15,2181
c_3420;42,58536585365854;11,450975609756098
c_3421;17,88888888888889;26,465925925925923
c_3422;32,780701754385966;10,297280701754387
c_3423;27,444444444444443;40,23666666666667
c_3424;18,857142857142858;88,73142857142857
c_3425;17,61904761904762;39,55619047619047
c_3426;41,88;9,673200000000001
c_3427;24,666666666666668;42,839090909090906
c_3428;46,63768115942029;11,754637681159421
c_3429;20,454545454545453;20,48242424242424
c_343;39,65;14,186375000000002
c_3430;48,68167202572347;14,892508038585207
c_3431;66,60176991150442;17,97141592920354
c_3432;20,595744680851062;39,0631914893617
c_3433;39,66783216783217;13,106048951048951
c_3434;47,94444444444444;14,252361111111112
c_3435;27,833333333333332;42,946666666666665
c_3436;58,22222222222222;14,996666666666666
c_3437;53,81896551724138;16,803275862068965
c_3438;32,53125;15,9
c_3439;55,166666666666664;10,6
c_344;56,78048780487805;18,36451219512195
c_3440;54,733333333333334;19,156166666666664
c_3441;67,60714285714286;17,00625
c_3442;22,676470588235293;64,17470588235294
c_3444;42,672;14,4572
c_3445;36,699186991869915;15,871463414634146
c_3446;17,652173913043477;20,637826086956522
c_3447;66,67532467532467;16,857662337662337
c_3448;46,608695652173914;12,766376811594203
c_3449;34,5609756097561;12,22310975609756
c_345;47,76086956521739;15,111739130434783
c_3450;45,66887417218543;11,658145695364238
c_3451;18,928571428571427;12,940714285714288
c_3452;28,523809523809526;28,431904761904757
c_3453;42,81578947368421;12,869078947368422
c_3454;52,69335302806499;16,785514032496305
c_3455;57,65079365079365;13,59047619047619
c_3456;18,742424242424242;50,85681818181818
c_3457;31,642553191489363;15,071829787234043
c_3458;35,7;12,684999999999999
c_3459;87,7;20,967999999999996
c_346;53,53846153846154;14,296153846153846
c_3460;65,74193548387096;21,328387096774193
c_3461;41,74866310160428;13,879572192513368
c_3462;65,6890756302521;19,458235294117646
c_3463;26,736842105263158;34,41719298245614
c_3464;47,76271186440678;17,017966101694917
c_3465;38,78378378378378;12,899189189189189
c_3466;39,8421052631579;9,309736842105263
c_3467;17,673076923076923;59,165
c_3468;40,72;14,0604
c_3469;68,61111111111111;16,282777777777778
c_347;71,86792452830188;16,503018867924528
c_3470;60,516129032258064;17,039032258064513
c_3471;27,923076923076923;11,757692307692308
c_3472;66,54838709677419;18,82225806451613
c_3473;47,72222222222222;12,454611111111111
c_3474;46,544;13,057360000000001
c_3475;36,638888888888886;13,130694444444444
c_3476;17,733333333333334;61,93366666666667
c_3477;53,4;14,400666666666668
c_3478;34,70175438596491;11,437719298245614
c_3479;38,821917808219176;13,916118721461189
c_348;37,66197183098591;13,537464788732395
c_3480;48,73770491803279;13,186885245901639
c_3481;54,705882352941174;15,123235294117645
c_3482;33,55497382198953;12,351623036649213
c_3483;22,75;30,30611111111111
c_3484;29,586206896551722;26,394482758620686
c_3485;19,608695652173914;36,72304347826087
c_3486;62,0;18,64
c_3487;25,666666666666668;34,55444444444444
c_3488;64,69491525423729;15,235254237288135
c_3489;39,875;10,500416666666666
c_349;67,64516129032258;19,576129032258066
c_3490;79,6590909090909;20,106590909090908
c_3491;26,732394366197184;50,05507042253521
c_3492;40,30769230769231;9,45
c_3493;64,58974358974359;15,367435897435898
c_3494;45,75342465753425;13,496712328767122
c_3495;32,67741935483871;12,100184331797234
c_3496;64,71428571428571;14,980857142857143
c_3497;19,675675675675677;37,086216216216215
c_3498;31,57312252964427;12,547193675889329
c_3499;67,5;17,752499999999998
c_35;69,68181818181819;18,099090909090908
c_350;19,066666666666666;18,100666666666665
c_3500;47,7008547008547;13,973162393162392
c_3501;29,846153846153847;50,066923076923075
c_3502;26,483870967741936;42,66483870967742
c_3503;41,68556701030928;11,941340206185567
c_3504;18,74074074074074;53,602407407407405
c_3505;19,444444444444443;64,2761111111111
c_3506;33,61842105263158;12,35046052631579
c_3507;42,627450980392155;11,261176470588236
c_3508;49,689655172413794;12,971379310344828
c_3509;21,522727272727273;23,417045454545452
c_351;22,523809523809526;42,63809523809524
c_3510;63,52173913043478;19,816086956521737
c_3511;65,0;14,10888888888889
c_3512;40,5375;14,02825
c_3513;35,701492537313435;14,063233830845771
c_3514;55,65625;19,3728125
c_3515;32,67567567567568;13,925675675675675
c_3516;29,666666666666668;73,99000000000001
c_3517;50,83132530120482;18,672530120481927
c_3518;58,62222222222222;17,955333333333332
c_3519;47,505050505050505;12,33358585858586
c_352;18,676470588235293;50,65147058823529
c_3520;27,56;42,8252
c_3521;42,563380281690144;12,49
c_3522;27,714285714285715;39,266666666666666
c_3523;78,61111111111111;15,167222222222222
c_3524;40,57913669064748;12,627949640287769
c_3525;66,6140350877193;20,07456140350877
c_3527;76,85;15,9385
c_3528;52,645161290322584;17,07177419354839
c_3529;37,68421052631579;13,901315789473685
c_353;91,5576923076923;18,700576923076923
c_3530;17,741935483870968;51,38467741935484
c_3531;37,65693430656934;13,512116788321169
c_3532;20,5;20,565714285714286
c_3533;66,91666666666667;9,829166666666667
c_3534;52,74285714285714;19,113047619047617
c_3535;54,63333333333333;19,471666666666668
c_3536;65,70289855072464;15,476739130434783
c_3537;23,375;14,68
c_3538;42,65;13,126249999999999
c_3539;33,51923076923077;12,28173076923077
c_354;17,775510204081634;33,76163265306122
c_3540;55,73154362416108;19,34006711409396
c_3541;33,62765957446808;12,026808510638297
c_3542;34,74691358024691;15,504999999999999
c_3543;42,76923076923077;15,651923076923076
c_3544;54,67763157894737;15,674605263157895
c_3545;69,5;13,5615
c_3546;19,89090909090909;63,482727272727274
c_3547;50,7037037037037;19,284074074074073
c_3548;50,470588235294116;11,59235294117647
c_3549;52,76978417266187;16,75820143884892
c_355;50,6375;16,914375
c_3550;36,7972972972973;14,859054054054052
c_3551;65,58823529411765;13,156176470588235
c_3552;18,735294117647058;22,862941176470585
c_3553;56,68131868131868;21,086923076923075
c_3554;58,76470588235294;15,985
c_3555;41,75;14,825277777777778
c_3556;34,568627450980394;15,44627450980392
c_3557;63,774193548387096;13,161612903225807
c_3558;18,661016949152543;34,90101694915254
c_3559;51,657407407407405;16,453888888888887
c_356;38,76744186046512;14,281627906976745
c_3560;26,791666666666668;48,34604166666667
c_3561;30,925925925925927;11,567407407407407
c_3562;45,64505119453925;11,280170648464164
c_3563;76,80392156862744;21,12156862745098
c_3564;33,666666666666664;13,334444444444443
c_3565;18,540983606557376;34,48311475409836
c_3566;41,71212121212121;13,067878787878788
c_3567;22,814814814814813;30,058518518518515
c_3568;47,733333333333334;12,163555555555556
c_3569;42,706422018348626;12,728853211009174
c_357;17,768115942028984;14,938260869565218
c_3570;53,54385964912281;14,832982456140352
c_3571;63,15384615384615;14,435641025641026
c_3572;72,6875;17,341874999999998
c_3573;25,653333333333332;32,821333333333335
c_3574;41,6;14,443999999999999
c_3575;40,630434782608695;12,57963768115942
c_3576;71,88888888888889;14,363333333333335
c_3577;42,66990291262136;14,125922330097088
c_3578;21,307692307692307;29,257692307692306
c_3579;69,7741935483871;15,899032258064516
c_358;47,6;9,9216
c_3580;17,59259259259259;60,42944444444444
c_3581;55,583333333333336;13,339722222222223
c_3582;27,641025641025642;40,59897435897436
c_3583;17,666666666666668;50,07222222222222
c_3584;40,611111111111114;11,878333333333334
c_3585;42,77142857142857;15,722285714285713
c_3586;66,6625;15,907124999999999
c_3587;41,61904761904762;13,819523809523808
c_3588;57,65;15,182583333333332
c_3589;63,67058823529412;14,810705882352941
c_359;33,667857142857144;13,469000000000001
c_3590;24,980392156862745;20,94
c_3591;64,0;20,764285714285712
c_3592;56,833333333333336;13,635666666666667
c_3593;70,45;17,4035
c_3594;51,747368421052634;17,981578947368423
c_3595;58,666666666666664;19,77121212121212
c_3596;29,72093023255814;20,81906976744186
c_3597;22,529411764705884;20,036470588235293
c_3598;30,628205128205128;14,155384615384614
c_3599;22,783783783783782;32,733783783783785
c_36;25,785714285714285;24,174285714285713
c_360;56,642857142857146;16,24809523809524
c_3600;46,63157894736842;11,191052631578946
c_3601;68,81944444444444;17,296944444444442
c_3602;56,79661016949152;16,447118644067796
c_3603;18,666666666666668;55,11888888888889
c_3604;47,786458333333336;13,508125
c_3605;59,7;15,689999999999998
c_3606;17,923076923076923;21,048461538461538
c_3607;44,666666666666664;13,810977011494254
c_3608;35,85263157894737;16,55263157894737
c_3609;17,966666666666665;74,37166666666667
c_361;45,672955974842765;12,605283018867924
c_3610;25,72;27,5604
c_3611;25,62162162162162;47,81297297297297
c_3612;33,66360856269113;13,584067278287462
c_3613;68,875;13,865
c_3614;27,606060606060606;23,509090909090908
c_3615;17,0;46,175
c_3616;61,166666666666664;23,625
c_3617;71,75;13,672500000000001
c_3618;49,0;9,85
c_3619;81,5934065934066;16,388131868131868
c_362;72,1;27,972999999999995
c_3620;42,5;12,518125
c_3621;53,611111111111114;14,820833333333333
c_3622;50,2;15,931999999999999
c_3623;82,65;16,3155
c_3624;35,61904761904762;12,146190476190476
c_3625;28,818181818181817;56,09545454545455
c_3626;59,6390977443609;18,581954887218046
c_3627;37,63358778625954;13,655267175572519
c_3628;58,714285714285715;22,14428571428571
c_3629;35,75471698113208;16,077358490566038
c_363;38,65359477124183;13,641437908496732
c_3630;30,682926829268293;13,07658536585366
c_3631;18,5;68,78
c_3632;46,57446808510638;12,970851063829787
c_3633;18,6;23,031
c_3634;58,644444444444446;15,758222222222223
c_3635;17,545454545454547;57,83
c_3636;46,68131868131868;12,955494505494507
c_3637;42,67460317460318;13,158412698412699
c_3638;75,5;15,359285714285715
c_3639;43,611111111111114;12,030277777777776
c_364;51,5;16,035
c_3640;46,7037037037037;12,347222222222221
c_3641;28,80597014925373;53,24597014925373
c_3642;69,6624203821656;17,318152866242038
c_3643;18,6;58,222
c_3644;30,61111111111111;13,028803418803419
c_3645;35,611702127659576;14,139468085106381
c_3646;45,733333333333334;14,014222222222221
c_3647;41,45454545454545;15,226969696969697
c_3648;62,69230769230769;18,361538461538462
c_3649;74,625;18,64575
c_365;34,647619047619045;15,004142857142856
c_3650;25,741935483870968;58,5141935483871
c_3651;25,6;52,718
c_3652;46,2;14,445999999999998
c_3653;59,73033707865169;17,203033707865167
c_3654;43,660714285714285;12,685892857142857
c_3655;38,54545454545455;13,769772727272727
c_3656;24,62962962962963;51,41444444444445
c_3657;69,82051282051282;15,516923076923076
c_3658;23,6;33,47425
c_3659;19,0;37,4675
c_366;43,69642857142857;15,270892857142856
c_3660;28,72222222222222;42,861666666666665
c_3661;34,69090909090909;14,056727272727272
c_3662;53,74285714285714;18,855142857142855
c_3663;55,65;15,031
c_3664;79,39024390243902;19,12024390243902
c_3665;32,65925925925926;14,540814814814814
c_3666;23,5974025974026;32,050389610389615
c_3667;19,875;49,5725
c_3668;53,77777777777778;19,865555555555556
c_3669;23,813953488372093;55,22906976744186
c_367;17,875;27,072499999999998
c_3670;69,625;10,1525
c_3671;61,714285714285715;16,354642857142856
c_3672;59,65934065934066;16,1489010989011
c_3673;50,76315789473684;18,748947368421053
c_3674;39,653543307086615;14,802047244094487
c_3675;45,7;13,3555
c_3676;39,84090909090909;14,44340909090909
c_3677;61,57142857142857;19,085
c_3678;52,72043010752688;18,684838709677418
c_3679;32,65124555160142;11,913807829181494
c_368;44,5;12,884071428571428
c_3680;55,71153846153846;16,306153846153844
c_3681;37,62222222222222;15,456266666666666
c_3682;68,71724137931035;16,143310344827583
c_3683;43,679245283018865;12,569905660377358
c_3684;52,76190476190476;14,735714285714286
c_3685;56,733333333333334;16,014
c_3686;61,58064516129032;22,05322580645161
c_3687;37,583333333333336;12,751111111111111
c_3688;52,69565217391305;16,401739130434784
c_3689;38,77215189873418;13,60632911392405
c_369;62,564516129032256;16,857580645161292
c_3690;53,56;15,261199999999999
c_3691;17,763157894736842;34,81
c_3692;58,69230769230769;15,471538461538461
c_3693;39,55072463768116;12,387536231884058
c_3694;55,72093023255814;17,91906976744186
c_3695;48,03333333333333;14,337666666666667
c_3696;47,62;11,9873
c_3697;28,176470588235293;44,19529411764706
c_3698;18,875;33,20421875
c_3699;34,72463768115942;12,341449275362319
c_37;56,666666666666664;17,235666666666663
c_370;82,57142857142857;16,197142857142858
c_3700;63,632;14,740879999999999
c_3701;42,80909090909091;11,991090909090909
c_3702;72,61538461538461;12,843846153846155
c_3703;57,67142857142857;19,71157142857143
c_3704;43,648648648648646;12,59981981981982
c_3705;23,919354838709676;26,600161290322582
c_3706;34,55;13,2
c_3707;54,666666666666664;14,112592592592591
c_3708;42,5234375;12,3146875
c_3709;47,857142857142854;10,649047619047618
c_371;30,574074074074073;11,343518518518518
c_3710;38,74074074074074;12,351728395061729
c_3711;29,941176470588236;29,69764705882353
c_3712;27,735294117647058;40,04117647058823
c_3713;25,6984126984127;33,04206349206349
c_3714;40,61776061776062;13,297413127413126
c_3715;61,75555555555555;15,38111111111111
c_3716;55,75247524752475;17,393267326732673
c_3717;69,82222222222222;20,486444444444444
c_3718;31,57777777777778;13,213555555555557
c_3719;43,803030303030305;11,540757575757574
c_372;56,666666666666664;15,913333333333334
c_3720;47,67213114754098;11,657377049180328
c_3721;65,88888888888889;19,676666666666666
c_3722;40,6;15,6732
c_3723;30,71212121212121;12,11909090909091
c_3724;47,70754716981132;11,27688679245283
c_3725;41,55652173913043;13,329797101449275
c_3726;33,60215053763441;12,384623655913979
c_3727;36,72093023255814;14,424883720930232
c_3728;44,574074074074076;13,574444444444444
c_3729;49,955882352941174;14,541911764705883
c_373;19,36842105263158;42,45263157894737
c_3730;37,67058823529412;12,445
c_3731;38,602649006622514;12,685165562913907
c_3732;32,71875;12,064114583333334
c_3733;72,68461538461538;19,084
c_3734;25,47222222222222;59,200833333333335
c_3735;39,61504424778761;13,208274336283187
c_3736;23,5;47,181666666666665
c_3737;44,624161073825505;14,318456375838926
c_3738;19,73913043478261;57,3195652173913
c_3739;37,73913043478261;13,110434782608696
c_374;42,64912280701754;10,513684210526316
c_3740;24,666666666666668;42,450714285714284
c_3741;44,650887573964496;12,076568047337279
c_3742;43,72727272727273;13,305272727272726
c_3743;18,344827586206897;41,38758620689655
c_3744;35,721311475409834;11,738524590163934
c_3745;30,733009708737864;12,388058252427184
c_3746;69,64814814814815;15,274074074074074
c_3747;17,674698795180724;29,260481927710842
c_3748;28,666666666666668;25,74051282051282
c_3749;35,68197879858657;12,490388692579504
c_375;21,363636363636363;21,154090909090908
c_3750;62,48;19,75
c_3751;73,84;19,2768
c_3752;76,72727272727273;16,686818181818182
c_3753;21,814814814814813;60,517037037037035
c_3754;49,680851063829785;13,414255319148937
c_3755;42,65151515151515;13,917121212121213
c_3756;35,63636363636363;15,450545454545454
c_3757;62,516129032258064;16,198225806451614
c_3758;61,93103448275862;12,349310344827586
c_3759;51,6;7,555
c_376;55,714285714285715;18,84357142857143
c_3760;51,63636363636363;14,153636363636364
c_3761;19,375;17,64875
c_3762;32,53658536585366;16,341463414634145
c_3763;29,22222222222222;17,079444444444444
c_3764;29,666666666666668;21,56866666666667
c_3765;56,53125;15,37859375
c_3766;32,66233766233766;13,559653679653678
c_3767;34,542857142857144;12,723809523809523
c_3768;33,61363636363637;11,670568181818181
c_3769;30,375;13,862083333333333
c_377;30,642201834862384;13,451972477064219
c_3770;65,74603174603175;12,706984126984127
c_3771;37,859375;17,240625
c_3772;80,5934065934066;17,296923076923076
c_3773;68,80952380952381;19,032857142857143
c_3774;51,74193548387097;16,831935483870968
c_3775;42,51851851851852;13,832962962962963
c_3776;53,78947368421053;19,770526315789475
c_3777;63,63975155279503;13,836273291925465
c_3778;77,71052631578948;12,694999999999999
c_3779;31,771428571428572;14,506857142857143
c_378;64,4;23,362000000000002
c_3780;68,55319148936171;18,502765957446808
c_3781;25,694444444444443;42,95444444444444
c_3782;31,616161616161616;13,439292929292929
c_3783;18,6;49,18333333333333
c_3784;17,517241379310345;19,92655172413793
c_3785;70,92;19,0422
c_3786;63,71111111111111;15,989888888888888
c_3787;46,78846153846154;12,074807692307692
c_3788;19,676470588235293;45,91029411764706
c_379;47,41095890410959;12,485342465753424
c_3790;35,69230769230769;11,703846153846154
c_3791;26,6734693877551;24,806224489795916
c_3792;24,65625;23,345
c_3793;32,638888888888886;12,061388888888889
c_3794;51,75;16,96203125
c_3795;21,794117647058822;45,622352941176466
c_3796;17,774193548387096;21,699354838709677
c_3797;56,78125;17,240624999999998
c_3798;43,64556962025316;13,051139240506329
c_3799;26,857142857142858;44,317142857142855
c_38;52,55555555555556;15,767777777777777
c_380;24,625;52,01083333333333
c_3800;67,56944444444444;17,17388888888889
c_3801;65,6734693877551;30,963673469387757
c_3802;42,57142857142857;18,251836734693878
c_3803;38,54976303317535;12,697061611374407
c_3804;44,642857142857146;13,957857142857144
c_3805;57,642857142857146;19,744285714285713
c_3806;59,554054054054056;15,81243243243243
c_3807;53,6875;11,571250000000001
c_3808;64,63963963963964;13,668468468468468
c_3809;27,333333333333332;41,30111111111111
c_381;41,67123287671233;14,291917808219177
c_3810;56,6875;14,5375
c_3811;35,561797752808985;12,574269662921347
c_3812;57,44444444444444;16,00111111111111
c_3813;33,86046511627907;14,549999999999999
c_3814;32,674418604651166;15,203139534883721
c_3815;23,6;50,8076
c_3816;37,704081632653065;12,365255102040818
c_3817;44,73529411764706;14,218529411764706
c_3818;26,733333333333334;25,348
c_3819;53,857142857142854;15,469047619047618
c_382;50,666666666666664;16,174285714285713
c_3820;46,64;13,7742
c_3821;34,75;13,681666666666667
c_3822;55,724137931034484;14,954827586206896
c_3823;40,71176470588235;12,068941176470586
c_3824;63,57534246575342;14,885479452054792
c_3825;28,666666666666668;42,24133333333333
c_3826;20,604166666666668;37,056875
c_3827;52,82;15,876
c_3828;29,444444444444443;55,75444444444444
c_3829;58,705882352941174;17,53235294117647
c_383;41,59507042253521;12,789366197183098
c_3830;47,65909090909091;13,692045454545456
c_3831;50,6875;16,8925
c_3832;19,785714285714285;37,166428571428575
c_3833;42,65625;13,239531249999999
c_3834;40,653225806451616;13,451612903225806
c_3835;25,59375;52,2821875
c_3836;87,70833333333333;14,14625
c_3837;55,69565217391305;15,157391304347826
c_3838;54,42857142857143;16,497619047619047
c_3839;41,285714285714285;14,098571428571429
c_384;44,652671755725194;11,770419847328244
c_3840;17,823529411764707;67,58058823529412
c_3841;27,821428571428573;22,587142857142855
c_3842;45,7375;13,594125
c_3843;39,791666666666664;11,332500000000001
c_3844;68,58333333333333;16,420277777777777
c_3845;40,62621359223301;13,517378640776698
c_3846;30,529411764705884;14,207647058823529
c_3847;20,642857142857142;29,155714285714286
c_3848;31,784313725490197;17,778039215686274
c_3849;19,510204081632654;40,980612244897955
c_385;61,55172413793103;22,74551724137931
c_3850;51,63333333333333;16,255
c_3851;23,61904761904762;69,59571428571428
c_3852;39,523809523809526;12,80142857142857
c_3853;57,69642857142857;14,231964285714286
c_3854;43,65945945945946;12,523837837837837
c_3855;58,861111111111114;17,93277777777778
c_3856;49,66423357664234;11,647299270072994
c_3857;53,65217391304348;18,32313043478261
c_3858;48,833333333333336;11,447820512820511
c_3859;22,692307692307693;62,94871794871795
c_386;42,857142857142854;12,328392857142857
c_3860;17,5609756097561;24,874390243902436
c_3861;41,793103448275865;10,370689655172415
c_3862;81,61904761904762;13,296825396825396
c_3863;80,83333333333333;12,285555555555554
c_3864;51,676923076923075;18,04523076923077
c_3865;32,74193548387097;14,043870967741935
c_3866;56,625;13,474583333333333
c_3867;41,42857142857143;13,870000000000001
c_3868;61,38461538461539;14,345384615384615
c_3869;51,60606060606061;15,396060606060606
c_387;33,75257731958763;13,254123711340208
c_3870;69,45454545454545;15,824545454545454
c_3871;33,59322033898305;13,195254237288136
c_3872;35,75;13,597708333333335
c_3873;26,732558139534884;25,66941860465116
c_3874;43,700934579439256;13,089719626168224
c_3875;57,52;14,9032
c_3876;36,6875;12,029375
c_3877;43,714285714285715;12,445238095238096
c_3878;33,61165048543689;13,571893203883494
c_3879;50,74576271186441;14,228813559322035
c_388;84,73333333333333;19,458000000000002
c_3880;27,166666666666668;16,86
c_3881;25,772727272727273;51,6109090909091
c_3882;36,774193548387096;12,154193548387095
c_3883;50,51428571428571;15,26657142857143
c_3884;21,571428571428573;57,55964285714286
c_3885;67,72;17,3232
c_3886;65,60416666666667;18,584374999999998
c_3887;52,45;15,2025
c_3888;49,7906976744186;10,033255813953488
c_3889;66,68571428571428;23,556
c_389;45,69230769230769;16,371153846153845
c_3890;70,67441860465117;15,719534883720929
c_3891;54,66081871345029;17,30421052631579
c_3892;38,74251497005988;14,201377245508983
c_3893;31,71764705882353;12,738823529411764
c_3894;27,0;35,849999999999994
c_3895;28,0;50,38666666666666
c_3896;44,44827586206897;13,689827586206896
c_3897;61,56410256410256;13,67153846153846
c_3898;24,951219512195124;27,39731707317073
c_3899;41,5893536121673;13,662205323193916
c_39;35,62068965517241;13,449901477832512
c_390;39,671052631578945;12,458289473684209
c_3900;69,5;19,401249999999997
c_3901;35,67175572519084;12,539465648854963
c_3902;50,71098265895954;15,965895953757224
c_3903;33,55555555555556;14,939166666666669
c_3904;43,48888888888889;14,225777777777777
c_3905;34,2;13,190000000000001
c_3906;50,630434782608695;18,198478260869564
c_3907;64,7;18,2705
c_3908;52,736111111111114;18,987777777777776
c_3909;24,535714285714285;29,997142857142855
c_391;35,72079772079772;12,935811965811967
c_3910;67,675;15,353
c_3911;33,60126582278481;13,219683544303798
c_3912;38,464285714285715;21,21035714285714
c_3913;42,705882352941174;13,720588235294118
c_3914;64,61904761904762;23,539523809523807
c_3915;25,625;39,2375
c_3916;77,71428571428571;16,260714285714286
c_3917;62,674698795180724;15,480843373493977
c_3918;17,51219512195122;72,81585365853658
c_3919;53,714285714285715;17,78257142857143
c_392;20,76923076923077;39,893846153846155
c_3920;65,51724137931035;16,877586206896552
c_3921;49,5;14,626964285714285
c_3922;18,952380952380953;18,45357142857143
c_3923;17,5;17,24
c_3924;33,74074074074074;11,662037037037036
c_3925;70,66666666666667;15,634722222222223
c_3926;51,44444444444444;9,074444444444445
c_3927;18,0;77,53999999999999
c_3928;26,57894736842105;13,62315789473684
c_3929;25,694444444444443;46,6525
c_393;52,67878787878788;17,50581818181818
c_3930;36,58139534883721;14,174418604651162
c_3931;35,5531914893617;11,76595744680851
c_3932;57,6875;17,847375
c_3933;64,48275862068965;16,487241379310344
c_3934;60,84090909090909;17,772727272727273
c_3935;46,851851851851855;14,989444444444443
c_3936;19,714285714285715;39,65428571428571
c_3937;42,81967213114754;14,524918032786886
c_3938;17,477272727272727;30,847272727272728
c_3939;66,79629629629629;16,869629629629628
c_394;22,8;30,4672
c_3940;58,5;17,38230769230769
c_3941;50,68181818181818;11,358181818181817
c_3942;25,714285714285715;20,93857142857143
c_3943;54,65714285714286;14,436285714285713
c_3944;46,23529411764706;9,77
c_3945;42,686440677966104;13,97220338983051
c_3946;65,64444444444445;19,90422222222222
c_3947;33,822916666666664;13,242083333333333
c_3948;17,580645161290324;40,313870967741934
c_3949;28,722772277227723;40,8729702970297
c_395;22,7;36,23633333333333
c_3950;17,54054054054054;48,101351351351354
c_3951;43,608695652173914;15,19086956521739
c_3952;53,48571428571429;15,502285714285712
c_3953;37,70188679245283;13,235584905660376
c_3954;51,63636363636363;16,670454545454547
c_3955;52,708333333333336;15,241416666666668
c_3956;68,68;18,1428
c_3957;76,8;18,450499999999998
c_3958;27,66;40,7772
c_3959;30,739837398373982;12,90170731707317
c_396;44,45794392523364;11,368785046728972
c_3960;34,767857142857146;11,494464285714285
c_3961;57,74242424242424;18,60212121212121
c_3962;39,669724770642205;14,535229357798164
c_3963;34,69387755102041;12,598095238095238
c_3964;36,733333333333334;12,099166666666665
c_3965;38,73529411764706;12,717941176470587
c_3966;26,0;19,13111111111111
c_3967;49,752;13,40184
c_3968;79,6178861788618;15,302520325203252
c_3969;21,703296703296704;41,99318681318682
c_397;62,73134328358209;14,231791044776118
c_3970;30,735294117647058;11,152205882352941
c_3971;33,642857142857146;12,25440476190476
c_3972;24,852941176470587;43,64941176470588
c_3973;53,5;17,03
c_3974;21,8;39,5588
c_3975;28,795180722891565;16,680843373493975
c_3976;29,736842105263158;72,47157894736843
c_3977;45,61576354679803;13,044433497536946
c_3978;23,893617021276597;25,5431914893617
c_3979;42,36;10,6228
c_398;51,666666666666664;12,88875
c_3980;52,63636363636363;16,37909090909091
c_3981;68,64285714285714;18,872142857142855
c_3982;21,82758620689655;21,098275862068967
c_3983;66,67153284671532;16,356496350364964
c_3984;29,5;31,615666666666662
c_3985;41,46969696969697;16,214848484848485
c_3986;49,857142857142854;10,852190476190476
c_3987;77,76470588235294;17,266470588235293
c_3988;59,743801652892564;16,782231404958676
c_3989;77,74285714285715;14,72942857142857
c_399;41,57142857142857;14,292857142857143
c_3990;60,77777777777778;10,185555555555556
c_3991;39,6525974025974;13,409545454545455
c_3992;17,666666666666668;25,971666666666664
c_3993;17,818181818181817;33,46545454545455
c_3994;43,707070707070706;13,151111111111112
c_3995;17,64;52,3232
c_3996;43,69090909090909;17,103272727272728
c_3997;21,8;61,0348
c_3998;69,73134328358209;14,115522388059702
c_3999;42,5625;12,734375
c_4;57,736363636363635;18,069363636363637
c_40;32,47826086956522;13,81304347826087
c_400;53,693548387096776;21,19314516129032
c_4000;56,53333333333333;13,918333333333333
c_4001;48,5625;13,81375
c_4002;27,5625;36,7096875
c_4003;43,666666666666664;13,96063492063492
c_4004;34,54545454545455;14,504545454545456
c_4005;23,65;28,558999999999997
c_4006;46,64492753623188;13,92768115942029
c_4007;71,45833333333333;22,842083333333335
c_4008;20,883333333333333;32,823166666666665
c_4009;25,666666666666668;44,12102564102564
c_401;22,78787878787879;31,353030303030305
c_4010;44,9;11,045
c_4011;34,43333333333333;9,644
c_4012;25,375;42,4475
c_4013;19,58823529411765;48,637058823529415
c_4014;47,785714285714285;14,370000000000001
c_4015;35,67094017094017;12,855982905982906
c_4016;65,58762886597938;15,728865979381444
c_4017;52,61666666666667;15,211833333333333
c_4018;17,661538461538463;52,934
c_4019;30,52173913043478;12,997826086956522
c_402;25,541666666666668;35,015
c_4020;68,57894736842105;18,95263157894737
c_4021;41,333333333333336;15,1825
c_4022;51,6764705882353;14,481764705882354
c_4023;43,68852459016394;12,005628415300546
c_4024;66,62135922330097;15,877378640776698
c_4025;17,583333333333332;44,562777777777775
c_4026;27,833333333333332;69,02277777777778
c_4027;36,714285714285715;12,796190476190477
c_4028;62,669291338582674;14,723622047244096
c_4029;63,42307692307692;24,047307692307694
c_403;73,0;17,319545454545455
c_4030;29,8;44,364
c_4031;43,853658536585364;12,569512195121952
c_4032;56,62352941176471;16,026941176470586
c_4033;35,76315789473684;14,804473684210524
c_4034;39,714285714285715;14,951428571428572
c_4035;22,444444444444443;17,896666666666665
c_4036;51,65555555555556;18,67822222222222
c_4037;27,4375;40,474999999999994
c_4038;42,75;12,239374999999999
c_4039;45,56;12,8169
c_404;50,66315789473684;14,713157894736842
c_4040;80,30434782608695;17,702608695652174
c_4041;21,2;74,346
c_4042;17,80952380952381;46,32380952380952
c_4043;36,61764705882353;12,518823529411765
c_4044;54,833333333333336;14,759444444444446
c_4045;69,52777777777777;16,2625
c_4046;46,857142857142854;14,993571428571428
c_4047;33,53658536585366;14,543658536585365
c_4048;42,583333333333336;14,946666666666667
c_4049;51,649484536082475;14,537835051546393
c_405;27,857142857142858;44,190285714285714
c_4050;26,772727272727273;70,90727272727273
c_4051;46,604166666666664;13,701041666666667
c_4052;39,666666666666664;13,551282051282051
c_4053;47,61764705882353;12,603235294117647
c_4054;56,705882352941174;17,369999999999997
c_4055;21,704918032786885;35,928688524590164
c_4056;31,533333333333335;12,25851851851852
c_4057;40,666666666666664;12,7338683127572
c_4058;46,68571428571428;14,440142857142856
c_4059;75,57142857142857;12,218571428571428
c_406;49,5;14,453
c_4060;64,63076923076923;20,681384615384616
c_4061;64,58490566037736;14,16943396226415
c_4062;27,823529411764707;26,964117647058824
c_4063;62,666666666666664;12,863333333333332
c_4064;45,84782608695652;14,211521739130434
c_4065;53,70967741935484;13,938064516129032
c_4066;72,85714285714286;14,955714285714285
c_4067;48,57575757575758;11,951666666666666
c_4068;34,638297872340424;14,048989361702128
c_4069;43,56441717791411;14,5060736196319
c_407;20,698630136986303;54,383835616438354
c_4070;26,571428571428573;32,752857142857145
c_4071;48,60122699386503;12,521472392638037
c_4072;53,588235294117645;19,18764705882353
c_4073;36,65;13,606
c_4074;54,67307692307692;21,085384615384616
c_4075;35,59322033898305;11,296440677966102
c_4076;59,71052631578947;17,63157894736842
c_4077;17,333333333333332;43,97666666666667
c_4078;28,94736842105263;38,420526315789466
c_4079;43,632;14,27656
c_408;22,857142857142858;68,16428571428571
c_4080;49,90163934426229;18,741639344262296
c_4081;64,69491525423729;15,167966101694915
c_4082;19,363636363636363;17,971363636363638
c_4083;17,729166666666668;16,270625
c_4084;22,70967741935484;26,91354838709677
c_4085;40,5945945945946;12,435360360360361
c_4087;48,766666666666666;14,134833333333335
c_4088;70,71311475409836;18,867213114754097
c_4089;38,707317073170735;12,899372822299652
c_409;65,78688524590164;16,3
c_4090;22,782608695652176;73,63434782608695
c_4091;17,823529411764707;55,26558823529412
c_4092;29,72;41,14013333333333
c_4093;38,70967741935484;15,581935483870968
c_4094;24,3;30,657999999999998
c_4095;30,53488372093023;13,871007751937984
c_4096;59,509803921568626;15,806862745098039
c_4097;21,58823529411765;63,072941176470586
c_4098;43,765957446808514;12,027659574468084
c_4099;45,71098265895954;11,902832369942196
c_41;76,64285714285714;13,960714285714285
c_410;52,75;14,7525
c_4100;26,285714285714285;31,238571428571426
c_4101;44,630824372759854;13,03989247311828
c_4102;66,67857142857143;13,959553571428572
c_4103;41,58846153846154;11,779884615384615
c_4104;17,458333333333332;52,5425
c_4105;36,51724137931034;13,59551724137931
c_4106;36,60674157303371;12,816404494382024
c_4107;21,680851063829788;32,40085106382978
c_4108;19,81578947368421;44,24657894736843
c_4109;40,73529411764706;21,134117647058822
c_411;25,728813559322035;42,45016949152542
c_4110;25,736842105263158;51,55508771929824
c_4111;52,69736842105263;14,346315789473683
c_4112;42,71111111111111;12,042222222222222
c_4113;19,6056338028169;29,908732394366197
c_4114;35,772413793103446;13,170896551724137
c_4115;23,68421052631579;24,607894736842105
c_4116;43,61832061068702;12,230381679389314
c_4117;39,696969696969695;12,202121212121213
c_4118;61,66153846153846;15,023769230769231
c_4119;17,5;68,0325
c_412;45,54205607476636;12,529252336448597
c_4120;42,60188087774295;12,450595611285266
c_4121;41,40625;15,0765625
c_4122;19,540983606557376;33,180983606557376
c_4123;62,8;16,78290909090909
c_4124;38,589595375722546;11,550462427745664
c_4125;42,5;17,044166666666666
c_4126;30,669421487603305;13,02892561983471
c_4127;50,72857142857143;14,221857142857143
c_4128;51,68181818181818;15,527727272727274
c_4129;42,75879396984924;12,90396984924623
c_413;35,46341463414634;12,137073170731707
c_4130;45,675324675324674;12,645367965367965
c_4131;53,723404255319146;15,93659574468085
c_4132;49,45454545454545;12,108863636363635
c_4133;62,53333333333333;16,08866666666667
c_4134;59,55;16,2155
c_4135;35,72463768115942;12,560869565217391
c_4136;35,39473684210526;15,858421052631579
c_4137;53,778481012658226;16,88886075949367
c_4138;76,78947368421052;17,18842105263158
c_4139;29,655172413793103;38,05724137931035
c_414;46,63793103448276;13,948275862068966
c_4140;63,72380952380952;14,937428571428573
c_4141;25,6;18,860666666666663
c_4142;29,5625;59,100125000000006
c_4143;33,027027027027025;11,006756756756756
c_4144;23,771428571428572;39,96042857142857
c_4145;46,53636363636364;12,17309090909091
c_4146;37,3728813559322;12,38728813559322
c_4147;41,77391304347826;12,13895652173913
c_4148;17,897959183673468;15,612857142857143
c_4149;57,65714285714286;17,910857142857143
c_415;28,866666666666667;45,62688888888889
c_4150;58,714285714285715;15,47857142857143
c_4151;18,428571428571427;35,05619047619047
c_4152;42,73170731707317;14,01719512195122
c_4153;33,58048780487805;12,171951219512195
c_4154;61,656716417910445;16,314925373134326
c_4155;65,73076923076923;15,593461538461538
c_4156;47,64930555555556;14,212743055555556
c_4157;70,69411764705882;18,456823529411764
c_4158;51,535714285714285;22,64392857142857
c_4159;46,69597069597069;13,66029304029304
c_416;33,75757575757576;12,104242424242424
c_4160;24,5;77,10285714285715
c_4161;42,56410256410256;13,567307692307692
c_4162;39,7375;13,831
c_4163;25,555555555555557;30,866666666666667
c_4164;53,80952380952381;18,024761904761903
c_4165;34,59782608695652;13,433695652173913
c_4166;25,71794871794872;63,217948717948715
c_4167;42,66898954703833;13,573066202090592
c_4168;75,89830508474576;18,21491525423729
c_4169;70,53571428571429;15,530714285714286
c_417;57,74285714285714;14,424857142857142
c_4170;61,4375;18,52375
c_4171;23,5;23,715999999999998
c_4172;26,757894736842104;37,80915789473684
c_4173;78,5;21,738333333333333
c_4174;45,57142857142857;13,667142857142856
c_4175;20,80246913580247;31,076049382716047
c_4176;35,696969696969695;13,37020202020202
c_4177;19,533333333333335;65,35533333333333
c_4178;51,857142857142854;21,279285714285713
c_4179;75,71428571428571;14,357857142857142
c_418;90,58333333333333;20,601666666666667
c_4180;42,416666666666664;13,104333333333333
c_4181;68,47619047619048;19,606666666666666
c_4182;32,70648464163823;12,333037542662115
c_4183;70,54545454545455;14,142727272727273
c_4184;72,61333333333333;15,103866666666667
c_4185;52,1;13,983
c_4186;70,5925925925926;20,339259259259258
c_4187;40,80952380952381;14,636190476190476
c_4188;86,5;11,951923076923077
c_4189;27,485714285714284;37,80571428571429
c_419;38,47560975609756;13,085365853658537
c_4190;57,6764705882353;15,66794117647059
c_4191;30,8;14,044749999999999
c_4192;76,70247933884298;16,41115702479339
c_4193;76,72727272727273;15,05090909090909
c_4194;83,58904109589041;16,059726027397257
c_4195;41,69565217391305;13,20286956521739
c_4196;30,0;36,52818181818182
c_4197;39,8235294117647;12,213235294117647
c_4198;45,724137931034484;13,266896551724138
c_4199;43,791666666666664;15,163958333333333
c_42;41,73770491803279;12,082131147540984
c_420;34,46666666666667;12,860952380952382
c_4200;55,87931034482759;20,558448275862066
c_4201;39,735099337748345;14,27543046357616
c_4202;34,588235294117645;12,5
c_4203;77,7159090909091;18,67806818181818
c_4204;21,59090909090909;34,57954545454545
c_4205;81,78125;14,27234375
c_4206;58,56;13,091600000000001
c_4207;59,895833333333336;14,425624999999998
c_4208;48,61206896551724;13,902241379310345
c_4209;47,72435897435897;11,845544871794871
c_421;40,582089552238806;13,435223880597015
c_4210;63,69230769230769;16,523846153846154
c_4211;34,63963963963964;12,984234234234235
c_4212;18,055555555555557;19,371388888888887
c_4213;26,0;13,169999999999998
c_4214;23,083333333333332;17,68166666666667
c_4215;41,63636363636363;11,105681818181818
c_4216;33,58139534883721;11,73174418604651
c_4217;41,65625;12,62796875
c_4218;21,76;39,8108
c_4219;40,6359649122807;12,478464912280703
c_422;63,61538461538461;17,047384615384615
c_4220;37,796460176991154;14,079469026548672
c_4221;65,76106194690266;16,069911504424777
c_4222;40,72631578947368;16,009894736842107
c_4223;70,0;24,81
c_4224;27,466666666666665;28,727999999999998
c_4225;29,933333333333334;84,264
c_4226;63,59701492537314;17,817014925373133
c_4227;52,748538011695906;19,330058479532163
c_4228;30,488888888888887;10,589777777777778
c_4229;20,82456140350877;33,852982456140346
c_423;57,68627450980392;17,98156862745098
c_4230;36,588235294117645;13,338941176470588
c_4231;50,42857142857143;13,727142857142857
c_4232;41,583333333333336;14,175952380952381
c_4233;64,54545454545455;14,466363636363637
c_4234;18,0;33,07884615384615
c_4235;23,692307692307693;52,25
c_4236;66,42307692307692;14,314615384615385
c_4237;43,64233576642336;14,57080291970803
c_4238;65,70707070707071;15,81181818181818
c_4239;24,941176470588236;31,008823529411764
c_424;65,89473684210526;16,086842105263155
c_4240;68,59649122807018;15,105614035087719
c_4241;28,637931034482758;45,02637931034482
c_4242;26,720588235294116;50,936470588235295
c_4243;36,67816091954023;12,717011494252873
c_4244;55,54761904761905;15,32357142857143
c_4245;18,76923076923077;48,660769230769226
c_4246;45,857142857142854;11,393650793650792
c_4247;22,725;39,0775
c_4248;22,416666666666668;27,454166666666666
c_4249;39,5;11,703571428571427
c_425;42,9080459770115;16,32574712643678
c_4250;28,58823529411765;42,55058823529412
c_4251;60,68421052631579;16,67254385964912
c_4252;28,54;42,7896
c_4253;30,560606060606062;11,492424242424242
c_4254;34,5;9,4925
c_4255;51,729166666666664;17,413229166666667
c_4256;25,52173913043478;53,84985507246377
c_4257;75,80952380952381;16,417380952380952
c_4258;62,64028776978417;18,648057553956836
c_4259;27,818181818181817;109,06818181818181
c_426;57,6551724137931;14,801034482758622
c_4260;63,76;11,318
c_4261;64,82857142857142;14,082714285714285
c_4262;37,66891891891892;12,386554054054054
c_4263;38,641337386018236;12,76954407294833
c_4264;54,55555555555556;19,14962962962963
c_4265;59,704918032786885;15,622459016393442
c_4266;52,666666666666664;16,6608
c_4267;37,63095238095238;13,552261904761906
c_4268;39,57575757575758;13,411111111111111
c_4269;61,7375;16,397875
c_427;47,80434782608695;14,973804347826086
c_4270;42,6530612244898;14,793877551020406
c_4271;53,708333333333336;20,313333333333333
c_4272;62,74603174603175;14,992380952380952
c_4273;19,76388888888889;30,353749999999998
c_4274;21,612903225806452;39,65903225806452
c_4275;17,666666666666668;49,66333333333333
c_4276;79,72463768115942;19,301014492753623
c_4277;29,266666666666666;81,55199999999999
c_4278;29,764705882352942;52,1935294117647
c_4279;29,285714285714285;44,39
c_428;39,73312883435583;13,821901840490796
c_4280;17,86046511627907;36,589999999999996
c_4281;35,76136363636363;10,615227272727273
c_4282;50,61581920903955;16,31282485875706
c_4283;45,69718309859155;13,75612676056338
c_4284;23,57777777777778;57,01222222222223
c_4285;46,651162790697676;14,503178294573642
c_4286;19,575;55,67425000000001
c_4287;35,655913978494624;10,481935483870968
c_4288;44,833333333333336;15,331
c_4289;61,48076923076923;16,005384615384614
c_429;34,63636363636363;15,107272727272727
c_4290;51,63694267515923;15,426942675159234
c_4291;18,7;33,6205
c_4292;17,517241379310345;45,76172413793103
c_4293;34,66981132075472;11,786415094339622
c_4294;64,7;15,876
c_4295;34,71111111111111;13,87811111111111
c_4296;49,621212121212125;12,019545454545455
c_4297;35,65432098765432;15,795185185185186
c_4298;49,6051282051282;12,900820512820513
c_4299;28,444444444444443;22,215555555555554
c_43;39,766304347826086;12,833967391304347
c_430;39,71875;12,223437500000001
c_4300;35,69961977186312;11,96406844106464
c_4301;27,68;44,4884
c_4302;46,651315789473685;11,978092105263158
c_4303;48,72727272727273;12,44681818181818
c_4304;52,44827586206897;15,791724137931034
c_4305;54,52173913043478;18,72586956521739
c_4306;57,90909090909091;15,32121212121212
c_4307;39,70388349514563;14,407427184466018
c_4308;24,333333333333332;34,46904761904762
c_4309;44,566523605150216;13,002188841201717
c_431;31,746268656716417;13,48186567164179
c_4310;53,89873417721519;17,680126582278483
c_4311;18,6;31,883999999999997
c_4312;59,0;20,323333333333334
c_4313;54,63076923076923;18,054923076923075
c_4314;57,67605633802817;15,670281690140843
c_4315;72,66071428571429;18,8475
c_4316;47,80952380952381;13,748690476190477
c_4317;31,632231404958677;12,574256198347106
c_4318;50,61643835616438;18,06780821917808
c_4319;66,78481012658227;16,796962025316457
c_432;70,76470588235294;15,239999999999998
c_4320;68,76666666666667;16,870166666666666
c_4321;17,512820512820515;48,88153846153846
c_4322;36,66101694915254;11,719830508474576
c_4323;38,542857142857144;17,543142857142858
c_4324;51,791666666666664;16,518958333333334
c_4325;48,60693641618497;11,937341040462426
c_4326;53,6;17,5352
c_4327;33,8235294117647;14,167745098039214
c_4328;47,645833333333336;13,837916666666667
c_4329;31,613636363636363;13,703181818181818
c_433;65,7710843373494;17,470722891566265
c_4330;44,743589743589745;12,405384615384616
c_4331;57,63333333333333;12,996333333333332
c_4332;38,7;11,778823529411765
c_4333;65,83898305084746;17,696271186440676
c_4334;90,77551020408163;13,807755102040815
c_4335;62,59615384615385;14,251153846153844
c_4336;27,956521739130434;38,67521739130434
c_4337;86,61904761904762;16,266190476190474
c_4338;28,859649122807017;28,233859649122806
c_4339;87,5;16,883333333333333
c_434;25,333333333333332;29,41
c_4340;33,52777777777778;19,213749999999997
c_4341;17,69811320754717;25,79603773584906
c_4342;21,846153846153847;51,38307692307693
c_4343;34,50515463917526;10,873711340206185
c_4344;53,61363636363637;14,92181818181818
c_4345;32,702127659574465;11,669787234042554
c_4346;49,75308641975309;14,827777777777778
c_4347;18,571428571428573;71,49571428571429
c_4348;47,78125;12,656666666666666
c_4349;53,621212121212125;14,016060606060606
c_435;40,63095238095238;13,692797619047619
c_4350;59,80434782608695;16,92217391304348
c_4351;29,650793650793652;55,45190476190476
c_4352;19,708333333333332;38,51
c_4353;24,785714285714285;48,621428571428574
c_4354;63,8235294117647;41,0464705882353
c_4355;41,72727272727273;15,550861244019138
c_4356;24,714285714285715;53,46530612244897
c_4357;46,69620253164557;11,813481012658228
c_4359;47,63636363636363;11,805454545454545
c_436;27,535714285714285;32,36625
c_4360;27,75;45,2775
c_4361;21,875;23,9125
c_4362;54,733333333333334;19,297
c_4363;24,666666666666668;26,671333333333333
c_4364;80,7843137254902;18,224509803921567
c_4365;29,543478260869566;24,798478260869565
c_4366;68,61904761904762;14,092380952380953
c_4367;31,634615384615383;12,648141025641024
c_4368;48,791666666666664;8,99
c_4369;31,74736842105263;13,569473684210525
c_437;53,69512195121951;16,120853658536586
c_4370;44,642857142857146;14,128214285714286
c_4371;28,571428571428573;41,13142857142857
c_4372;79,6086956521739;17,71260869565217
c_4373;75,48484848484848;15,56121212121212
c_4374;38,5625;12,846041666666666
c_4375;20,5;48,423333333333325
c_4376;58,63225806451613;16,34851612903226
c_4377;46,64705882352941;12,423235294117648
c_4378;17,555555555555557;59,27277777777778
c_4379;33,53846153846154;11,260192307692307
c_438;65,83870967741936;13,534193548387098
c_4380;66,6;16,568
c_4381;17,48148148148148;48,105555555555554
c_4382;22,818181818181817;37,717727272727274
c_4383;33,36363636363637;13,715227272727274
c_4384;80,66666666666667;11,727708333333332
c_4385;52,5;21,709166666666665
c_4386;19,654545454545456;24,610363636363637
c_4387;30,857142857142858;13,222619047619048
c_4388;50,4;15,728
c_4389;37,676767676767675;15,08868686868687
c_439;59,61818181818182;15,964181818181817
c_4390;61,68333333333333;15,682333333333332
c_4391;20,5;181,99
c_4392;39,3125;9,91625
c_4393;57,79381443298969;15,175154639175258
c_4394;43,67821782178218;12,698415841584158
c_4395;19,675;38,8225
c_4396;44,64179104477612;14,33597014925373
c_4397;65,71551724137932;16,103706896551724
c_4398;43,73809523809524;11,716904761904763
c_4399;65,81666666666666;14,007166666666667
c_44;29,423076923076923;36,951153846153844
c_440;53,57142857142857;17,13285714285714
c_4400;44,5;11,394333333333332
c_4401;55,60655737704918;18,85672131147541
c_4402;47,71955719557196;12,87830258302583
c_4403;66,74242424242425;14,011060606060607
c_4404;46,49333333333333;14,431866666666668
c_4405;25,70731707317073;69,43560975609755
c_4407;35,64102564102564;13,121282051282051
c_4408;39,52173913043478;15,554347826086957
c_4409;43,75;12,0503
c_441;49,76119402985075;13,324328358208955
c_4410;54,671052631578945;18,116052631578945
c_4411;17,728813559322035;39,951016949152546
c_4412;65,6;16,718
c_4413;43,64102564102564;15,748769230769229
c_4414;50,609756097560975;15,131219512195122
c_4415;47,666666666666664;12,881666666666668
c_4416;59,725;14,24325
c_4417;41,65625;14,208124999999999
c_4418;54,7;10,95
c_4419;17,56;25,1112
c_442;17,650793650793652;41,1852380952381
c_4420;38,64601769911504;13,68575221238938
c_4421;61,57471264367816;17,002528735632183
c_4422;44,68115942028985;13,071884057971014
c_4423;37,635416666666664;11,83375
c_4424;34,58064516129032;12,519677419354839
c_4425;51,45454545454545;18,580545454545454
c_4426;48,60576923076923;13,463653846153846
c_4427;61,69230769230769;13,773076923076925
c_4428;53,803030303030305;11,236515151515151
c_4429;42,71153846153846;13,73653846153846
c_443;34,698019801980195;14,61589108910891
c_4430;35,41860465116279;17,94674418604651
c_4431;33,56666666666667;13,652666666666667
c_4432;41,76756756756757;13,178378378378378
c_4433;34,63636363636363;13,460454545454546
c_4434;35,651162790697676;13,002372093023254
c_4435;54,630434782608695;15,863260869565218
c_4436;28,0;68,28
c_4437;54,72;19,071199999999997
c_4438;75,67901234567901;19,77925925925926
c_4439;45,785714285714285;14,216607142857143
c_444;42,55223880597015;16,44865671641791
c_4440;23,666666666666668;68,99
c_4441;41,61594202898551;11,759710144927535
c_4442;65,71764705882353;14,101647058823527
c_4443;42,62686567164179;13,861679104477611
c_4444;62,46153846153846;19,796153846153842
c_4445;30,35593220338983;14,497966101694916
c_4446;65,74603174603175;18,126349206349207
c_4448;31,53061224489796;15,180000000000001
c_4449;43,76190476190476;12,098095238095238
c_445;48,630630630630634;12,275135135135136
c_4450;44,737556561085974;11,94235294117647
c_4451;35,74074074074074;13,140185185185187
c_4452;44,791044776119406;12,070149253731344
c_4453;40,53333333333333;15,526296296296298
c_4454;48,714285714285715;12,616204081632652
c_4455;37,58730158730159;12,892010582010583
c_4456;37,75757575757576;13,77409090909091
c_4457;41,67289719626168;12,95747663551402
c_4458;45,76744186046512;12,833023255813954
c_4459;47,69832402234637;13,742905027932961
c_446;39,85263157894737;13,420631578947368
c_4460;17,785714285714285;54,21642857142857
c_4461;56,55;16,1185
c_4462;55,67741935483871;15,521290322580644
c_4463;29,333333333333332;74,37
c_4464;49,52173913043478;15,533478260869565
c_4465;45,392857142857146;10,682500000000001
c_4466;61,78947368421053;16,052894736842106
c_4467;28,6;74,59
c_4468;38,66847826086956;12,957663043478261
c_4469;52,729166666666664;16,53625
c_447;39,71153846153846;19,135384615384616
c_4470;55,675;16,538
c_4471;30,77173913043478;11,930434782608694
c_4472;48,69444444444444;15,234444444444442
c_4473;37,94871794871795;12,373333333333333
c_4474;31,68259385665529;12,851126279863482
c_4475;68,4047619047619;15,363095238095237
c_4476;44,705882352941174;13,575647058823531
c_4477;22,76923076923077;11,412307692307692
c_4478;51,0;13,36
c_4479;63,666666666666664;17,88285714285714
c_448;33,746753246753244;15,285974025974026
c_4480;24,23076923076923;30,152307692307694
c_4481;68,76923076923077;16,473076923076924
c_4482;77,6;12,226
c_4483;39,647577092511014;12,672731277533039
c_4484;46,67399267399267;12,23934065934066
c_4485;44,66346153846154;13,838173076923077
c_4486;40,53398058252427;13,725728155339805
c_4487;61,51063829787234;16,083191489361703
c_4488;51,72222222222222;18,746222222222222
c_4489;18,627118644067796;43,46813559322034
c_449;37,60301507537689;13,098944723618091
c_4490;17,823529411764707;48,66764705882353
c_4491;37,64506172839506;15,208765432098767
c_4492;41,627831715210355;12,563624595469255
c_4493;29,632653061224488;36,93551020408164
c_4494;22,741935483870968;49,15225806451613
c_4495;51,583333333333336;26,68166666666667
c_4496;74,71794871794872;14,00051282051282
c_4497;33,51923076923077;13,917115384615384
c_4498;17,425;31,910249999999998
c_4499;24,685714285714287;41,19714285714285
c_45;46,53211009174312;11,880091743119266
c_450;68,0;13,435999999999998
c_4500;43,484375;15,127734375
c_4501;38,79807692307692;12,502692307692307
c_4502;25,58;41,208
c_4503;66,62162162162163;19,155405405405407
c_4504;17,68421052631579;50,25526315789474
c_4505;45,735;13,25355
c_4506;41,73684210526316;16,23157894736842
c_4507;27,5;58,8261111111111
c_4508;61,904761904761905;7,363333333333333
c_4509;51,6875;13,8528125
c_451;49,61363636363637;14,242272727272727
c_4510;39,66187050359712;12,598489208633094
c_4511;44,721374045801525;12,395801526717557
c_4512;18,85;49,748000000000005
c_4513;30,59090909090909;16,705545454545454
c_4514;65,5;17,8825
c_4515;35,552845528455286;16,703252032520325
c_4516;62,58695652173913;15,528478260869564
c_4517;26,72;67,1838
c_4518;17,76;28,753600000000002
c_4519;58,111111111111114;12,482222222222223
c_452;26,533333333333335;56,66733333333333
c_4520;66,62;17,7167
c_4521;60,57142857142857;15,989999999999998
c_4522;30,42105263157895;16,620526315789476
c_4523;54,77215189873418;17,39873417721519
c_4524;65,62;16,0838
c_4525;43,71028037383178;11,537757009345794
c_4526;31,65686274509804;13,559950980392157
c_4527;31,49044585987261;12,141592356687898
c_4528;33,71111111111111;13,059111111111111
c_4529;53,06666666666667;15,384666666666668
c_453;27,692307692307693;33,598846153846154
c_4530;51,625;12,2546875
c_4531;51,628571428571426;16,793285714285712
c_4532;49,588235294117645;14,034411764705883
c_4533;67,75;18,71076923076923
c_4534;65,75;15,572222222222223
c_4535;56,708333333333336;17,871875
c_4536;18,73913043478261;46,25021739130434
c_4537;50,723404255319146;12,825106382978722
c_4538;56,54128440366973;17,671009174311926
c_4539;22,884615384615383;24,607307692307693
c_454;68,8;12,386285714285714
c_4540;18,5;181,99
c_4541;26,625;44,49
c_4542;57,680851063829785;16,760744680851065
c_4543;30,833333333333332;12,879791666666668
c_4544;31,644444444444446;22,284
c_4545;35,68544600938967;14,975774647887325
c_4546;29,5;54,23571428571428
c_4547;42,56953642384106;12,041854304635761
c_4548;72,69491525423729;16,471016949152542
c_4549;58,67857142857143;16,595714285714287
c_455;18,583333333333332;51,124583333333334
c_4550;43,67032967032967;12,594981684981684
c_4551;38,68;13,882
c_4552;33,44444444444444;11,382592592592593
c_4553;36,57142857142857;18,265714285714285
c_4554;62,724137931034484;20,736206896551725
c_4555;22,746031746031747;21,196666666666665
c_4556;30,735294117647058;12,365294117647059
c_4557;38,664092664092664;14,03996138996139
c_4558;76,6;21,06327272727273
c_4559;18,735849056603772;31,15867924528302
c_456;57,592592592592595;19,796666666666667
c_4560;53,57142857142857;20,483571428571427
c_4561;47,717948717948715;14,540726495726494
c_4562;40,549549549549546;12,815315315315315
c_4563;38,50819672131148;13,810327868852458
c_4564;19,577464788732396;43,07169014084507
c_4565;18,0;67,335
c_4566;38,68027210884354;13,971020408163264
c_4567;17,528301886792452;43,262830188679246
c_4568;30,614285714285714;13,017142857142856
c_4569;66,71333333333334;15,172
c_457;20,833333333333332;68,99
c_4570;26,642857142857142;77,49357142857143
c_4571;30,445945945945947;13,090810810810812
c_4572;18,285714285714285;41,857142857142854
c_4573;51,703125;16,96953125
c_4574;25,666666666666668;42,89190476190476
c_4575;28,6;39,309200000000004
c_4576;17,384615384615383;22,868461538461535
c_4577;44,65384615384615;13,897692307692308
c_4578;53,67391304347826;16,24195652173913
c_4579;48,53846153846154;9,665384615384614
c_458;40,609756097560975;11,63
c_4580;31,705882352941178;12,819852941176471
c_4581;75,44444444444444;16,934444444444445
c_4582;72,78378378378379;17,36554054054054
c_4583;23,833333333333332;33,81095238095238
c_4584;45,479166666666664;12,589374999999999
c_4585;38,55172413793103;12,345862068965516
c_4586;61,671052631578945;15,696578947368423
c_4587;46,64016736401673;12,691338912133892
c_4588;35,65891472868217;12,791201550387598
c_4589;50,8;14,574000000000002
c_459;64,52380952380952;14,675119047619049
c_4590;31,553571428571427;11,274464285714286
c_4591;29,685185185185187;47,37074074074074
c_4592;64,57575757575758;11,817878787878788
c_4593;41,64968152866242;14,522866242038218
c_4594;70,53846153846153;17,74153846153846
c_4595;29,613636363636363;39,04159090909091
c_4596;35,583333333333336;12,798333333333332
c_4597;58,5;12,66
c_4598;29,424242424242426;36,57818181818182
c_4599;58,52;14,396799999999999
c_46;23,4;27,188
c_460;52,93333333333333;15,359
c_4600;34,586666666666666;12,962666666666667
c_4601;47,68421052631579;14,056315789473684
c_4602;64,66666666666667;13,916666666666666
c_4603;60,76470588235294;17,423235294117646
c_4604;51,52439024390244;17,31890243902439
c_4605;42,4;14,106421052631578
c_4606;69,62121212121212;18,63
c_4607;35,81818181818182;12,134727272727272
c_4608;64,5909090909091;21,692272727272726
c_4609;31,57281553398058;14,309320388349514
c_461;17,428571428571427;52,434285714285714
c_4610;72,70270270270271;17,309729729729728
c_4611;69,82758620689656;18,62551724137931
c_4612;18,585365853658537;35,77560975609756
c_4613;58,6;11,852
c_4614;56,55681818181818;17,163409090909088
c_4615;61,78431372549019;17,147843137254903
c_4616;24,433333333333334;40,550333333333334
c_4617;25,5;26,6484375
c_4618;48,421052631578945;12,159736842105263
c_4619;26,757575757575758;53,02848484848485
c_462;68,0625;19,975
c_4620;27,620689655172413;37,93137931034483
c_4621;26,735294117647058;43,74235294117647
c_4622;62,74015748031496;18,804724409448816
c_4623;45,559322033898304;10,52779661016949
c_4624;17,666666666666668;9,678888888888888
c_4625;68,66666666666667;16,831875
c_4626;30,56122448979592;12,957857142857144
c_4627;29,772727272727273;47,66090909090909
c_4628;56,61904761904762;14,57952380952381
c_4629;18,696428571428573;26,080178571428572
c_463;53,8;13,7676
c_4630;40,58490566037736;12,603962264150944
c_4631;82,71296296296296;15,749907407407408
c_4632;29,75;50,22833333333333
c_4633;65,44827586206897;14,680689655172413
c_4634;30,63888888888889;13,0825
c_4635;33,63636363636363;13,257272727272728
c_4636;35,657534246575345;15,777260273972603
c_4637;68,58407079646018;16,00787610619469
c_4638;43,64435146443515;12,047071129707113
c_4639;29,73469387755102;69,34775510204082
c_464;50,733333333333334;18,427666666666667
c_4640;42,607734806629836;14,298508287292817
c_4641;58,63636363636363;15,572727272727274
c_4642;38,66153846153846;12,385384615384616
c_4643;57,64772727272727;16,277272727272727
c_4644;38,725806451612904;13,525483870967742
c_4645;44,6643109540636;14,17554770318021
c_4646;23,70967741935484;41,89290322580646
c_4647;32,766666666666666;11,747333333333334
c_4648;17,0;11,2
c_4649;67,66666666666667;19,305555555555557
c_465;31,8;10,903333333333332
c_4650;46,74324324324324;16,518918918918917
c_4651;58,61538461538461;15,790256410256411
c_4652;36,91358024691358;11,717777777777778
c_4653;28,6125;37,222625
c_4654;25,51851851851852;48,70703703703703
c_4655;73,82456140350877;19,867368421052632
c_4656;53,7;12,9365
c_4657;65,3076923076923;17,684615384615384
c_4658;23,768115942028984;44,06260869565217
c_4659;41,53333333333333;11,993866666666666
c_466;81,69444444444444;18,076527777777777
c_4660;52,333333333333336;11,578333333333333
c_4661;39,729885057471265;11,933333333333334
c_4662;61,6578947368421;15,126315789473683
c_4663;51,53125;15,202708333333334
c_4664;49,789855072463766;13,699565217391305
c_4665;37,53125;14,9965625
c_4666;57,793103448275865;12,038275862068966
c_4667;30,666666666666668;11,587166666666667
c_4668;63,528301886792455;15,43811320754717
c_4669;26,736842105263158;56,83
c_467;84,6;18,052
c_4670;56,7962962962963;25,440185185185186
c_4671;77,71875;20,1071875
c_4672;34,59090909090909;21,727272727272727
c_4673;29,585365853658537;32,02024390243902
c_4674;23,70212765957447;34,53957446808511
c_4675;58,714285714285715;16,98761904761905
c_4676;32,6551724137931;13,940459770114941
c_4677;38,60227272727273;13,869583333333335
c_4678;35,64646464646464;12,763737373737372
c_4679;92,0;10,99
c_468;17,727272727272727;43,5
c_4680;25,59375;50,2421875
c_4681;61,375;15,169166666666667
c_4682;35,6;10,388
c_4683;21,650793650793652;57,76031746031746
c_4684;17,652173913043477;69,56869565217391
c_4685;59,71590909090909;16,716022727272726
c_4686;69,0;21,526666666666667
c_4687;22,85185185185185;45,93592592592592
c_4688;74,58333333333333;21,708333333333332
c_4689;51,666666666666664;9,662962962962963
c_469;24,70967741935484;49,163387096774194
c_4690;42,651162790697676;12,810077519379846
c_4691;53,54347826086956;14,786304347826086
c_4692;40,59154929577465;13,517887323943661
c_4693;26,586206896551722;46,70517241379311
c_4694;56,55882352941177;15,716764705882353
c_4695;33,58108108108108;12,765
c_4696;39,69230769230769;15,781794871794872
c_4697;56,65714285714286;13,604857142857144
c_4698;47,6;12,199533333333333
c_4699;28,61111111111111;45,099444444444444
c_47;21,166666666666668;22,82166666666667
c_470;53,375;15,3575
c_4700;43,604395604395606;15,08065934065934
c_4701;50,54545454545455;12,475454545454545
c_4702;47,554054054054056;12,806621621621622
c_4703;23,61111111111111;86,95277777777777
c_4704;69,5;15,254
c_4705;57,793103448275865;18,496896551724138
c_4706;39,975;16,28175
c_4707;51,56140350877193;18,38298245614035
c_4708;65,64367816091954;16,507701149425287
c_4709;56,75;20,040357142857143
c_471;24,666666666666668;59,76777777777777
c_4710;54,25;24,76375
c_4711;39,52601156069364;13,78063583815029
c_4712;44,61842105263158;12,384078947368423
c_4713;51,75757575757576;12,385757575757577
c_4714;35,21739130434783;12,51391304347826
c_4715;26,555555555555557;25,41111111111111
c_4716;17,727272727272727;29,085454545454546
c_4717;68,52941176470588;13,208235294117646
c_4718;26,954545454545453;40,78772727272727
c_4719;41,65217391304348;12,307826086956522
c_472;25,710526315789473;44,919342105263155
c_4720;22,655172413793103;59,38310344827586
c_4721;33,696;11,66336
c_4722;76,67391304347827;17,35782608695652
c_4723;29,52173913043478;26,950434782608696
c_4724;39,701149425287355;11,153333333333334
c_4725;68,79166666666667;18,352083333333333
c_4726;35,67307692307692;15,649230769230769
c_4727;26,72222222222222;71,24888888888889
c_4728;67,72857142857143;15,617571428571429
c_4729;33,753246753246756;12,406103896103897
c_473;24,68888888888889;36,13044444444444
c_4730;66,73529411764706;20,426176470588235
c_4731;33,542857142857144;12,734857142857143
c_4732;20,613636363636363;22,230681818181818
c_4733;72,6;16,456666666666667
c_4734;45,62204724409449;13,867401574803148
c_4735;24,83783783783784;46,307297297297296
c_4736;41,666666666666664;18,745833333333334
c_4737;39,54;19,918599999999998
c_4738;20,566666666666666;50,406333333333336
c_4739;29,59090909090909;52,687727272727265
c_474;31,619631901840492;12,710981595092024
c_4740;43,697916666666664;12,53359375
c_4741;64,656;15,39232
c_4742;65,67073170731707;17,46390243902439
c_4743;33,56194690265487;12,836017699115045
c_4744;26,22222222222222;19,071111111111108
c_4745;17,4;47,51466666666666
c_4746;81,69642857142857;14,139285714285714
c_4747;52,54347826086956;15,130108695652174
c_4748;73,6590909090909;16,139318181818183
c_4749;42,32727272727273;15,138545454545454
c_475;36,527272727272724;11,572181818181818
c_4750;31,65753424657534;14,155068493150685
c_4751;43,57575757575758;14,194848484848485
c_4752;17,57894736842105;32,87157894736842
c_4753;28,8;54,4784
c_4754;30,526315789473685;12,531578947368422
c_4755;38,333333333333336;9,400666666666666
c_4756;59,8;16,21164285714286
c_4757;61,588235294117645;12,925294117647057
c_4758;27,580645161290324;43,849999999999994
c_4759;59,5;9,966666666666667
c_476;32,853658536585364;12,452682926829269
c_4760;48,71584699453552;11,839398907103826
c_4761;20,743589743589745;50,36974358974359
c_4762;42,861111111111114;12,424166666666666
c_4763;34,67515923566879;13,387707006369427
c_4764;33,62068965517241;15,06310344827586
c_4765;39,574074074074076;13,167499999999999
c_4766;32,63157894736842;17,330350877192984
c_4767;42,666666666666664;13,029
c_4768;50,60655737704918;22,098524590163933
c_4769;23,678571428571427;32,198214285714286
c_477;76,64035087719299;19,395263157894735
c_4770;51,642857142857146;16,901785714285715
c_4771;41,604166666666664;10,512708333333334
c_4772;50,770270270270274;16,83885135135135
c_4773;46,85263157894737;12,134
c_4774;24,575;43,09675
c_4775;36,827586206896555;18,930689655172415
c_4776;21,875;10,1775
c_4777;48,67272727272727;12,188636363636364
c_4778;43,698113207547166;15,17811320754717
c_4779;50,666666666666664;14,049333333333331
c_478;34,72093023255814;13,003837209302326
c_4780;67,7410071942446;16,242374100719424
c_4781;69,6;16,314
c_4782;53,6;16,854499999999998
c_4783;32,693333333333335;15,644133333333333
c_4784;40,73378839590443;12,750580204778156
c_4785;51,58870967741935;16,955483870967743
c_4786;54,5;26,99
c_4787;28,6;47,032
c_4788;37,66315789473684;13,346912280701755
c_4789;54,738255033557046;18,918456375838925
c_479;38,45454545454545;11,775454545454545
c_4790;26,6;32,854
c_4791;23,75;117,455625
c_4792;20,692307692307693;41,66025641025641
c_4793;33,779411764705884;15,78279411764706
c_4794;35,36363636363637;6,55
c_4795;33,95522388059702;13,62268656716418
c_4796;64,82608695652173;16,15826086956522
c_4797;17,641975308641975;28,790740740740745
c_4798;34,670138888888886;13,3525
c_4799;51,78125;12,6859375
c_48;53,54838709677419;17,97967741935484
c_480;28,73469387755102;45,74122448979591
c_4800;25,75;25,885833333333334
c_4801;30,340425531914892;13,742127659574468
c_4802;75,72;14,814266666666667
c_4803;32,56896551724138;16,626896551724137
c_4804;30,578231292517007;12,19142857142857
c_4805;46,69565217391305;10,426521739130434
c_4806;42,43589743589744;14,282820512820512
c_4807;74,68131868131869;16,54010989010989
c_4808;35,61971830985915;12,014718309859154
c_4809;54,58490566037736;17,525660377358488
c_481;80,6842105263158;18,191381578947368
c_4810;33,66935483870968;11,153629032258063
c_4811;53,516129032258064;16,969032258064516
c_4812;90,64864864864865;16,46189189189189
c_4813;54,76315789473684;17,898684210526316
c_4814;51,58653846153846;18,73548076923077
c_4815;61,7027027027027;16,76783783783784
c_4816;34,490196078431374;16,513823529411766
c_4817;37,89333333333333;13,352133333333333
c_4818;39,375;11,219999999999999
c_4819;18,142857142857142;30,66
c_482;62,73770491803279;19,90049180327869
c_4820;47,706896551724135;11,510344827586207
c_4821;71,81666666666666;16,205666666666666
c_4822;62,38461538461539;14,540000000000001
c_4823;53,651162790697676;17,41906976744186
c_4824;47,608695652173914;14,05072463768116
c_4825;50,55072463768116;15,63572463768116
c_4826;49,60619469026549;12,522035398230088
c_4827;46,71111111111111;18,641555555555556
c_4828;26,642857142857142;39,043214285714285
c_4829;34,76829268292683;14,090365853658538
c_483;26,61904761904762;53,27761904761904
c_4830;47,65816326530612;13,00530612244898
c_4831;44,63636363636363;13,072424242424242
c_4832;24,666666666666668;26,932222222222222
c_4833;17,5;29,27578947368421
c_4834;45,53658536585366;12,714999999999998
c_4835;35,675438596491226;13,754298245614034
c_4836;58,935064935064936;21,945844155844156
c_4837;35,70454545454545;13,96
c_4838;30,666666666666668;19,904999999999998
c_4839;83,82978723404256;19,616382978723404
c_484;32,67741935483871;12,067096774193548
c_4840;49,69631901840491;14,805245398773007
c_4841;31,483870967741936;12,725483870967743
c_4842;55,6;13,48352380952381
c_4843;27,794117647058822;34,85058823529412
c_4844;43,67664670658683;12,880958083832335
c_4845;22,727272727272727;81,77
c_4846;29,571428571428573;54,81285714285714
c_4847;48,54545454545455;11,33969696969697
c_4848;68,67515923566879;15,556687898089173
c_4849;75,6304347826087;15,557717391304347
c_485;61,65128205128205;15,898358974358974
c_4850;72,74468085106383;13,877021276595745
c_4851;17,5;26,61
c_4852;19,770833333333332;63,838125
c_4853;68,7159090909091;17,302386363636362
c_4854;53,611111111111114;18,602430555555557
c_4855;36,973684210526315;14,17315789473684
c_4856;60,666666666666664;15,684901960784313
c_4857;31,72043010752688;10,91236559139785
c_4858;24,5;24,073
c_4859;65,48;18,543999999999997
c_486;25,818181818181817;23,213636363636365
c_4860;18,363636363636363;24,693181818181817
c_4861;32,62244897959184;13,931020408163265
c_4862;79,73913043478261;16,308260869565217
c_4863;55,8;15,094181818181818
c_4864;38,63333333333333;16,367166666666666
c_4865;36,69750889679715;13,926156583629894
c_4866;46,64238410596027;11,788940397350993
c_4867;23,73913043478261;53,66369565217392
c_4868;37,51648351648352;13,20186813186813
c_4869;65,59375;15,583437499999999
c_487;71,5;17,16
c_4870;40,5377358490566;13,363301886792453
c_4871;34,62151394422311;13,116254980079681
c_4872;43,6530612244898;12,956530612244897
c_4873;20,615384615384617;44,13948717948718
c_4874;17,745098039215687;49,6243137254902
c_4875;67,34782608695652;15,613478260869567
c_4876;48,7;11,59825
c_4877;73,56896551724138;15,805172413793104
c_4878;36,653543307086615;12,854645669291338
c_4879;56,64356435643565;16,441683168316832
c_488;36,566265060240966;12,701204819277109
c_4880;33,770833333333336;12,420972222222222
c_4881;58,61363636363637;15,569772727272726
c_4882;42,53030303030303;13,52530303030303
c_4883;24,61904761904762;50,75190476190476
c_4884;75,5925925925926;16,538148148148146
c_4885;53,63953488372093;16,288139534883722
c_4886;26,5;49,01818181818181
c_4887;69,62222222222222;17,987333333333332
c_4888;63,5;15,041666666666666
c_4889;50,588235294117645;16,13686274509804
c_489;20,8125;46,041875
c_4890;57,726190476190474;17,415119047619047
c_4891;41,55172413793103;11,932758620689656
c_4892;19,6875;42,576875
c_4893;42,5;14,135749999999998
c_4894;51,68421052631579;15,746315789473684
c_4895;22,708333333333332;25,095
c_4896;65,67857142857143;16,524285714285714
c_4897;33,63333333333333;13,630166666666666
c_4898;32,65350877192982;12,330921052631577
c_4899;72,625;18,312954545454545
c_49;50,578947368421055;14,791228070175439
c_490;17,576923076923077;15,896923076923077
c_4900;47,713740458015266;13,263854961832061
c_4901;41,56896551724138;16,673793103448276
c_4902;58,6875;15,543541666666668
c_4903;25,56140350877193;46,290000000000006
c_4904;38,71180555555556;13,207534722222222
c_4905;19,655172413793103;38,14655172413793
c_4906;70,58333333333333;16,95
c_4907;25,763636363636362;55,93
c_4908;40,71052631578947;13,226616541353383
c_4909;57,766666666666666;15,275
c_491;65,79245283018868;12,283018867924529
c_4910;67,84615384615384;14,907692307692306
c_4911;20,666666666666668;35,99222222222222
c_4912;32,705882352941174;18,068529411764708
c_4913;32,66304347826087;9,940978260869565
c_4914;68,66666666666667;17,625384615384615
c_4915;62,673469387755105;14,667755102040816
c_4916;22,7012987012987;41,5951948051948
c_4917;79,63157894736842;20,147894736842105
c_4918;45,70967741935484;16,14709677419355
c_4919;39,7196261682243;11,715700934579438
c_492;29,82857142857143;16,734571428571428
c_4920;55,111111111111114;12,405555555555557
c_4921;50,46153846153846;19,75230769230769
c_4922;43,5699481865285;12,337046632124354
c_4923;29,74418604651163;34,92232558139535
c_4924;68,5;18,80923076923077
c_4925;33,64102564102564;11,033589743589744
c_4926;37,705882352941174;14,04529411764706
c_4927;23,714285714285715;85,07190476190476
c_4928;59,589473684210525;17,505473684210525
c_4929;55,595238095238095;21,659285714285712
c_493;46,57142857142857;12,377527472527472
c_4930;31,58130081300813;13,826869918699186
c_4931;25,789473684210527;32,56473684210526
c_4932;55,728070175438596;18,350438596491227
c_4933;55,70103092783505;18,266185567010307
c_4934;27,5;53,809999999999995
c_4935;39,78409090909091;14,986704545454545
c_4936;70,66666666666667;15,179462365591398
c_4937;56,5;16,995
c_4938;46,65934065934066;12,792197802197801
c_4939;52,4;14,284
c_494;41,75;15,923666666666666
c_4940;67,70588235294117;19,011764705882353
c_4941;50,79710144927536;13,798695652173913
c_4942;22,73913043478261;52,328913043478266
c_4943;50,68518518518518;18,887685185185184
c_4944;44,65294117647059;12,26170588235294
c_4945;53,95;20,933
c_4946;51,604651162790695;17,931860465116277
c_4947;25,526315789473685;27,061578947368417
c_4948;77,45;13,9495
c_4949;50,61290322580645;17,59709677419355
c_495;20,617021276595743;49,62744680851064
c_4950;47,73076923076923;14,725048076923077
c_4951;37,71153846153846;11,801076923076922
c_4952;28,737704918032787;34,81918032786885
c_4953;42,627906976744185;14,260046511627907
c_4954;27,785714285714285;38,34761904761905
c_4955;19,717391304347824;24,89934782608696
c_4956;61,69230769230769;21,1121978021978
c_4957;69,6;31,956
c_4958;22,682386910490855;55,77677382098171
c_4959;25,58695652173913;69,81586956521738
c_496;53,72222222222222;22,246388888888887
c_4960;65,80555555555556;14,341111111111111
c_4961;29,142857142857142;38,77285714285714
c_4962;47,523809523809526;11,727936507936509
c_4963;71,5;17,013333333333335
c_4964;39,638297872340424;12,861382978723405
c_4965;25,6875;52,0453125
c_4966;21,5;46,91
c_4967;39,535714285714285;11,271785714285715
c_4968;33,125;12,8525
c_4969;25,884615384615383;54,11115384615384
c_497;23,666666666666668;28,968333333333334
c_4970;43,588516746411486;11,974832535885167
c_4971;22,71875;51,0534375
c_4972;50,75454545454546;16,382272727272728
c_4973;38,61742424242424;12,876249999999999
c_4974;49,735537190082646;11,749669421487603
c_4975;39,67901234567901;14,915679012345679
c_4976;64,0;8,945
c_4977;40,72093023255814;14,521395348837208
c_4978;35,645833333333336;13,441354166666665
c_4979;23,565217391304348;58,74130434782609
c_498;64,8936170212766;20,915531914893617
c_4980;85,76923076923077;16,945384615384615
c_4981;28,7;61,45975
c_4982;63,676923076923075;19,11476923076923
c_4983;23,6;23,347
c_4984;18,571428571428573;95,06714285714285
c_4985;71,73134328358209;17,50820895522388
c_4986;35,588235294117645;11,646705882352942
c_4987;62,74226804123711;17,34587628865979
c_4988;37,659574468085104;13,926808510638297
c_4989;37,67605633802817;11,133098591549297
c_499;61,45652173913044;20,292391304347827
c_4990;45,78409090909091;12,550397727272726
c_4991;64,54736842105264;20,089894736842105
c_4992;44,464285714285715;12,091785714285715
c_4993;64,65656565656566;15,670404040404039
c_4994;18,63888888888889;41,495555555555555
c_4995;57,56;21,593000000000004
c_4996;43,5;12,409655172413792
c_4997;42,54716981132076;13,503962264150944
c_4998;21,714285714285715;41,238571428571426
c_4999;49,86046511627907;15,704186046511627
c_5;27,702970297029704;27,467326732673264
c_50;27,85185185185185;52,66061728395062
c_500;54,659574468085104;18,82063829787234
c_5000;19,612903225806452;23,77806451612903
c_5001;64,96296296296296;18,68148148148148
c_5002;65,66666666666667;20,585416666666667
c_5003;56,5;17,157999999999998
c_5004;67,768;16,4972
c_5005;29,25;46,595
c_5006;47,625;12,214583333333332
c_5007;20,696969696969695;41,626363636363635
c_5008;34,492063492063494;13,848253968253967
c_5009;66,8695652173913;16,36304347826087
c_501;49,57142857142857;16,16857142857143
c_5010;17,615384615384617;69,59461538461538
c_5011;46,72452830188679;13,534830188679246
c_5012;61,854166666666664;13,598333333333334
c_5013;68,3913043478261;15,48782608695652
c_5014;24,61111111111111;35,388333333333335
c_5015;45,648648648648646;13,02027027027027
c_5016;17,5;40,854375
c_5017;40,707070707070706;14,22020202020202
c_5018;23,37037037037037;58,15
c_5019;44,72527472527472;14,737692307692306
c_502;34,747252747252745;12,215274725274725
c_5020;57,54545454545455;16,234545454545454
c_5021;21,72972972972973;28,08432432432432
c_5022;41,676923076923075;13,416307692307692
c_5023;21,753623188405797;19,600434782608698
c_5024;18,8;41,962
c_5025;69,85074626865672;17,042238805970147
c_5026;42,640449438202246;16,765168539325842
c_5027;56,50704225352113;16,7043661971831
c_5028;56,58064516129032;13,198387096774193
c_5029;24,88888888888889;17,42111111111111
c_503;31,766871165644172;14,705276073619633
c_5030;48,71653543307087;12,314842519685039
c_5031;32,61006289308176;11,925660377358492
c_5032;44,68421052631579;21,52315789473684
c_5033;51,56818181818182;17,44159090909091
c_5034;18,761904761904763;21,95285714285714
c_5035;63,2;11,604
c_5036;79,67716535433071;15,306692913385827
c_5037;47,59585492227979;14,59181347150259
c_5038;55,72549019607843;14,234313725490196
c_5039;17,654761904761905;41,21714285714285
c_504;57,6015625;16,37640625
c_5040;30,77777777777778;14,644285714285715
c_5041;79,50980392156863;17,846666666666664
c_5042;26,6;61,48072727272727
c_5043;50,65359477124183;15,64797385620915
c_5044;44,490566037735846;15,281698113207549
c_5045;72,73684210526316;14,843684210526314
c_5046;48,62626262626262;14,882121212121211
c_5047;52,666666666666664;15,422380952380953
c_5048;66,7;13,2785
c_5049;42,42857142857143;13,246666666666666
c_505;62,41935483870968;17,719677419354838
c_5050;32,55555555555556;16,32236111111111
c_5051;49,48275862068966;13,14793103448276
c_5052;40,67307692307692;13,195705128205127
c_5053;17,571428571428573;34,035714285714285
c_5054;26,65714285714286;20,754
c_5055;51,857142857142854;18,650714285714287
c_5056;30,45762711864407;13,320423728813559
c_5057;50,483870967741936;12,518064516129032
c_5058;37,7536231884058;14,873260869565216
c_5059;17,5;28,244
c_506;84,85714285714286;15,230285714285714
c_5060;25,857142857142858;30,12142857142857
c_5061;22,94736842105263;74,91
c_5062;33,665625;12,60915625
c_5063;53,74418604651163;15,688720930232558
c_5064;77,625;15,209285714285715
c_5065;42,63425925925926;15,106435185185184
c_5066;31,717391304347824;12,462246376811594
c_5067;49,506493506493506;15,944805194805195
c_5068;17,681818181818183;33,54772727272727
c_5069;29,666666666666668;36,936190476190475
c_507;28,729166666666668;22,888958333333335
c_5070;49,75;16,390249999999998
c_5071;48,71508379888268;14,079720670391062
c_5072;26,666666666666668;34,39
c_5073;52,64935064935065;18,023636363636363
c_5074;44,493975903614455;14,303614457831326
c_5075;81,6875;14,868125
c_5076;61,79245283018868;19,50748427672956
c_5077;33,58173076923077;12,641874999999999
c_5078;45,75;12,12875
c_5079;53,95348837209303;14,774418604651162
c_508;71,5;17,88125
c_5080;27,0;118,49000000000001
c_5081;50,84444444444444;18,383333333333333
c_5082;20,833333333333332;43,74375
c_5083;66,33333333333333;17,344444444444445
c_5084;17,652173913043477;49,42565217391304
c_5085;21,76;42,4568
c_5086;34,63942307692308;12,221634615384614
c_5087;52,671052631578945;16,067105263157895
c_5088;51,74015748031496;15,881732283464567
c_5089;81,58928571428571;16,5825
c_509;65,61538461538461;18,55076923076923
c_5090;24,0;47,15888888888889
c_5091;26,61111111111111;36,36972222222222
c_5092;40,663316582914575;14,089346733668341
c_5093;45,68387096774194;12,40716129032258
c_5094;24,764705882352942;37,10602941176471
c_5095;42,578947368421055;15,53730994152047
c_5096;31,652173913043477;13,13695652173913
c_5097;19,622222222222224;22,30111111111111
c_5098;56,764044943820224;16,1638202247191
c_5099;82,55660377358491;19,11132075471698
c_51;46,62162162162162;13,984054054054052
c_510;55,72;14,3864
c_5100;50,6578947368421;29,597105263157896
c_5101;41,73275862068966;12,874827586206896
c_5102;50,53846153846154;13,823076923076922
c_5103;43,61538461538461;12,836923076923076
c_5104;41,560810810810814;13,002601351351352
c_5105;64,58181818181818;17,224363636363638
c_5106;55,752066115702476;16,78388429752066
c_5107;38,753246753246756;13,212987012987012
c_5108;43,67088607594937;12,465316455696202
c_5109;22,717391304347824;21,58282608695652
c_511;17,555555555555557;32,45074074074074
c_5110;39,50909090909091;10,847999999999999
c_5111;17,75;47,3485
c_5112;22,25;33,32375
c_5113;70,6218487394958;17,215126050420167
c_5114;26,767857142857142;56,54589285714285
c_5115;52,6;19,16142857142857
c_5116;59,43478260869565;14,553478260869566
c_5117;63,75;14,477314814814815
c_5118;27,666666666666668;63,788039215686275
c_5119;47,659574468085104;15,525319148936171
c_512;56,666666666666664;17,738666666666667
c_5120;46,79527559055118;12,408070866141733
c_5121;31,6;13,487714285714285
c_5122;20,869565217391305;68,76130434782608
c_5123;25,56923076923077;37,27661538461538
c_5124;70,61702127659575;16,057978723404254
c_5125;65,75824175824175;17,162307692307692
c_5126;29,23076923076923;55,23769230769231
c_5127;23,736842105263158;25,722105263157893
c_5128;22,529411764705884;30,443529411764704
c_5129;18,666666666666668;57,012499999999996
c_513;64,6;18,763333333333332
c_5130;47,645161290322584;13,613870967741935
c_5131;66,67619047619047;16,15095238095238
c_5132;29,647058823529413;44,91
c_5133;29,779411764705884;58,37897058823529
c_5134;39,54117647058823;12,013294117647058
c_5135;53,645669291338585;16,50795275590551
c_5136;63,42307692307692;16,311923076923076
c_5137;49,609375;13,34234375
c_5138;25,846153846153847;51,30282051282051
c_5139;21,8;61,589999999999996
c_514;35,81818181818182;13,099545454545455
c_5140;33,63265306122449;12,420408163265307
c_5141;55,5;20,205333333333332
c_5142;32,72727272727273;12,561818181818182
c_5143;33,59583333333333;11,955125
c_5144;20,609756097560975;43,688048780487804
c_5145;53,66216216216216;20,497297297297298
c_5146;59,74226804123711;13,321546391752578
c_5147;69,81538461538462;15,303846153846154
c_5148;27,857142857142858;26,53257142857143
c_5149;17,875;32,295625
c_515;21,5;41,3645
c_5150;37,61176470588235;14,08205882352941
c_5151;52,09615384615385;15,32326923076923
c_5152;35,554054054054056;11,928963963963964
c_5153;52,67741935483871;12,839032258064515
c_5154;68,91228070175438;16,29438596491228
c_5155;22,637931034482758;48,591206896551725
c_5156;56,6144578313253;15,903493975903615
c_5157;42,44117647058823;16,90558823529412
c_5158;39,82258064516129;11,99258064516129
c_5159;42,61797752808989;15,739325842696628
c_516;26,444444444444443;25,245555555555555
c_5160;25,74137931034483;47,014310344827585
c_5161;25,625;29,2825
c_5162;32,6;13,110242424242424
c_5163;63,67368421052632;16,804105263157894
c_5164;65,7375;14,6695
c_5165;67,71604938271605;14,95543209876543
c_5166;41,62987012987013;13,015454545454544
c_5167;24,869565217391305;28,520869565217392
c_5168;20,72;40,6836
c_5169;64,66153846153846;21,45
c_517;52,6;18,62942857142857
c_5170;50,92307692307692;19,066410256410254
c_5171;47,598930481283425;12,967272727272729
c_5172;66,60396039603961;14,876039603960397
c_5173;19,803030303030305;39,018484848484846
c_5174;60,70967741935484;13,178225806451612
c_5175;70,73076923076923;13,422820512820513
c_5176;17,75;45,408125000000005
c_5177;62,666666666666664;13,636666666666665
c_5178;55,8421052631579;14,53421052631579
c_5179;59,47826086956522;21,917391304347824
c_518;47,80434782608695;17,905652173913044
c_5180;34,61538461538461;16,12576923076923
c_5181;59,592592592592595;16,636666666666667
c_5182;66,74418604651163;15,401860465116279
c_5183;28,59259259259259;14,164074074074074
c_5184;65,73913043478261;15,219782608695652
c_5185;28,73076923076923;49,128461538461536
c_5186;24,718309859154928;45,48309859154929
c_5187;52,075;17,3905
c_5188;30,480392156862745;13,462745098039216
c_5189;37,59183673469388;15,852653061224489
c_519;67,71929824561404;17,755438596491228
c_5190;54,69512195121951;13,827073170731706
c_5191;38,611111111111114;18,651944444444442
c_5192;56,75714285714286;17,369142857142855
c_5193;26,23076923076923;44,091538461538455
c_5194;27,671232876712327;24,19150684931507
c_5195;21,59259259259259;29,697407407407407
c_5196;45,682758620689654;13,684137931034483
c_5197;24,5;57,885000000000005
c_5198;44,58467741935484;12,507056451612904
c_5199;17,542857142857144;43,62342857142857
c_52;62,333333333333336;13,243333333333334
c_520;25,608695652173914;54,81239130434783
c_5200;62,78260869565217;17,913478260869564
c_5201;37,628865979381445;12,129621993127147
c_5202;84,8;19,215263157894736
c_5203;19,694444444444443;31,90277777777778
c_5204;40,5;14,186451612903225
c_5205;50,58252427184466;17,35495145631068
c_5206;39,63978494623656;15,768440860215053
c_5207;24,677419354838708;37,04774193548387
c_5208;73,71223021582733;16,836115107913667
c_5209;27,884057971014492;19,369710144927534
c_521;51,76;16,6758
c_5210;83,42857142857143;15,526666666666667
c_5211;58,70886075949367;17,992784810126583
c_5212;42,64;12,694899999999999
c_5213;22,72093023255814;25,88186046511628
c_5214;50,68181818181818;16,118636363636362
c_5215;38,58450704225352;11,529436619718311
c_5216;50,563380281690144;18,108169014084506
c_5217;17,670886075949365;25,506708860759492
c_5218;24,444444444444443;38,03777777777778
c_5219;24,375;28,615
c_522;46,61818181818182;15,15781818181818
c_5220;29,675675675675677;48,02
c_5221;44,611111111111114;15,645185185185186
c_5222;54,65;20,026
c_5224;21,836363636363636;45,800363636363635
c_5225;18,677419354838708;24,86032258064516
c_5226;17,80952380952381;40,436349206349206
c_5227;53,723404255319146;13,107234042553191
c_5228;58,875;23,53125
c_5229;29,776119402985074;41,68835820895522
c_523;83,71428571428571;17,38285714285714
c_5230;24,8;87,565
c_5231;49,7801724137931;14,227198275862069
c_5232;31,25;14,23138888888889
c_5233;17,444444444444443;32,04666666666667
c_5234;55,79120879120879;15,702527472527473
c_5235;29,90909090909091;53,32409090909091
c_5236;48,65573770491803;9,881147540983607
c_5237;22,423076923076923;63,26653846153847
c_5238;39,567567567567565;14,431081081081082
c_5239;31,698795180722893;14,726626506024095
c_524;54,925925925925924;15,23037037037037
c_5240;69,55555555555556;19,655555555555555
c_5241;69,5;13,648333333333333
c_5242;18,72222222222222;48,556666666666665
c_5243;39,733333333333334;13,381333333333334
c_5244;61,61538461538461;16,561826923076925
c_5246;66,74;16,3392
c_5247;41,656410256410254;13,014
c_5248;53,56521739130435;16,50521739130435
c_5249;26,375;34,88375
c_525;37,87179487179487;11,214615384615385
c_5250;36,38709677419355;13,879032258064516
c_5251;76,7;22,043
c_5252;18,4;49,702999999999996
c_5253;25,565217391304348;56,32217391304347
c_5254;45,56521739130435;15,346521739130436
c_5255;52,48837209302326;21,735581395348838
c_5256;71,57142857142857;15,63404761904762
c_5257;49,56126482213439;13,733596837944663
c_5258;63,71604938271605;14,729629629629628
c_5259;31,67080745341615;16,110559006211183
c_526;24,03448275862069;27,520689655172415
c_5260;33,8448275862069;12,647413793103448
c_5261;43,5;15,051428571428572
c_5262;72,70967741935483;15,705483870967742
c_5263;23,877551020408163;51,09030612244897
c_5264;71,71186440677967;16,501525423728815
c_5265;64,44680851063829;18,578936170212767
c_5266;71,6875;12,7975
c_5267;22,576923076923077;30,951153846153847
c_5268;66,86013986013987;15,036993006993006
c_5269;57,63333333333333;16,424833333333332
c_527;33,71287128712871;13,083201320132014
c_5270;40,729729729729726;13,236036036036037
c_5271;52,851063829787236;14,65691489361702
c_5272;56,76470588235294;16,657647058823528
c_5273;57,73170731707317;19,520487804878048
c_5274;43,738219895287955;11,84109947643979
c_5275;57,65625;17,967187499999998
c_5276;51,77777777777778;15,662037037037036
c_5277;45,577639751552795;12,55975155279503
c_5278;17,804597701149426;46,44183908045977
c_5279;37,68370607028754;13,303546325878594
c_528;32,720588235294116;13,127647058823529
c_5280;32,64;16,903200000000002
c_5281;26,681818181818183;74,13545454545455
c_5282;25,2;44,075
c_5283;52,614285714285714;15,015285714285714
c_5284;65,25;19,223333333333333
c_5285;17,7;49,912666666666674
c_5286;55,625;14,745416666666666
c_5287;60,9375;14,0975
c_5288;57,82142857142857;18,03892857142857
c_5289;45,6822429906542;12,380607476635513
c_529;19,625;29,47
c_5290;34,5;12,539285714285715
c_5291;48,741379310344826;14,675632183908046
c_5292;58,82222222222222;15,205333333333334
c_5293;43,829787234042556;11,451489361702128
c_5294;42,57272727272727;12,567454545454547
c_5295;18,684931506849313;47,82027397260274
c_5296;64,62295081967213;18,18737704918033
c_5297;53,68571428571428;23,719714285714286
c_5298;22,45;52,544500000000006
c_5299;54,66129032258065;16,594677419354838
c_53;56,59722222222222;14,394305555555556
c_530;41,93478260869565;11,92304347826087
c_5300;64,60606060606061;14,175151515151514
c_5301;35,599303135888505;12,312648083623694
c_5302;92,8108108108108;14,838378378378378
c_5303;19,61111111111111;59,794999999999995
c_5304;24,363636363636363;49,13318181818182
c_5305;33,77272727272727;13,385606060606062
c_5306;18,612903225806452;41,181774193548385
c_5307;41,69117647058823;11,90235294117647
c_5308;52,53947368421053;15,913552631578948
c_5309;23,630434782608695;41,89347826086957
c_531;25,666666666666668;46,17456140350877
c_5310;37,64383561643836;11,474863013698629
c_5311;31,54255319148936;12,934999999999999
c_5312;44,5735294117647;12,408529411764706
c_5313;32,53703703703704;14,360185185185184
c_5314;38,6578947368421;13,839631578947369
c_5315;18,555555555555557;65,58333333333333
c_5316;17,605263157894736;34,11105263157895
c_5317;58,95454545454545;16,338636363636365
c_5318;81,73076923076923;18,160384615384615
c_5319;25,6;31,433000000000003
c_532;39,49295774647887;13,026901408450703
c_5320;78,54166666666667;16,52208333333333
c_5321;68,65060240963855;16,257590361445786
c_5322;39,57746478873239;19,946338028169016
c_5323;23,764705882352942;29,790470588235294
c_5324;47,69230769230769;12,686153846153845
c_5325;36,704402515723274;13,302389937106918
c_5326;27,61111111111111;54,41555555555556
c_5327;63,65625;14,0553125
c_5328;45,68888888888889;15,088888888888889
c_5329;17,44;47,2856
c_533;17,923076923076923;51,76384615384615
c_5330;31,71900826446281;11,339173553719007
c_5331;58,611111111111114;17,675555555555555
c_5332;50,66129032258065;15,326451612903226
c_5333;24,636363636363637;40,35318181818182
c_5334;75,65714285714286;15,949714285714286
c_5335;44,82539682539682;12,650158730158731
c_5336;53,794871794871796;16,30923076923077
c_5337;51,76;15,570799999999998
c_5338;58,627450980392155;19,532941176470587
c_5339;17,857142857142858;18,99
c_534;40,69767441860465;15,626511627906975
c_5340;35,72527472527472;13,139450549450551
c_5341;25,647058823529413;81,51235294117647
c_5342;59,910714285714285;18,33660714285714
c_5343;27,5;60,340833333333336
c_5344;37,61702127659574;14,099219858156028
c_5345;57,8433734939759;19,59253012048193
c_5346;31,665271966527197;12,66602510460251
c_5347;46,657534246575345;15,100410958904108
c_5348;51,5;20,1
c_5349;30,629032258064516;14,802903225806451
c_535;17,454545454545453;73,62636363636364
c_5350;23,285714285714285;42,43285714285714
c_5351;58,73684210526316;20,38578947368421
c_5352;43,695945945945944;12,03331081081081
c_5353;17,6;19,9836
c_5354;52,69426751592356;16,38573248407643
c_5355;58,629629629629626;18,36259259259259
c_5356;48,63513513513514;13,125472972972972
c_5357;31,643382352941178;13,428345588235294
c_5358;42,75;12,667416666666666
c_5359;39,609375;12,90390625
c_536;34,67300380228137;12,406007604562737
c_5360;35,666666666666664;13,85787878787879
c_5361;53,54545454545455;15,575999999999999
c_5362;41,63223140495868;14,138429752066116
c_5363;39,79347826086956;15,034565217391306
c_5364;19,555555555555557;33,57962962962963
c_5365;28,73076923076923;49,93442307692308
c_5366;80,7910447761194;15,805671641791045
c_5367;54,592;15,8804
c_5368;68,63157894736842;14,977368421052631
c_5369;28,583333333333332;37,39875
c_537;37,45161290322581;13,05741935483871
c_5370;41,517857142857146;13,975
c_5371;40,58914728682171;13,076666666666666
c_5372;20,5;71,7925
c_5373;38,83870967741935;12,481129032258066
c_5374;25,00952380952381;20,97104761904762
c_5375;43,54237288135593;16,097966101694915
c_5376;54,36842105263158;15,746842105263157
c_5377;35,75257731958763;13,172783505154639
c_5378;17,6;24,024
c_5379;77,7872340425532;19,53276595744681
c_538;49,57377049180328;14,270163934426229
c_5380;47,375;15,19875
c_5381;65,6938775510204;14,506938775510205
c_5382;26,72340425531915;64,29063829787233
c_5383;74,64285714285714;15,437142857142858
c_5384;20,733333333333334;72,61933333333333
c_5385;51,68539325842696;13,000449438202248
c_5386;44,72142857142857;13,7365
c_5387;65,95;16,1955
c_5388;71,5;17,78125
c_5389;33,73809523809524;12,124404761904762
c_539;79,80208333333333;17,52208333333333
c_5390;54,785714285714285;16,858214285714286
c_5391;51,4;7,378
c_5392;74,62105263157895;15,166526315789474
c_5393;17,875;41,75875
c_5394;75,8;16,97909090909091
c_5395;26,733333333333334;19,24233333333333
c_5396;30,454545454545453;11,581818181818182
c_5397;50,88461538461539;18,459230769230768
c_5398;20,5;123,4975
c_5399;69,67307692307692;12,154615384615385
c_54;35,65346534653465;12,265148514851484
c_540;41,833333333333336;12,005
c_5400;55,4;7,9
c_5401;37,5;27,94
c_5402;48,59230769230769;13,971153846153847
c_5403;52,765957446808514;14,133191489361701
c_5404;39,57487922705314;12,173913043478262
c_5405;47,748387096774195;13,165354838709677
c_5406;69,9;22,016
c_5407;50,68;27,6748
c_5408;42,74074074074074;13,509814814814815
c_5409;82,61702127659575;18,6431914893617
c_541;17,6875;39,878750000000004
c_5410;32,61194029850746;14,763880597014925
c_5411;33,76966292134831;12,837191011235955
c_5412;21,833333333333332;39,377916666666664
c_5413;42,68131868131868;14,067087912087912
c_5414;46,72222222222222;12,801666666666668
c_5415;21,4375;36,049375
c_5416;51,632075471698116;15,18688679245283
c_5417;52,73684210526316;19,73157894736842
c_5418;88,77083333333333;16,984791666666666
c_5419;22,714285714285715;41,08142857142857
c_542;66,70992366412214;17,314580152671756
c_5420;62,7;18,4
c_5421;56,0;16,216
c_5422;33,81318681318681;13,314835164835166
c_5423;45,714285714285715;12,358441558441559
c_5424;50,73770491803279;17,37311475409836
c_5425;40,32;12,999600000000001
c_5426;44,76190476190476;11,195833333333333
c_5427;17,5609756097561;52,6990243902439
c_5428;41,73913043478261;15,32231884057971
c_5429;53,53333333333333;14,277111111111111
c_543;42,53521126760563;12,876760563380282
c_5430;36,55;12,3722
c_5431;28,714285714285715;73,83857142857143
c_5432;88,5;23,578333333333333
c_5433;40,57831325301205;13,577469879518073
c_5434;56,611111111111114;15,288333333333334
c_5435;52,625;17,304791666666667
c_5436;17,5;58,95
c_5437;48,76223776223776;14,49958041958042
c_5438;56,57692307692308;15,755384615384616
c_5439;66,65789473684211;17,050263157894737
c_544;40,53658536585366;12,845365853658535
c_5440;17,583333333333332;54,8125
c_5441;64,744;16,41272
c_5442;49,6;12,237714285714285
c_5443;56,8125;16,8578125
c_5444;39,70666666666666;12,505533333333332
c_5445;59,8936170212766;16,54
c_5446;65,68595041322314;16,85330578512397
c_5447;48,872093023255815;13,179418604651163
c_5448;20,763157894736842;14,482894736842105
c_5449;37,6578073089701;13,765448504983388
c_545;49,746153846153845;15,466076923076923
c_5450;55,57627118644068;13,590508474576271
c_5451;39,55172413793103;13,423448275862068
c_5452;40,71568627450981;13,08343137254902
c_5453;31,70175438596491;12,55421052631579
c_5454;37,72560975609756;12,339146341463413
c_5455;55,61224489795919;14,874897959183674
c_5456;27,55294117647059;31,26776470588235
c_5457;17,69047619047619;56,99047619047619
c_5458;42,63809523809524;13,046666666666665
c_5459;44,63636363636363;14,335696969696968
c_546;17,804878048780488;37,48853658536585
c_5460;69,27272727272727;19,939090909090908
c_5461;47,630434782608695;12,719855072463767
c_5462;57,61654135338346;15,611729323308271
c_5463;22,761904761904763;34,144444444444446
c_5464;28,708333333333332;26,745
c_5465;33,333333333333336;10,642380952380952
c_5466;47,622093023255815;13,437151162790698
c_5467;29,68421052631579;54,22184210526316
c_5468;29,655172413793103;33,906551724137934
c_5469;61,54545454545455;13,075454545454544
c_547;20,697674418604652;59,30720930232558
c_5470;26,75;30,966249999999995
c_5471;17,625;46,8428125
c_5472;28,785714285714285;60,18714285714286
c_5473;52,58974358974359;16,486410256410256
c_5474;28,74468085106383;34,63468085106383
c_5475;19,761904761904763;45,981904761904765
c_5476;65,6875;19,9540625
c_5477;48,666666666666664;11,693235294117647
c_5478;67,48780487804878;19,133658536585365
c_5479;50,65;15,7136
c_548;71,74358974358974;16,713846153846156
c_5480;42,719298245614034;13,295263157894738
c_5481;40,476190476190474;9,24047619047619
c_5482;50,74074074074074;15,836666666666666
c_5483;32,69230769230769;13,29473372781065
c_5484;40,65263157894737;14,17421052631579
c_5485;21,741935483870968;38,501612903225805
c_5486;39,80451127819549;13,333007518796991
c_5487;44,689655172413794;11,809310344827585
c_5488;41,62931034482759;17,106379310344828
c_5489;44,48717948717949;12,955641025641025
c_549;40,651315789473685;13,925065789473685
c_5490;32,638888888888886;13,865833333333333
c_5491;52,60606060606061;12,533333333333333
c_5492;35,75555555555555;11,488888888888889
c_5493;53,733333333333334;17,86888888888889
c_5494;51,5;15,308333333333334
c_5495;58,45161290322581;16,82774193548387
c_5496;45,6;6,376
c_5497;32,63636363636363;13,068693181818183
c_5498;51,63157894736842;19,970526315789474
c_5499;22,555555555555557;46,24
c_55;28,761904761904763;32,86238095238095
c_550;52,708333333333336;15,088
c_5500;17,727272727272727;46,302727272727275
c_5501;64,70370370370371;17,66787037037037
c_5502;60,791044776119406;15,341194029850746
c_5503;43,70967741935484;12,466451612903224
c_5504;48,49180327868852;13,898688524590163
c_5505;69,83333333333333;18,649166666666666
c_5506;51,645161290322584;18,921612903225803
c_5507;57,688311688311686;15,135324675324677
c_5508;47,7;14,779857142857141
c_5509;21,384615384615383;23,983076923076922
c_551;23,76923076923077;57,23076923076923
c_5510;80,68;17,339733333333335
c_5511;45,603053435114504;13,170839694656488
c_5512;85,5909090909091;16,549090909090907
c_5513;65,74285714285715;15,602857142857143
c_5514;31,58490566037736;12,785471698113207
c_5515;22,666666666666668;55,74333333333334
c_5516;17,755555555555556;31,980888888888884
c_5517;19,758064516129032;56,26774193548387
c_5518;18,545454545454547;38,974999999999994
c_5519;27,6;70,20977777777777
c_552;52,869565217391305;17,913478260869564
c_5520;38,70967741935484;12,352064516129031
c_5521;28,428571428571427;64,76071428571429
c_5522;47,5945945945946;12,934594594594595
c_5523;51,64367816091954;16,478965517241377
c_5524;44,523809523809526;11,14595238095238
c_5525;62,75806451612903;22,270967741935483
c_5526;23,649122807017545;31,986666666666668
c_5527;29,5;54,185
c_5528;48,62;15,785499999999999
c_5529;35,61224489795919;14,732380952380952
c_553;72,65306122448979;16,58
c_5530;64,77215189873418;15,77
c_5531;33,66153846153846;10,99276923076923
c_5532;68,56989247311827;22,036666666666665
c_5533;56,71875;17,059375
c_5534;33,71875;12,28015625
c_5535;49,70348837209303;15,243837209302326
c_5536;49,674418604651166;12,350232558139536
c_5537;44,7047619047619;12,255238095238095
c_5538;25,7;46,849000000000004
c_5539;53,69230769230769;14,77646153846154
c_554;42,766323024054984;13,115841924398625
c_5540;34,57142857142857;13,317857142857143
c_5541;44,765957446808514;12,051063829787234
c_5542;48,666666666666664;12,225641025641027
c_5543;39,604166666666664;16,312083333333334
c_5544;73,6421052631579;15,765052631578948
c_5545;39,68561872909699;11,978361204013376
c_5546;17,857142857142858;40,01392857142857
c_5547;86,53333333333333;11,443333333333333
c_5548;25,52173913043478;63,23695652173913
c_5549;17,755555555555556;38,534444444444446
c_555;30,689655172413794;13,520804597701149
c_5550;76,75;15,110535714285714
c_5551;69,65517241379311;17,46508620689655
c_5552;36,63228699551569;12,49730941704036
c_5553;27,636363636363637;22,930909090909093
c_5554;67,76422764227642;18,733739837398375
c_5555;51,625;16,525
c_5556;27,91891891891892;34,21918918918919
c_5557;32,731404958677686;12,771735537190082
c_5558;84,64227642276423;16,158048780487807
c_5559;74,92105263157895;26,495526315789476
c_556;81,68032786885246;17,556229508196722
c_5560;35,58156028368794;11,072624113475177
c_5561;79,6470588235294;18,26529411764706
c_5562;83,75;16,506842105263157
c_5563;23,482758620689655;52,12034482758621
c_5564;56,656716417910445;13,415074626865671
c_5565;70,6938775510204;19,641632653061222
c_5566;41,869565217391305;13,636521739130433
c_5567;52,705882352941174;17,129411764705882
c_5568;53,645161290322584;17,34709677419355
c_5569;46,51851851851852;14,587407407407408
c_557;43,71641791044776;11,592388059701491
c_5570;45,484375;21,136875
c_5571;42,9;16,76222222222222
c_5572;60,74074074074074;21,06111111111111
c_5573;71,69047619047619;16,672857142857143
c_5574;17,661016949152543;60,45457627118643
c_5575;27,717391304347824;44,9304347826087
c_5576;47,43478260869565;13,161739130434784
c_5577;31,580188679245282;11,408301886792453
c_5578;68,57692307692308;15,592307692307692
c_5579;28,735294117647058;57,523529411764706
c_558;17,46875;44,215625
c_5580;43,73134328358209;15,012537313432837
c_5581;65,70967741935483;16,418064516129032
c_5582;26,38095238095238;24,56
c_5583;29,90909090909091;19,36
c_5584;37,54255319148936;13,485
c_5585;67,4186046511628;16,621860465116278
c_5586;81,76470588235294;24,45235294117647
c_5587;44,72222222222222;11,318611111111112
c_5588;77,5945945945946;18,09162162162162
c_5589;19,466666666666665;56,279555555555554
c_559;68,74025974025975;15,388051948051947
c_5590;37,54545454545455;17,847363636363635
c_5591;59,73684210526316;17,088631578947368
c_5592;32,431372549019606;13,571176470588235
c_5593;57,15384615384615;26,107307692307693
c_5594;46,59756097560975;12,667926829268293
c_5595;18,52777777777778;35,21361111111111
c_5596;58,421052631578945;16,966315789473686
c_5597;18,685185185185187;39,2787037037037
c_5598;21,782608695652176;20,15
c_5599;67,66666666666667;17,157466666666664
c_56;40,78111587982833;15,771802575107296
c_560;33,57142857142857;9,820357142857143
c_5600;33,77391304347826;13,206478260869565
c_5601;59,604395604395606;18,077142857142857
c_5602;32,64589235127479;13,171756373937678
c_5603;47,70238095238095;13,28547619047619
c_5604;84,74603174603175;18,552222222222223
c_5605;52,54545454545455;14,76969696969697
c_5606;62,72727272727273;12,049999999999999
c_5607;71,6734693877551;15,18265306122449
c_5608;48,69230769230769;12,771538461538462
c_5609;40,55309734513274;12,725884955752214
c_561;22,636363636363637;45,92333333333333
c_5610;36,776041666666664;15,146770833333333
c_5611;36,48888888888889;12,831555555555555
c_5612;19,746835443037973;27,573291139240506
c_5613;51,751724137931035;15,605655172413794
c_5614;79,63636363636364;14,393939393939394
c_5615;41,670731707317074;13,816951219512195
c_5616;21,62962962962963;33,47851851851852
c_5617;29,266666666666666;29,706
c_5618;68,63235294117646;20,288088235294115
c_5619;68,70238095238095;17,611666666666665
c_562;47,71951219512195;11,655975609756098
c_5620;24,375;29,2175
c_5621;31,695121951219512;14,210813008130081
c_5622;52,5609756097561;15,777073170731708
c_5623;17,727272727272727;51,82090909090909
c_5624;49,60606060606061;10,312121212121212
c_5625;79,53125;15,260625
c_5626;82,57142857142857;20,39265306122449
c_5627;24,80263157894737;50,89934210526316
c_5628;65,6;14,267249999999999
c_5629;56,54368932038835;14,24135922330097
c_563;19,622222222222224;36,36822222222222
c_5630;22,75;63,06527777777777
c_5631;43,74242424242424;13,722272727272726
c_5632;65,81818181818181;18,03863636363636
c_5633;35,875;16,939500000000002
c_5634;29,7972972972973;32,97702702702702
c_5635;24,5;63,537499999999994
c_5636;32,705882352941174;12,279080882352941
c_5637;87,57692307692308;11,75423076923077
c_5638;31,573170731707318;13,954756097560976
c_5639;46,66147859922179;13,454591439688716
c_564;36,68421052631579;13,327236842105263
c_5640;53,0;16,259999999999998
c_5641;29,8;37,69
c_5642;30,520325203252032;14,410081300813008
c_5643;53,53174603174603;15,840873015873017
c_5644;38,666666666666664;12,648888888888889
c_5645;17,72151898734177;48,698354430379744
c_5646;73,78260869565217;15,199565217391303
c_5647;64,55405405405405;18,362027027027025
c_5648;17,75;57,202999999999996
c_5649;17,75;61,277499999999996
c_565;42,78888888888889;14,156666666666666
c_5650;47,747252747252745;14,607362637362638
c_5651;57,51282051282051;16,903846153846153
c_5652;54,605633802816904;15,589436619718308
c_5653;44,607142857142854;11,200059523809523
c_5654;55,72164948453608;18,671340206185565
c_5655;72,78;18,6527
c_5656;17,677966101694917;17,265254237288136
c_5657;65,875;12,806249999999999
c_5658;40,55357142857143;13,369464285714285
c_5659;20,625;23,99
c_566;39,68;14,96256
c_5660;44,63157894736842;13,329323308270677
c_5661;52,416666666666664;12,13
c_5662;23,930555555555557;45,27361111111111
c_5663;37,685344827586206;13,230344827586206
c_5664;24,727272727272727;21,505757575757574
c_5665;33,60377358490566;17,315471698113207
c_5666;19,772727272727273;40,644090909090906
c_5667;67,79166666666667;15,300833333333332
c_5668;29,727272727272727;32,41909090909091
c_5669;66,75;12,993333333333332
c_567;17,674418604651162;31,501860465116277
c_5670;33,685483870967744;12,980241935483871
c_5671;40,568627450980394;12,912745098039215
c_5672;52,65151515151515;14,685151515151516
c_5673;17,614035087719298;22,908070175438596
c_5674;33,648148148148145;13,440586419753087
c_5675;52,65079365079365;18,3231746031746
c_5676;32,5;11,401666666666666
c_5677;64,67948717948718;16,54692307692308
c_5678;63,666666666666664;10,864444444444445
c_5679;27,766666666666666;17,931666666666665
c_568;26,674418604651162;32,02186046511628
c_5680;49,64545454545455;15,045
c_5681;56,81443298969072;18,901649484536083
c_5682;78,75590551181102;15,942204724409448
c_5683;29,548387096774192;46,38225806451614
c_5684;59,74418604651163;17,226976744186047
c_5685;31,689655172413794;12,931793103448275
c_5686;22,68421052631579;33,223684210526315
c_5687;79,58695652173913;18,27173913043478
c_5688;24,72;35,282999999999994
c_5689;42,66796875;13,014296875
c_569;27,82191780821918;35,33547945205479
c_5690;17,23076923076923;47,54846153846154
c_5691;18,46;31,2244
c_5692;55,83870967741935;16,10290322580645
c_5693;51,63793103448276;15,674137931034483
c_5694;39,75961538461539;13,170721153846152
c_5695;28,666666666666668;50,36833333333333
c_5696;59,48148148148148;18,31111111111111
c_5697;33,611111111111114;12,248472222222222
c_5698;34,710144927536234;12,691739130434783
c_5699;68,57407407407408;18,105555555555554
c_57;60,40425531914894;17,188510638297874
c_570;43,56842105263158;12,812842105263158
c_5700;26,642857142857142;53,89785714285714
c_5701;68,60606060606061;14,608030303030302
c_5702;33,58695652173913;14,317717391304347
c_5703;21,627906976744185;28,56
c_5704;53,775862068965516;13,93155172413793
c_5705;35,63333333333333;13,298833333333333
c_5706;32,8;12,114666666666666
c_5707;31,63157894736842;12,6075
c_5708;20,55;44,0045
c_5709;29,78723404255319;50,27680851063829
c_571;37,68260869565217;13,915173913043477
c_5710;18,75;35,4045
c_5711;55,50909090909091;17,620545454545454
c_5712;45,696774193548386;13,856258064516128
c_5713;40,851351351351354;11,653648648648648
c_5714;49,638888888888886;12,532592592592593
c_5715;25,941176470588236;36,21941176470588
c_5716;17,681818181818183;37,20079545454546
c_5717;42,857142857142854;11,399714285714285
c_5718;44,70454545454545;13,86375
c_5719;38,638888888888886;14,02031746031746
c_572;47,63986013986014;13,950524475524475
c_5720;56,77181208053691;17,191543624161074
c_5721;19,5;29,49
c_5722;42,87012987012987;14,409090909090908
c_5723;46,457142857142856;12,136285714285714
c_5724;24,77777777777778;47,15777777777778
c_5725;46,61924686192469;13,49246861924686
c_5726;43,60493827160494;11,897283950617282
c_5727;52,67368421052632;20,045157894736843
c_5728;24,62962962962963;29,43074074074074
c_5729;50,48888888888889;20,583555555555556
c_573;50,59574468085106;15,554255319148934
c_5730;57,88405797101449;16,414202898550723
c_5731;34,76923076923077;9,967692307692307
c_5732;43,60526315789474;15,079473684210527
c_5733;47,596774193548384;12,366451612903226
c_5734;17,571428571428573;101,82000000000001
c_5735;25,307692307692307;23,728461538461538
c_5736;26,696969696969695;20,804646464646463
c_5737;40,6986301369863;11,97931506849315
c_5738;45,67567567567568;14,607387387387387
c_5739;28,60810810810811;38,701351351351356
c_574;52,67164179104478;19,324925373134327
c_5740;17,857142857142858;41,83428571428571
c_5741;61,68316831683168;15,519702970297029
c_5742;31,727272727272727;12,689431818181818
c_5743;44,542857142857144;12,62342857142857
c_5744;62,5;18,91
c_5745;47,7;12,77646153846154
c_5746;39,74285714285714;12,675
c_5747;19,125;27,578125
c_5748;23,766666666666666;46,47133333333333
c_5749;17,857142857142858;18,185714285714283
c_575;49,72;13,055299999999999
c_5750;77,70666666666666;16,438399999999998
c_5751;46,69230769230769;20,88076923076923
c_5752;40,3;10,0205
c_5753;73,71428571428571;17,621714285714287
c_5754;29,454545454545453;66,14181818181818
c_5755;31,450704225352112;14,541126760563381
c_5756;59,737864077669904;18,382135922330097
c_5757;25,470588235294116;53,95705882352941
c_5758;43,90909090909091;14,56939393939394
c_5759;31,592760180995477;12,45366515837104
c_576;65,61764705882354;18,75470588235294
c_5760;44,580357142857146;12,583214285714286
c_5761;65,65714285714286;13,879714285714286
c_5762;33,71764705882353;13,87935294117647
c_5763;37,644067796610166;11,666271186440676
c_5764;18,933333333333334;26,4515
c_5765;69,66666666666667;15,371764705882354
c_5766;61,77777777777778;17,874444444444446
c_5767;42,71764705882353;12,405529411764705
c_5768;53,84444444444444;15,919777777777778
c_5769;56,7;14,830333333333332
c_577;92,75652173913043;15,912695652173914
c_5770;44,5;13,179999999999998
c_5771;25,821428571428573;28,79678571428571
c_5772;46,65384615384615;13,428307692307692
c_5773;27,645833333333332;52,94875
c_5774;24,444444444444443;14,33
c_5775;72,53846153846153;16,076153846153847
c_5776;43,62765957446808;10,428829787234042
c_5777;23,75;65,96000000000001
c_5778;43,45454545454545;12,280909090909091
c_5779;21,944444444444443;45,215
c_578;79,64406779661017;17,08271186440678
c_5780;71,57894736842105;19,707105263157896
c_5781;76,65277777777777;15,15986111111111
c_5782;46,736434108527135;12,443023255813953
c_5783;53,666666666666664;14,336296296296295
c_5784;68,84210526315789;24,60578947368421
c_5785;38,58163265306123;12,419693877551019
c_5786;19,708333333333332;45,96625
c_5787;35,654761904761905;13,828333333333333
c_5788;71,75862068965517;14,651379310344828
c_5789;82,80281690140845;16,216760563380284
c_579;42,72803347280335;13,564895397489538
c_5790;37,724806201550386;12,800542635658914
c_5791;22,03846153846154;59,10846153846155
c_5792;30,647058823529413;12,971372549019607
c_5793;61,57142857142857;16,387142857142855
c_5794;63,59183673469388;14,443061224489796
c_5795;66,82089552238806;17,12955223880597
c_5796;36,69047619047619;13,617619047619046
c_5797;38,60287081339713;13,696842105263157
c_5798;43,721518987341774;17,180506329113925
c_5799;59,76229508196721;16,174098360655737
c_58;18,794871794871796;42,27461538461539
c_580;33,767857142857146;12,740208333333333
c_5800;17,58974358974359;53,017820512820514
c_5801;53,65909090909091;14,485681818181819
c_5802;22,555555555555557;31,87740740740741
c_5803;52,70666666666666;14,660933333333332
c_5804;43,68421052631579;14,776842105263157
c_5805;67,69444444444444;16,701203703703705
c_5806;43,76923076923077;14,335897435897436
c_5807;22,72222222222222;36,04666666666666
c_5808;64,71604938271605;19,251975308641978
c_5809;44,68;12,1924
c_581;17,75;40,5728125
c_5810;55,891891891891895;13,287027027027026
c_5811;42,74074074074074;16,394814814814815
c_5812;31,763157894736842;13,02921052631579
c_5813;45,609756097560975;12,704634146341464
c_5814;24,897435897435898;26,1325641025641
c_5815;37,63333333333333;12,419722222222223
c_5816;58,2;15,381
c_5817;20,74468085106383;46,53595744680851
c_5818;43,62765957446808;12,85127659574468
c_5819;30,64375;12,8266875
c_582;80,66666666666667;13,735
c_5820;85,58974358974359;12,633333333333333
c_5821;46,483870967741936;10,995161290322581
c_5822;49,71610169491525;12,643050847457626
c_5823;67,75;17,759545454545453
c_5824;25,869565217391305;74,18
c_5825;29,666666666666668;35,95846153846154
c_5826;26,72222222222222;28,657592592592593
c_5827;42,77142857142857;14,486714285714285
c_5828;23,727272727272727;49,68272727272727
c_5829;32,0;8,035
c_583;17,74576271186441;25,148474576271187
c_5830;23,75;33,10888888888889
c_5831;47,94117647058823;13,925882352941176
c_5832;44,689655172413794;13,489655172413793
c_5833;34,748387096774195;12,44883870967742
c_5834;62,710144927536234;16,924927536231884
c_5835;30,682926829268293;12,634573170731707
c_5836;47,683673469387756;15,525918367346938
c_5837;61,76923076923077;14,091153846153846
c_5838;67,375;14,0125
c_5839;58,45454545454545;14,410909090909092
c_584;17,529411764705884;27,472941176470584
c_5840;53,44186046511628;16,129767441860466
c_5841;25,625;63,19765625
c_5842;34,64331210191083;12,749235668789808
c_5843;33,81308411214953;13,548411214953271
c_5844;38,69387755102041;15,02408163265306
c_5845;21,657894736842106;55,711052631578944
c_5846;17,48;25,863199999999996
c_5847;39,46551724137931;13,545
c_5848;25,583333333333332;29,484166666666667
c_5849;18,571428571428573;46,64809523809524
c_585;34,656;12,24784
c_5850;66,73076923076923;17,695384615384615
c_5851;42,8;12,6294
c_5852;41,75609756097561;13,791829268292684
c_5853;66,5;18,495
c_5854;54,142857142857146;23,592857142857145
c_5855;56,67142857142857;18,528142857142857
c_5856;55,71739130434783;14,005652173913044
c_5857;18,571428571428573;34,00714285714285
c_5858;37,836363636363636;14,640545454545455
c_5859;41,65384615384615;12,655576923076923
c_586;31,38888888888889;11,07
c_5860;49,6;12,45875
c_5861;43,76732673267327;11,424653465346536
c_5862;32,89795918367347;11,501632653061225
c_5863;67,5;19,720000000000002
c_5864;35,63963963963964;13,926936936936936
c_5865;25,9375;51,80375
c_5866;61,69230769230769;18,656923076923075
c_5867;34,613382899628256;12,50546468401487
c_5868;49,566265060240966;11,539578313253012
c_5869;69,61261261261261;19,014594594594595
c_5870;37,6231884057971;12,132463768115942
c_5871;25,0;21,240000000000002
c_5872;57,5625;20,23
c_5873;34,46153846153846;12,74
c_5874;58,666666666666664;17,61
c_5875;42,54666666666667;12,447066666666666
c_5876;63,59090909090909;16,148333333333333
c_5877;56,714285714285715;17,482857142857142
c_5878;21,72222222222222;28,921111111111106
c_5879;34,521126760563384;14,312112676056337
c_588;40,654205607476634;11,607990654205608
c_5880;42,640625;12,6203125
c_5881;22,818181818181817;24,284545454545455
c_5882;45,588235294117645;12,232156862745098
c_5883;31,675324675324674;12,009545454545455
c_5884;20,526315789473685;41,52280701754386
c_5885;34,68333333333333;11,358833333333333
c_5886;52,755102040816325;16,17020408163265
c_5887;52,529411764705884;14,43764705882353
c_5888;75,71428571428571;18,71392857142857
c_5889;50,72727272727273;21,25121212121212
c_589;17,824324324324323;42,44297297297297
c_5890;64,65060240963855;17,61566265060241
c_5891;63,725;15,3385
c_5892;44,57377049180328;14,147213114754098
c_5893;67,82352941176471;22,533529411764704
c_5894;46,589371980676326;12,839951690821255
c_5895;50,53741496598639;15,732789115646257
c_5896;36,666666666666664;14,20940476190476
c_5897;17,821428571428573;29,846071428571427
c_5898;30,686153846153847;14,051169230769231
c_5899;25,547169811320753;44,3311320754717
c_59;45,66101694915254;13,922542372881354
c_590;37,457142857142856;11,463428571428572
c_5900;18,692307692307693;65,62884615384615
c_5901;23,615384615384617;30,209615384615386
c_5902;17,56179775280899;15,831460674157304
c_5903;25,842105263157894;60,75842105263157
c_5904;51,6;18,59575
c_5905;17,576923076923077;26,800384615384612
c_5906;46,65384615384615;11,975769230769231
c_5907;30,71361502347418;13,01643192488263
c_5908;57,625;19,807125
c_5909;43,52173913043478;11,290869565217392
c_591;48,57487922705314;13,763864734299517
c_5910;54,56363636363636;13,144363636363636
c_5911;47,70909090909091;12,776145454545455
c_5912;40,75438596491228;11,133157894736843
c_5913;38,55;14,3105
c_5914;20,666666666666668;68,83911111111111
c_5915;55,44;23,6948
c_5916;17,5;42,9928125
c_5917;44,450980392156865;11,999019607843138
c_5918;24,842105263157894;19,30017543859649
c_5919;66,0;7,99
c_592;39,708333333333336;15,087222222222222
c_5920;55,833333333333336;14,755666666666665
c_5921;43,69491525423729;12,236723163841809
c_5922;44,61329305135952;12,461087613293051
c_5923;41,55769230769231;13,303461538461537
c_5924;39,66326530612245;14,037091836734694
c_5925;84,78787878787878;14,988181818181816
c_5926;66,725;14,35675
c_5927;26,714285714285715;51,26265306122449
c_5928;52,875;14,821458333333332
c_5929;37,71111111111111;12,401555555555554
c_593;63,22222222222222;15,254444444444443
c_5930;26,0;43,03933333333334
c_5931;22,0;21,865
c_5932;59,69565217391305;16,83111801242236
c_5933;37,50666666666667;13,405066666666666
c_5934;28,642857142857142;39,20928571428571
c_5935;43,67857142857143;13,96542207792208
c_5936;60,57692307692308;18,107307692307693
c_5937;21,939393939393938;19,440303030303028
c_5938;45,86363636363637;14,808506493506492
c_5939;25,672131147540984;44,9255737704918
c_594;69,72413793103448;12,665862068965517
c_5940;43,50209205020921;12,650167364016736
c_5941;70,63829787234043;18,185
c_5942;17,62962962962963;42,89962962962963
c_5943;61,76086956521739;23,50782608695652
c_5944;71,6086956521739;19,36413043478261
c_5945;44,55102040816327;13,921836734693876
c_5946;18,52;33,7884
c_5947;63,724137931034484;12,965172413793104
c_5948;36,67383512544803;14,523512544802868
c_5949;36,601476014760145;11,94339483394834
c_595;65,76470588235294;18,581274509803922
c_5950;34,57692307692308;13,293701923076924
c_5951;39,416666666666664;21,194166666666664
c_5952;62,64;16,855999999999998
c_5953;35,736559139784944;12,930026881720432
c_5954;79,68686868686869;15,21959595959596
c_5955;48,72159090909091;12,655681818181819
c_5956;20,857142857142858;45,832380952380944
c_5957;42,57425742574257;10,742673267326733
c_5958;21,576923076923077;17,316153846153846
c_5959;25,625;21,741249999999997
c_596;19,565217391304348;53,973913043478255
c_5960;35,585798816568044;12,923313609467455
c_5961;59,6578947368421;15,137105263157896
c_5962;24,0;13,99
c_5963;17,703703703703702;19,381851851851852
c_5964;81,86;15,4048
c_5965;82,58333333333333;12,525277777777777
c_5966;70,86666666666666;9,564666666666666
c_5967;18,666666666666668;91,8
c_5968;33,791666666666664;12,596607142857144
c_5969;56,644067796610166;15,697966101694915
c_597;17,0;40,553333333333335
c_5970;40,72641509433962;12,351415094339623
c_5971;59,859375;16,044375
c_5972;47,54237288135593;14,354067796610169
c_5973;53,78947368421053;29,584736842105265
c_5974;63,63779527559055;15,774803149606297
c_5975;42,371428571428574;17,103428571428573
c_5976;33,61842105263158;14,22486842105263
c_5977;39,71232876712329;13,061712328767124
c_5978;35,58163265306123;12,831836734693878
c_5979;17,555555555555557;40,665
c_598;56,813559322033896;16,958305084745763
c_5980;17,69047619047619;68,57119047619047
c_5981;47,63793103448276;13,614913793103447
c_5982;35,69565217391305;15,080217391304346
c_5983;61,57142857142857;15,1025974025974
c_5984;38,7;12,08672
c_5985;86,65079365079364;18,671746031746032
c_5986;78,6304347826087;17,566304347826087
c_5987;37,41379310344828;18,75413793103448
c_5988;40,61764705882353;14,939117647058824
c_5989;50,71212121212121;18,51840909090909
c_599;22,771428571428572;33,774
c_5990;26,0;42,472280701754386
c_5991;63,69230769230769;15,9825
c_5992;63,964285714285715;14,654642857142857
c_5993;37,627450980392155;13,78375816993464
c_5994;17,65;39,382
c_5995;29,346938775510203;38,60040816326531
c_5996;40,69090909090909;13,469818181818182
c_5997;53,7047619047619;17,919238095238097
c_5998;68,64285714285714;13,806785714285713
c_5999;17,657894736842106;52,72026315789474
c_6;17,8625;53,416
c_60;37,662921348314605;13,46056179775281
c_600;26,363636363636363;38,88727272727272
c_6000;84,57142857142857;19,103571428571428
c_6001;28,64864864864865;45,056486486486484
c_6002;25,666666666666668;26,104222222222223
c_6003;41,749049429657795;14,280380228136881
c_6004;56,75;16,43875
c_6005;33,69805194805195;12,127467532467533
c_6006;63,0;15,51
c_6007;49,667820069204154;13,911937716262974
c_6008;65,6923076923077;15,715076923076921
c_6009;46,574074074074076;23,38037037037037
c_601;31,666666666666668;12,533333333333333
c_6010;38,714285714285715;13,51938775510204
c_6011;48,61904761904762;12,027857142857142
c_6012;59,54347826086956;17,113043478260867
c_6013;28,62962962962963;48,773703703703696
c_6014;48,67914438502674;13,82470588235294
c_6015;31,662337662337663;13,136753246753246
c_6016;71,675;15,718250000000001
c_6017;32,69230769230769;12,301794871794872
c_6018;73,57575757575758;16,527272727272727
c_6019;52,67460317460318;16,450555555555557
c_602;75,70873786407768;16,29
c_6020;27,5;24,36307692307692
c_6021;34,266666666666666;14,644
c_6022;55,333333333333336;11,6
c_6023;20,88888888888889;38,90266666666666
c_6024;56,69444444444444;17,886111111111113
c_6025;64,80263157894737;15,753947368421052
c_6026;23,666666666666668;57,39694444444444
c_6027;45,9041095890411;12,43917808219178
c_6028;17,517241379310345;47,56413793103448
c_6029;24,53846153846154;28,772307692307695
c_603;79,54347826086956;16,717173913043478
c_6030;55,59090909090909;15,673484848484849
c_6031;18,78;21,93
c_6032;26,703703703703702;85,33296296296295
c_6033;42,63309352517986;14,964748201438848
c_6034;33,75675675675676;15,101081081081082
c_6035;20,923076923076923;35,71961538461538
c_6036;34,75;13,43275
c_6037;35,46511627906977;11,341860465116278
c_6038;19,77777777777778;55,23638888888889
c_6039;35,7;13,126
c_604;42,875;14,000499999999999
c_6040;47,0;7,86
c_6041;59,76470588235294;16,319411764705883
c_6042;59,70967741935484;16,16268817204301
c_6043;39,79545454545455;12,33965909090909
c_6044;65,75;18,91357142857143
c_6045;54,62068965517241;17,832758620689653
c_6046;17,790697674418606;38,82093023255814
c_6047;87,76923076923077;18,43
c_6048;35,7536231884058;10,004492753623188
c_6049;57,0;14,41
c_605;30,59021406727829;12,1465749235474
c_6050;30,671641791044777;14,207910447761193
c_6051;50,69230769230769;14,837948717948716
c_6052;82,74698795180723;14,623253012048194
c_6053;47,75;10,995000000000001
c_6054;72,74193548387096;17,990967741935485
c_6055;22,655172413793103;23,812413793103445
c_6056;28,796875;48,6853125
c_6057;35,614634146341466;13,995073170731706
c_6058;53,666666666666664;18,87222222222222
c_6059;44,61739130434783;12,097999999999999
c_606;39,745098039215684;18,361372549019606
c_6060;33,672413793103445;16,608620689655172
c_6061;36,66981132075472;13,12132075471698
c_6062;41,84615384615385;14,889999999999999
c_6063;43,48979591836735;12,910204081632653
c_6064;51,513513513513516;17,831621621621622
c_6065;61,64705882352941;13,54970588235294
c_6066;34,90384615384615;17,951923076923077
c_6067;49,702222222222225;14,31791111111111
c_6068;20,625;51,32270833333333
c_6069;27,658536585365855;47,27463414634146
c_607;35,694117647058825;14,707176470588234
c_6070;49,49180327868852;12,314754098360655
c_6071;40,583333333333336;12,773333333333333
c_6072;18,357142857142858;17,636785714285715
c_6073;43,798701298701296;11,913116883116883
c_6074;44,71134020618557;14,129484536082474
c_6075;40,61888111888112;12,5929020979021
c_6076;31,722513089005236;12,2034554973822
c_6077;29,454545454545453;52,42818181818182
c_6078;53,73684210526316;17,932
c_6079;21,22222222222222;38,74666666666666
c_608;42,610169491525426;13,325254237288137
c_6080;63,73770491803279;16,864590163934427
c_6081;65,67647058823529;13,577941176470588
c_6082;38,55140186915888;13,340280373831776
c_6083;22,706666666666667;25,842666666666666
c_6084;19,697674418604652;31,899767441860465
c_6085;26,733333333333334;42,611999999999995
c_6086;65,67307692307692;20,939999999999998
c_6087;44,75;13,211777777777778
c_6088;50,733333333333334;16,097333333333335
c_6089;24,606060606060606;21,32272727272727
c_609;17,823529411764707;21,97364705882353
c_6090;58,76;16,68016
c_6091;20,64406779661017;35,37491525423729
c_6092;20,732394366197184;32,190704225352114
c_6093;68,76470588235294;17,206117647058825
c_6094;44,459016393442624;12,808032786885246
c_6095;25,608695652173914;36,28304347826087
c_6096;55,55555555555556;14,962222222222222
c_6097;49,69444444444444;13,261666666666667
c_6098;54,475;12,001
c_6099;39,53932584269663;13,439101123595504
c_61;42,71052631578947;12,60375
c_610;32,78333333333333;19,192333333333334
c_6100;80,61206896551724;18,39094827586207
c_6101;32,72222222222222;12,305444444444445
c_6102;38,544642857142854;12,43517857142857
c_6103;68,75;20,4209375
c_6104;81,89285714285714;12,900357142857143
c_6105;52,653543307086615;15,886299212598425
c_6106;30,606060606060606;12,775530303030303
c_6107;30,721115537848604;12,826414342629482
c_6108;39,614814814814814;14,370444444444445
c_6109;37,5959595959596;14,57212121212121
c_611;34,67687074829932;12,509863945578232
c_6110;33,57692307692308;15,030769230769229
c_6111;42,75;13,870833333333334
c_6112;33,68421052631579;15,289005847953216
c_6113;28,53846153846154;40,81269230769231
c_6114;78,58333333333333;15,497333333333334
c_6115;43,51724137931034;14,701724137931034
c_6116;29,547619047619047;42,62238095238095
c_6117;63,56521739130435;15,348695652173912
c_6118;74,57831325301204;17,145180722891567
c_6119;56,6875;18,377187499999998
c_612;54,7710843373494;15,401807228915661
c_6120;17,642857142857142;24,61785714285714
c_6121;61,714285714285715;14,940714285714284
c_6122;53,57142857142857;12,275714285714287
c_6123;67,72631578947369;18,43242105263158
c_6124;35,660714285714285;12,08607142857143
c_6125;53,57142857142857;12,492285714285714
c_6126;32,64242424242424;14,514242424242424
c_6127;63,68571428571428;17,33328571428571
c_6128;35,61194029850746;17,709850746268657
c_6129;32,604395604395606;12,663699633699634
c_613;52,74803149606299;16,129842519685038
c_6130;77,36842105263158;15,774736842105261
c_6131;26,0;20,996000000000002
c_6132;37,8;11,979
c_6133;17,84313725490196;27,49823529411765
c_6134;53,714285714285715;18,744166666666665
c_6135;46,810344827586206;15,38655172413793
c_6136;69,625;17,500416666666666
c_6137;57,583333333333336;16,857083333333332
c_6138;59,7;17,779999999999998
c_6139;20,433333333333334;42,08166666666667
c_614;54,78378378378378;15,839054054054053
c_6140;28,64516129032258;50,20161290322581
c_6141;39,70873786407767;12,79621359223301
c_6142;43,68292682926829;13,831219512195123
c_6143;68,83333333333333;15,254444444444443
c_6144;51,69281045751634;18,135098039215688
c_6145;48,8;9,571000000000002
c_6146;40,604395604395606;12,98230769230769
c_6147;52,73913043478261;19,436086956521738
c_6148;38,69230769230769;15,353076923076923
c_6149;17,916666666666668;36,964999999999996
c_615;51,66326530612245;17,008469387755103
c_6150;54,65217391304348;15,103478260869565
c_6151;38,70982142857143;12,252589285714285
c_6152;69,60431654676259;15,665107913669063
c_6153;48,74666666666667;14,835333333333331
c_6154;89,56896551724138;16,409310344827585
c_6155;75,67857142857143;16,794285714285714
c_6156;69,54411764705883;17,698970588235294
c_6157;49,72289156626506;12,302409638554217
c_6158;17,645833333333332;55,70083333333333
c_6159;63,70322580645161;15,425870967741934
c_616;52,75;16,076666666666668
c_6160;47,65384615384615;14,963557692307692
c_6161;41,54838709677419;13,763870967741935
c_6162;61,5;17,1675
c_6163;51,78378378378378;13,534414414414414
c_6164;53,723214285714285;15,913660714285713
c_6165;70,58;15,9164
c_6166;24,555555555555557;48,208888888888886
c_6167;72,78787878787878;13,67939393939394
c_6168;44,598173515981735;13,099269406392693
c_6169;49,431372549019606;16,306078431372548
c_617;43,52469135802469;12,876666666666667
c_6170;47,55769230769231;12,314038461538463
c_6171;38,671052631578945;13,615065789473682
c_6172;35,62732919254658;13,930434782608696
c_6173;23,77027027027027;52,5804054054054
c_6174;17,5;37,01
c_6175;33,784;16,13248
c_6176;22,682926829268293;37,7690243902439
c_6177;65,5;20,74875
c_6178;53,666666666666664;12,93037037037037
c_6179;47,53125;13,622187499999999
c_618;53,67878787878788;16,626
c_6180;64,6793893129771;17,93175572519084
c_6181;58,44444444444444;12,05111111111111
c_6182;43,71052631578947;13,663834586466166
c_6183;34,333333333333336;11,998333333333333
c_6184;62,5;14,409230769230769
c_6185;37,64980544747082;13,257431906614785
c_6186;40,816326530612244;11,22469387755102
c_6187;80,69117647058823;17,475294117647056
c_6188;80,67567567567568;17,160540540540538
c_6189;37,63819095477387;13,41678391959799
c_619;82,59740259740259;15,464675324675325
c_6190;39,35294117647059;16,04294117647059
c_6191;23,0;50,21666666666667
c_6192;68,87179487179488;16,072692307692307
c_6193;22,625;62,7603125
c_6194;73,68627450980392;17,95941176470588
c_6195;17,820224719101123;25,0561797752809
c_6196;34,57142857142857;13,216938775510204
c_6197;36,81196581196581;12,984444444444446
c_6198;29,916666666666668;29,0475
c_6199;51,64102564102564;16,06102564102564
c_62;25,666666666666668;51,26974358974359
c_620;17,75;56,268499999999996
c_6200;64,5;26,93
c_6201;61,714285714285715;15,01218487394958
c_6202;18,575757575757574;38,87318181818182
c_6203;58,767857142857146;11,013392857142858
c_6204;31,73394495412844;12,053486238532109
c_6205;37,689189189189186;12,507432432432433
c_6206;24,632653061224488;57,87326530612245
c_6207;65,0;22,215
c_6208;39,771929824561404;15,400877192982456
c_6209;44,53703703703704;17,047407407407405
c_621;29,03846153846154;42,55
c_6210;65,725;18,329749999999997
c_6211;21,0;38,656666666666666
c_6212;26,61904761904762;77,30285714285715
c_6213;50,84615384615385;13,309230769230767
c_6214;42,72540983606557;12,961598360655739
c_6215;27,81578947368421;20,516052631578948
c_6216;24,536585365853657;33,083414634146344
c_6217;21,775862068965516;30,658275862068965
c_6218;34,680851063829785;19,766808510638295
c_6219;65,77272727272727;13,013636363636364
c_622;33,673151750972764;13,01941634241245
c_6220;65,4;17,486666666666668
c_6221;19,808823529411764;27,501470588235293
c_6222;35,46774193548387;11,355645161290322
c_6223;59,609756097560975;13,467317073170731
c_6224;18,5;32,855
c_6225;76,69902912621359;14,221650485436893
c_6226;42,44;12,0448
c_6227;20,4;41,334
c_6228;23,627118644067796;37,82813559322034
c_6229;22,458333333333332;30,763749999999998
c_623;20,79245283018868;54,896792452830184
c_6230;57,60629921259842;16,287795275590554
c_6231;24,626506024096386;28,940722891566264
c_6232;45,0;10,496153846153847
c_6233;67,5;24,847499999999997
c_6234;87,66666666666667;17,37472222222222
c_6235;70,67441860465117;17,682558139534883
c_6236;45,64705882352941;14,194607843137254
c_6237;17,5;40,336666666666666
c_6238;53,64102564102564;19,58051282051282
c_6239;28,666666666666668;20,743333333333332
c_624;41,67164179104478;12,272935323383086
c_6240;40,52238805970149;12,897313432835821
c_6241;65,63461538461539;17,900865384615386
c_6242;22,692307692307693;40,25076923076924
c_6243;48,6875;9,66625
c_6244;28,026315789473685;34,82868421052632
c_6245;76,88888888888889;13,796111111111111
c_6246;26,689655172413794;27,92758620689655
c_6247;17,5;20,295
c_6248;33,5625;13,887
c_6249;41,715654952076676;13,82035143769968
c_625;29,5;74,81125
c_6250;52,76923076923077;14,364615384615385
c_6251;63,7962962962963;17,40240740740741
c_6252;44,73529411764706;12,06
c_6253;35,63392857142857;13,350624999999999
c_6254;55,642857142857146;15,389999999999999
c_6255;48,72727272727273;13,996969696969696
c_6256;47,0;11,629999999999999
c_6257;33,71212121212121;11,377878787878789
c_6258;41,660493827160494;13,4529012345679
c_6259;30,507462686567163;13,130746268656717
c_626;31,66315789473684;11,989210526315789
c_6260;22,885245901639344;39,008032786885245
c_6261;55,8235294117647;12,459411764705882
c_6262;49,645833333333336;12,01625
c_6263;43,59375;12,284375
c_6264;23,565217391304348;62,27043478260869
c_6265;41,666666666666664;12,286666666666665
c_6266;38,69580419580419;13,636958041958042
c_6267;26,48780487804878;19,027560975609756
c_6268;30,65945945945946;12,881783783783785
c_6269;28,352941176470587;32,17
c_627;49,790419161676645;13,895868263473055
c_6270;43,53846153846154;18,115192307692308
c_6271;59,794117647058826;18,639117647058825
c_6272;58,60162601626016;16,633252032520325
c_6273;65,70967741935483;15,708709677419353
c_6274;72,56;16,3148
c_6275;17,673076923076923;37,63384615384616
c_6276;17,692307692307693;100,70384615384616
c_6277;17,875;34,015249999999995
c_6278;26,727272727272727;56,82636363636364
c_6279;53,666666666666664;16,688333333333333
c_628;30,612068965517242;12,119181034482759
c_6280;54,59649122807018;16,075438596491228
c_6281;62,55102040816327;14,97938775510204
c_6282;64,52631578947368;16,102105263157895
c_6283;53,5;14,966666666666667
c_6284;65,77777777777777;16,513333333333332
c_6285;30,698529411764707;11,928014705882353
c_6286;23,666666666666668;43,99
c_6287;42,46666666666667;15,848999999999998
c_6288;60,77333333333333;17,436933333333332
c_6289;42,67892976588629;13,340100334448161
c_629;17,736842105263158;22,604385964912282
c_6290;67,5925925925926;12,379259259259259
c_6291;41,848101265822784;10,485316455696204
c_6292;29,0;24,24
c_6293;77,66666666666667;16,576190476190476
c_6294;23,76923076923077;48,16307692307692
c_6295;33,77777777777778;15,839753086419753
c_6296;56,6;15,083333333333334
c_6297;52,66265060240964;15,56156626506024
c_6298;38,650442477876105;13,508318584070796
c_6299;45,607142857142854;10,906785714285714
c_63;65,63829787234043;19,66276595744681
c_630;63,62820512820513;16,185769230769232
c_6300;56,829268292682926;15,999268292682927
c_6301;41,39393939393939;15,66878787878788
c_6302;30,65625;12,061562499999999
c_6303;49,655913978494624;14,860806451612904
c_6304;39,660714285714285;14,710714285714285
c_6305;19,6734693877551;38,07020408163265
c_6306;51,45454545454545;15,02090909090909
c_6307;35,666666666666664;13,448809523809524
c_6308;64,61290322580645;13,046774193548387
c_6309;62,64912280701754;16,190877192982455
c_631;54,711711711711715;16,807117117117116
c_6310;23,58823529411765;34,74882352941176
c_6311;52,675213675213676;18,40760683760684
c_6312;54,76315789473684;14,866578947368419
c_6313;45,62222222222222;14,919555555555556
c_6314;38,63076923076923;10,781846153846155
c_6315;29,52173913043478;56,85173913043478
c_6316;37,647887323943664;14,181032863849765
c_6317;65,7560975609756;13,840650406504064
c_6318;59,333333333333336;17,229333333333333
c_6319;53,608695652173914;15,339130434782607
c_632;39,67391304347826;12,88586956521739
c_6320;29,692307692307693;48,058076923076925
c_6321;58,48148148148148;17,394074074074073
c_6322;51,67256637168141;17,98194690265487
c_6323;26,5;12,989999999999998
c_6324;65,72857142857143;18,165999999999997
c_6325;19,6;19,006999999999998
c_6326;63,63157894736842;16,831052631578945
c_6327;67,80434782608695;17,53945652173913
c_6328;45,54945054945055;12,804065934065935
c_6329;68,77049180327869;16,960327868852456
c_633;31,625;13,790271739130434
c_6330;34,58461538461538;14,722615384615384
c_6331;42,62780269058296;12,19390134529148
c_6332;43,44444444444444;12,574444444444444
c_6333;37,45378151260504;15,071344537815126
c_6334;41,77837837837838;12,46854054054054
c_6335;26,771428571428572;18,55542857142857
c_6336;42,62698412698413;12,76952380952381
c_6337;17,72222222222222;54,44875
c_6338;35,642857142857146;15,797142857142857
c_6339;35,75;13,593
c_634;42,729166666666664;13,968809523809522
c_6340;36,802547770700635;12,285350318471338
c_6341;46,871428571428574;14,012142857142857
c_6342;45,58974358974359;11,948205128205128
c_6343;39,6036036036036;10,801171171171172
c_6344;42,598765432098766;12,624938271604938
c_6345;30,613636363636363;13,043636363636363
c_6346;17,515151515151516;52,21545454545454
c_6347;35,92;12,613866666666667
c_6348;20,62962962962963;42,442962962962966
c_6349;30,518987341772153;13,492658227848102
c_635;53,785714285714285;16,592499999999998
c_6350;67,6842105263158;13,27
c_6351;36,57142857142857;14,11142857142857
c_6352;34,46666666666667;12,172666666666666
c_6353;38,67857142857143;11,252738095238096
c_6354;29,595238095238095;19,969285714285714
c_6355;32,63461538461539;12,213269230769232
c_6356;72,64;15,477466666666666
c_6357;81,67567567567568;15,748648648648647
c_6358;45,66255144032922;12,643991769547323
c_6359;39,648148148148145;12,827546296296296
c_636;76,77777777777777;16,44827160493827
c_6360;49,657303370786515;13,083820224719101
c_6361;36,6;14,994909090909092
c_6362;55,541666666666664;17,054375
c_6363;57,737931034482756;19,401172413793105
c_6364;55,66896551724138;17,07689655172414
c_6365;29,86046511627907;43,61697674418605
c_6366;33,75;15,5861875
c_6367;30,648208469055376;12,356514657980455
c_6368;19,666666666666668;25,656666666666666
c_6369;47,645833333333336;15,6275
c_637;26,62264150943396;33,76433962264151
c_6370;45,66019417475728;12,899417475728157
c_6371;30,616666666666667;13,328333333333335
c_6372;28,77777777777778;24,212777777777777
c_6373;30,520833333333332;13,923124999999999
c_6374;59,707317073170735;16,559268292682926
c_6375;35,6875;14,6675
c_6376;26,46153846153846;35,675769230769234
c_6377;38,7;13,893636363636363
c_6378;17,67058823529412;34,514117647058825
c_6379;41,516129032258064;17,120645161290323
c_638;64,8125;18,313125
c_6380;71,76086956521739;16,790652173913042
c_6381;34,67613636363637;13,629261363636363
c_6382;56,794117647058826;23,716764705882355
c_6383;53,111111111111114;15,868888888888888
c_6384;38,70434782608696;13,373913043478261
c_6385;40,69491525423729;11,372118644067797
c_6386;36,42857142857143;12,140952380952381
c_6387;20,1;48,739999999999995
c_6388;23,661016949152543;49,717118644067796
c_6389;30,788617886178862;13,07410569105691
c_639;40,670212765957444;13,861808510638298
c_6390;53,29032258064516;16,068387096774195
c_6391;64,69811320754717;16,565283018867923
c_6392;46,45;11,296249999999999
c_6393;79,73584905660377;17,009056603773583
c_6394;17,75862068965517;65,57206896551723
c_6395;39,68627450980392;11,074509803921568
c_6396;18,565217391304348;43,6695652173913
c_6397;30,0;25,99
c_6398;73,44444444444444;16,10111111111111
c_6399;49,827586206896555;14,985172413793103
c_64;33,972972972972975;13,989459459459459
c_640;32,69109947643979;12,962513089005236
c_6400;46,833333333333336;12,996923076923077
c_6401;49,721804511278194;12,966691729323308
c_6402;67,41176470588235;23,479999999999997
c_6403;41,723214285714285;13,012500000000001
c_6404;56,69465648854962;16,867175572519084
c_6405;66,5909090909091;19,890454545454546
c_6406;33,61818181818182;14,354909090909091
c_6407;42,704402515723274;13,37059748427673
c_6408;27,630434782608695;41,84391304347826
c_6409;43,6875;14,036710526315789
c_641;61,662921348314605;14,575730337078651
c_6410;46,8;12,50311111111111
c_6411;66,68604651162791;15,437325581395347
c_6412;40,65625;15,359
c_6413;43,61946902654867;11,380176991150442
c_6414;47,59090909090909;11,76659090909091
c_6415;64,86666666666666;16,451999999999998
c_6416;52,70967741935484;18,315967741935484
c_6417;40,624;15,586879999999999
c_6418;60,516666666666666;17,911333333333335
c_6419;66,6923076923077;16,903076923076924
c_642;53,7093023255814;16,691511627906976
c_6420;28,685714285714287;52,16657142857142
c_6421;20,53846153846154;20,821153846153848
c_6422;70,70338983050847;16,243728813559322
c_6423;38,60966542750929;13,801263940520446
c_6424;58,625;13,130416666666667
c_6425;79,68354430379746;19,636835443037974
c_6426;50,8125;18,796458333333334
c_6427;29,4;31,174
c_6428;38,61538461538461;10,999010989010989
c_6429;41,72093023255814;13,724186046511628
c_643;45,64331210191083;14,495987261146496
c_6430;77,75;16,184375
c_6431;23,642857142857142;68,14309523809524
c_6432;28,4;65,777
c_6433;61,86666666666667;21,29733333333333
c_6434;17,70689655172414;21,477413793103448
c_6435;56,75;17,4165
c_6436;26,75;64,98766666666667
c_6437;26,625;19,0025
c_6438;17,697674418604652;39,948837209302326
c_6439;17,653846153846153;58,29230769230769
c_644;43,76842105263158;13,230315789473684
c_6440;38,71345029239766;12,083684210526316
c_6441;50,625;14,58078125
c_6442;19,612903225806452;24,749032258064517
c_6443;44,7609561752988;12,707888446215138
c_6444;41,71493212669683;14,198778280542985
c_6445;28,79310344827586;34,862758620689654
c_6446;50,51851851851852;20,434074074074076
c_6447;20,333333333333332;77,00666666666666
c_6448;46,57142857142857;11,713928571428571
c_6449;26,659574468085108;34,61446808510638
c_645;27,571428571428573;42,607142857142854
c_6450;24,444444444444443;42,97777777777778
c_6451;46,5;12,613157894736842
c_6452;60,57627118644068;15,001186440677966
c_6453;56,72222222222222;15,507222222222222
c_6454;29,727272727272727;57,29727272727273
c_6455;18,576923076923077;18,45576923076923
c_6456;30,514285714285716;11,884571428571428
c_6457;46,527272727272724;10,673454545454545
c_6458;17,670731707317074;40,149268292682926
c_6459;37,534246575342465;12,286849315068492
c_646;54,56521739130435;19,77173913043478
c_6460;62,666666666666664;15,796666666666667
c_6461;43,6;11,591111111111111
c_6462;44,70192307692308;13,07951923076923
c_6463;45,36363636363637;13,63060606060606
c_6464;17,847826086956523;33,40108695652174
c_6465;59,73770491803279;19,31590163934426
c_6466;26,666666666666668;40,62833333333334
c_6467;46,7;14,345466666666669
c_6468;79,6875;14,66725
c_6469;49,657534246575345;13,501369863013698
c_647;67,65789473684211;29,341052631578947
c_6470;48,53448275862069;13,041896551724138
c_6471;25,866666666666667;26,624666666666666
c_6472;32,833333333333336;15,426666666666668
c_6473;26,78723404255319;36,88489361702128
c_6474;57,82178217821782;19,334554455445545
c_6475;51,72093023255814;18,860697674418603
c_6476;17,81081081081081;32,545675675675675
c_6477;22,63888888888889;70,02055555555555
c_6478;63,58653846153846;15,118942307692306
c_6479;51,583333333333336;15,899166666666666
c_648;45,570093457943926;12,59822429906542
c_6480;30,732758620689655;13,149310344827585
c_6481;54,76923076923077;32,85923076923076
c_6482;19,65;41,7395
c_6483;18,545454545454547;84,16454545454545
c_6484;54,46153846153846;16,92153846153846
c_6485;35,6;13,0885
c_6486;17,74418604651163;54,65302325581395
c_6487;17,934782608695652;19,884999999999998
c_6488;22,87878787878788;27,275757575757577
c_6489;33,68681318681319;12,990384615384615
c_649;53,6;14,780666666666665
c_6490;17,756756756756758;46,725675675675674
c_6491;25,533333333333335;20,180666666666664
c_6492;66,7741935483871;18,01032258064516
c_6493;23,738095238095237;46,01761904761905
c_6494;33,696969696969695;15,136969696969697
c_6495;25,884615384615383;54,39346153846154
c_6496;25,71232876712329;41,592465753424655
c_6497;62,714285714285715;19,69580357142857
c_6498;35,67391304347826;16,350217391304348
c_6499;18,765625;32,415156249999995
c_65;41,67123287671233;15,902602739726026
c_650;69,640625;18,54
c_6500;61,52272727272727;15,144545454545455
c_6501;24,9875;21,54225
c_6502;18,625;31,838333333333335
c_6503;47,6;11,7936
c_6504;65,66129032258064;20,684516129032257
c_6505;58,8235294117647;12,143529411764705
c_6506;33,6;13,596461538461538
c_6507;21,77777777777778;18,990888888888886
c_6508;61,666666666666664;14,276904761904762
c_6509;22,5;50,021
c_651;57,598214285714285;17,580892857142857
c_6510;48,6993006993007;12,446783216783215
c_6511;42,670103092783506;12,096288659793814
c_6512;70,7175572519084;16,2118320610687
c_6513;79,74444444444444;15,563111111111112
c_6514;20,833333333333332;51,538333333333334
c_6515;17,81132075471698;45,15735849056604
c_6516;54,696969696969695;14,97181818181818
c_6517;60,666666666666664;16,945
c_6518;49,707317073170735;15,268536585365853
c_6519;75,78082191780823;20,726575342465754
c_652;17,666666666666668;63,27851851851852
c_6520;64,29411764705883;17,73470588235294
c_6521;46,76923076923077;11,435076923076922
c_6522;44,669669669669666;13,4006006006006
c_6523;57,644067796610166;16,980677966101695
c_6524;40,63677130044843;12,543273542600897
c_6525;17,377777777777776;32,654444444444444
c_6526;40,608695652173914;13,302971014492753
c_6527;65,72916666666667;19,233958333333334
c_6528;17,72222222222222;42,72425925925926
c_6529;21,5;17,87807692307692
c_653;46,45;9,806999999999999
c_6530;30,69832402234637;13,21832402234637
c_6531;34,549019607843135;14,916078431372549
c_6532;32,75;11,67078125
c_6533;40,6;12,653157894736841
c_6534;22,333333333333332;20,06380952380952
c_6535;42,747368421052634;13,009157894736841
c_6536;34,6820987654321;13,171388888888888
c_6537;51,68888888888889;21,31088888888889
c_6538;42,71814671814672;12,831583011583012
c_6539;33,62903225806452;12,561129032258064
c_654;40,661417322834644;12,372480314960631
c_6540;17,745098039215687;45,05921568627451
c_6541;38,563380281690144;14,538732394366198
c_6542;34,54347826086956;14,202608695652172
c_6543;59,62068965517241;16,705431034482757
c_6544;50,71111111111111;17,680074074074074
c_6545;31,82608695652174;13,126086956521737
c_6546;23,671232876712327;31,046849315068496
c_6547;72,58536585365853;13,749512195121952
c_6548;55,68518518518518;17,672962962962963
c_6549;19,916666666666668;13,229999999999999
c_655;21,681818181818183;56,31545454545455
c_6550;25,36842105263158;77,78263157894736
c_6551;18,714285714285715;41,73571428571428
c_6552;41,70866141732284;14,255118110236221
c_6553;30,661538461538463;13,730153846153845
c_6554;49,416666666666664;10,09625
c_6555;27,610169491525422;36,74949152542373
c_6556;49,585585585585584;12,937747747747746
c_6557;63,554455445544555;17,148316831683168
c_6558;33,784615384615385;22,80723076923077
c_6559;56,68103448275862;16,700603448275864
c_656;38,86144578313253;12,780722891566265
c_6560;18,551724137931036;51,10344827586207
c_6561;67,66666666666667;15,574864864864864
c_6562;82,625;17,144375
c_6563;35,735099337748345;13,728211920529802
c_6564;25,74074074074074;57,433703703703706
c_6565;32,714285714285715;13,583357142857144
c_6566;39,776315789473685;18,726184210526313
c_6567;42,671875;13,583124999999999
c_6568;43,48888888888889;16,32022222222222
c_6569;66,75;16,10375
c_657;21,794871794871796;31,02153846153846
c_6570;60,67032967032967;16,505604395604397
c_6571;85,58333333333333;22,091166666666666
c_6572;42,7;13,685142857142857
c_6573;45,7072463768116;12,465043478260869
c_6574;65,7719298245614;22,348771929824565
c_6575;17,666666666666668;51,10066666666667
c_6576;21,533333333333335;16,038666666666664
c_6577;62,6551724137931;19,14965517241379
c_6578;29,5;69,905
c_6579;44,632183908045974;14,652528735632183
c_658;62,71186440677966;18,257457627118644
c_6580;69,68041237113403;16,71360824742268
c_6581;39,65;13,291999999999998
c_6582;31,70769230769231;17,33230769230769
c_6583;57,71875;18,349375
c_6584;35,732484076433124;13,801910828025479
c_6585;27,575;23,6405
c_6586;35,411764705882355;13,977352941176472
c_6587;43,613861386138616;14,637920792079209
c_6588;58,53968253968254;16,0315873015873
c_6589;44,58536585365854;14,250731707317073
c_659;20,839080459770116;43,0803448275862
c_6590;59,723404255319146;10,073617021276595
c_6591;50,64545454545455;15,254545454545454
c_6592;30,466666666666665;11,675333333333333
c_6593;22,57894736842105;35,28763157894737
c_6594;57,61538461538461;16,52653846153846
c_6595;45,617283950617285;13,437901234567901
c_6596;56,58490566037736;16,086981132075472
c_6597;47,63084112149533;12,064158878504673
c_6598;54,666666666666664;13,275714285714287
c_6599;41,673469387755105;12,279897959183675
c_66;53,625;13,524999999999999
c_660;43,74;13,866599999999998
c_6600;28,52;53,9308
c_6601;33,75757575757576;10,272424242424243
c_6602;55,56;16,3864
c_6603;47,690140845070424;11,479154929577465
c_6604;45,5;12,980384615384615
c_6605;21,610169491525422;46,32135593220339
c_6606;43,67901234567901;13,494938271604937
c_6607;51,554054054054056;15,162432432432432
c_6608;49,733333333333334;14,173333333333334
c_6609;67,28571428571429;18,448571428571427
c_661;21,637931034482758;44,47948275862069
c_6610;21,5;60,37
c_6611;54,75;14,836666666666666
c_6612;61,72727272727273;16,243636363636366
c_6613;36,583333333333336;12,879166666666668
c_6614;18,0;52,73571428571428
c_6615;66,78260869565217;13,953260869565218
c_6616;67,61290322580645;17,303870967741933
c_6617;45,68478260869565;13,446847826086955
c_6618;17,735294117647058;52,819705882352935
c_6619;27,806451612903224;35,43516129032258
c_662;53,60162601626016;17,390731707317073
c_6620;32,83673469387755;14,09673469387755
c_6621;58,76315789473684;17,374649122807018
c_6622;33,527027027027025;14,158716216216215
c_6623;42,729729729729726;15,403648648648646
c_6624;68,80373831775701;17,60859813084112
c_6625;42,67857142857143;11,94767857142857
c_6626;60,76712328767123;13,799452054794521
c_6627;31,666666666666668;16,220625000000002
c_6628;62,72222222222222;16,531666666666666
c_6629;52,60526315789474;13,895131578947368
c_663;29,615384615384617;56,24692307692308
c_6630;17,36842105263158;27,679999999999996
c_6631;29,606060606060606;55,874848484848485
c_6632;23,625;19,054166666666667
c_6633;31,9375;17,444166666666664
c_6634;57,520833333333336;17,093333333333334
c_6635;38,69318181818182;13,858181818181817
c_6636;29,564102564102566;26,032564102564102
c_6637;82,76785714285714;15,429821428571428
c_6638;63,69620253164557;14,669556962025316
c_6639;25,333333333333332;83,42666666666666
c_664;61,78448275862069;19,747844827586206
c_6640;18,526315789473685;37,15842105263158
c_6641;35,69444444444444;12,479861111111111
c_6642;57,78172588832487;18,008477157360407
c_6643;49,333333333333336;11,8525
c_6644;35,46938775510204;19,318571428571428
c_6645;29,613636363636363;25,1375
c_6646;47,74411764705882;14,046705882352942
c_6647;22,5;52,111000000000004
c_6648;17,774193548387096;61,25290322580645
c_6649;47,638888888888886;14,114722222222223
c_665;17,863636363636363;88,06136363636364
c_6650;42,68041237113402;14,415257731958762
c_6651;19,523809523809526;61,3495238095238
c_6652;23,733333333333334;31,493111111111112
c_6653;22,6;61,66075000000001
c_6654;75,85714285714286;17,78590476190476
c_6655;45,62406015037594;13,006766917293234
c_6656;52,791666666666664;14,962083333333332
c_6657;45,4375;11,8128125
c_6658;53,645161290322584;17,356129032258064
c_6659;81,62962962962963;17,44185185185185
c_666;35,6875;11,069374999999999
c_6660;32,5;11,259444444444446
c_6661;67,61682242990655;17,05429906542056
c_6662;21,434782608695652;30,62608695652174
c_6663;41,77049180327869;11,842622950819672
c_6664;31,62857142857143;11,798857142857141
c_6665;60,69767441860465;16,101860465116278
c_6666;42,81481481481482;12,23074074074074
c_6667;79,78378378378379;15,485945945945947
c_6668;17,746666666666666;42,48146666666667
c_6669;42,644067796610166;15,05021186440678
c_667;28,535714285714285;45,81339285714285
c_6670;35,699029126213595;12,299417475728154
c_6671;81,81372549019608;20,13323529411765
c_6672;39,74418604651163;13,337286821705426
c_6673;31,6;11,099333333333334
c_6674;20,857142857142858;45,59928571428571
c_6675;18,466666666666665;68,30266666666667
c_6676;23,625;24,954375
c_6677;24,609375;40,908125
c_6678;38,696969696969695;13,115454545454545
c_6679;24,5;22,285357142857144
c_668;27,571428571428573;49,33714285714286
c_6680;42,50299401197605;13,752934131736525
c_6681;69,75;13,765416666666667
c_6682;33,56578947368421;15,016842105263157
c_6683;19,90909090909091;37,05045454545455
c_6684;60,666666666666664;13,074242424242424
c_6685;17,833333333333332;29,599999999999998
c_6686;39,65853658536585;13,92231707317073
c_6687;49,57462686567164;13,450522388059701
c_6688;49,68944099378882;13,490124223602484
c_6689;65,76923076923077;11,778076923076924
c_669;33,721311475409834;12,293333333333333
c_6690;39,80722891566265;13,086265060240962
c_6691;49,7;10,113999999999999
c_6692;39,68098159509202;14,996134969325153
c_6693;56,75609756097561;17,31390243902439
c_6694;37,68518518518518;15,33148148148148
c_6695;41,601941747572816;13,493106796116505
c_6696;17,913978494623656;42,093440860215054
c_6697;48,77372262773723;14,122481751824818
c_6698;25,625;40,669875
c_6699;35,73033707865169;11,69191011235955
c_67;56,693548387096776;15,582258064516127
c_670;19,6;36,00657142857143
c_6700;37,556650246305416;13,41256157635468
c_6701;44,51428571428571;15,917714285714286
c_6702;52,666666666666664;16,411176470588234
c_6703;38,370370370370374;15,53962962962963
c_6704;52,851351351351354;15,532837837837839
c_6705;17,714285714285715;22,564285714285713
c_6706;76,4;39,464
c_6707;59,78313253012048;19,272530120481928
c_6708;22,65714285714286;23,16857142857143
c_6709;51,708333333333336;16,389166666666668
c_671;50,59649122807018;20,821228070175437
c_6710;46,285714285714285;8,544285714285715
c_6711;64,5;19,41815789473684
c_6712;60,714285714285715;26,687142857142856
c_6713;58,46153846153846;18,763461538461538
c_6714;53,67465417710489;16,730086047271538
c_6715;24,62962962962963;27,112222222222222
c_6716;33,64335664335665;14,50083916083916
c_6717;54,65934065934066;18,604725274725276
c_6718;42,1875;12,24
c_6719;26,869565217391305;48,385217391304344
c_672;30,595238095238095;13,97642857142857
c_6720;57,50666666666667;17,370266666666666
c_6721;56,71153846153846;18,123076923076923
c_6722;28,647058823529413;42,57470588235294
c_6723;39,63855421686747;11,81433734939759
c_6724;26,75;54,60249999999999
c_6725;50,666666666666664;12,242666666666667
c_6726;47,62458471760797;13,26906976744186
c_6727;19,77777777777778;28,734666666666666
c_6728;64,71428571428571;18,525
c_6729;24,829787234042552;21,756382978723405
c_673;22,829787234042552;43,339787234042554
c_6730;36,62380952380953;13,747523809523809
c_6731;20,533333333333335;47,31511111111111
c_6732;54,666666666666664;16,875999999999998
c_6733;18,6;36,36272727272728
c_6734;17,823529411764707;47,10176470588235
c_6736;28,533333333333335;55,86133333333333
c_6737;22,272727272727273;37,6
c_6738;42,4375;11,47875
c_6739;52,61538461538461;14,981153846153846
c_674;61,333333333333336;9,526666666666666
c_6740;54,73076923076923;13,55326923076923
c_6741;49,714285714285715;13,494453781512604
c_6742;36,476190476190474;10,97
c_6743;29,63157894736842;57,61368421052632
c_6744;34,59090909090909;12,848181818181818
c_6745;54,78431372549019;12,110392156862744
c_6746;50,75714285714286;14,928714285714285
c_6747;58,7;19,427
c_6748;38,48;14,2028
c_6749;18,6;42,100199999999994
c_675;21,473684210526315;42,043684210526315
c_6750;47,4375;13,3025
c_6751;25,901960784313726;30,813137254901957
c_6752;34,73684210526316;17,826052631578946
c_6753;30,59016393442623;12,528934426229508
c_6754;53,604166666666664;16,413541666666667
c_6755;44,833333333333336;11,694920634920635
c_6756;29,615384615384617;26,364615384615384
c_6757;23,615384615384617;47,86846153846154
c_6758;89,52631578947368;16,34631578947368
c_6759;44,82692307692308;13,132307692307693
c_676;50,69230769230769;18,894615384615385
c_6760;50,64102564102564;16,522051282051283
c_6761;24,52777777777778;79,82666666666667
c_6762;45,72727272727273;11,703909090909091
c_6763;18,571428571428573;44,784285714285716
c_6764;22,5625;44,836875
c_6765;63,833333333333336;19,720833333333335
c_6766;17,40909090909091;32,20454545454545
c_6767;35,62068965517241;14,366436781609194
c_6768;26,869565217391305;29,19
c_6769;42,87692307692308;15,485923076923077
c_677;48,78333333333333;17,170833333333334
c_6770;61,70454545454545;18,102045454545454
c_6771;40,71052631578947;14,207894736842105
c_6772;54,77142857142857;16,299857142857142
c_6773;62,603053435114504;19,390458015267175
c_6774;42,51162790697674;12,04953488372093
c_6775;38,66761363636363;13,0328125
c_6776;71,71052631578948;12,558684210526316
c_6777;63,81818181818182;15,534545454545453
c_6778;63,75;12,416666666666666
c_6779;26,6875;28,34875
c_678;58,04;15,808
c_6780;50,63157894736842;16,468070175438594
c_6781;55,544642857142854;15,735535714285714
c_6782;20,79746835443038;36,85379746835443
c_6783;45,63636363636363;12,880454545454544
c_6784;30,551724137931036;11,966896551724139
c_6785;59,67045454545455;16,156136363636364
c_6786;17,76;41,1408
c_6787;52,8;15,702444444444446
c_6788;78,95;18,3325
c_6789;26,615384615384617;23,25076923076923
c_679;35,707317073170735;11,698292682926828
c_6790;41,63953488372093;13,239534883720928
c_6791;22,0;28,723809523809525
c_6792;30,745222929936304;12,096942675159235
c_6793;73,58333333333333;14,187083333333334
c_6794;36,51020408163265;16,23061224489796
c_6795;56,7421875;15,717421875
c_6796;36,629629629629626;11,97962962962963
c_6797;61,609756097560975;14,109268292682927
c_6798;37,66804979253112;13,840746887966805
c_6799;73,77952755905511;16,721338582677166
c_68;63,06818181818182;15,476590909090909
c_680;67,77272727272727;11,608181818181817
c_6800;42,714285714285715;14,175306122448978
c_6801;33,646153846153844;12,383692307692309
c_6802;38,59183673469388;14,025442176870747
c_6803;33,88135593220339;14,319322033898306
c_6804;31,61842105263158;11,539342105263158
c_6805;53,708333333333336;27,7225
c_6806;42,75483870967742;12,231935483870968
c_6807;67,63934426229508;15,53311475409836
c_6808;54,823008849557525;15,69716814159292
c_6809;35,78947368421053;11,308245614035087
c_681;33,72641509433962;13,646603773584905
c_6810;51,66326530612245;17,583979591836734
c_6811;34,59574468085106;13,956382978723406
c_6812;21,81578947368421;37,8721052631579
c_6813;42,48792270531401;12,035845410628019
c_6814;28,806451612903224;57,979032258064514
c_6815;27,35;57,775
c_6816;21,375;40,17375
c_6817;17,25;43,4225
c_6818;24,666666666666668;40,41777777777778
c_6819;41,638888888888886;11,447444444444445
c_682;47,54984894259819;12,393293051359517
c_6820;43,804597701149426;11,761724137931035
c_6821;80,72222222222223;18,67861111111111
c_6822;50,8125;17,768875
c_6823;63,71764705882353;17,252470588235294
c_6824;53,588235294117645;15,969705882352942
c_6825;53,6578947368421;17,600526315789477
c_6826;40,58888888888889;13,48111111111111
c_6827;44,6692607003891;11,861906614785992
c_6828;24,11111111111111;65,94555555555556
c_6829;39,513513513513516;12,631081081081081
c_683;64,29032258064517;18,754516129032258
c_6830;68,5;12,194090909090908
c_6831;35,94117647058823;14,035882352941176
c_6832;25,6;50,21228571428571
c_6833;74,64423076923077;14,874807692307693
c_6834;66,7479674796748;17,412195121951218
c_6835;67,70833333333333;14,832083333333332
c_6836;56,68852459016394;17,233770491803277
c_6837;26,5;57,99
c_6838;59,90909090909091;20,55818181818182
c_6839;57,67605633802817;16,796901408450704
c_684;54,63265306122449;17,316530612244897
c_6840;73,63157894736842;16,155052631578947
c_6841;17,541666666666668;29,829166666666666
c_6842;61,61538461538461;10,878846153846155
c_6843;17,71875;45,520937499999995
c_6844;24,733333333333334;43,64466666666667
c_6845;19,9;67,44300000000001
c_6846;47,662921348314605;13,274606741573034
c_6847;43,657534246575345;14,025251141552513
c_6848;31,25;9,7875
c_6849;43,720338983050844;13,35686440677966
c_685;22,513513513513512;22,30027027027027
c_6850;34,6931216931217;12,816296296296297
c_6851;35,47008547008547;13,188888888888888
c_6852;22,526315789473685;68,46947368421053
c_6853;17,6;86,164
c_6854;58,71052631578947;18,929122807017546
c_6855;33,58791208791209;13,817692307692308
c_6856;31,886363636363637;10,799090909090909
c_6857;52,625;16,6553125
c_6858;50,609756097560975;15,6990243902439
c_6859;70,5;14,282222222222222
c_686;21,77777777777778;74,97
c_6860;70,75886524822695;16,69503546099291
c_6861;55,27272727272727;10,80181818181818
c_6863;63,55882352941177;13,595882352941176
c_6864;80,78571428571429;18,483571428571427
c_6865;44,5;12,20483870967742
c_6866;28,652173913043477;23,894782608695653
c_6867;18,694444444444443;31,024999999999995
c_6868;38,351851851851855;14,682407407407409
c_6869;53,333333333333336;16,845555555555553
c_687;53,861111111111114;15,11611111111111
c_6870;29,285714285714285;78,91285714285713
c_6871;52,56;14,764000000000001
c_6872;43,62237762237762;12,643846153846154
c_6873;39,742105263157896;14,19642105263158
c_6874;33,69892473118279;12,25258064516129
c_6875;58,630434782608695;17,700652173913046
c_6876;26,725806451612904;52,32951612903226
c_6877;71,33333333333333;15,391666666666666
c_6878;71,78616352201257;14,861006289308177
c_6879;24,5;45,685
c_688;27,657894736842106;42,40157894736842
c_6880;30,943661971830984;22,65605633802817
c_6881;41,80373831775701;14,433831775700936
c_6882;57,773109243697476;16,890504201680674
c_6883;61,79710144927536;16,583623188405795
c_6884;27,833333333333332;53,849999999999994
c_6885;64,725;17,687
c_6886;54,73913043478261;18,315942028985507
c_6887;17,387096774193548;39,71935483870968
c_6888;41,66;13,206800000000001
c_6889;53,666666666666664;18,205555555555556
c_689;37,6271186440678;13,88542372881356
c_6890;62,676923076923075;16,648615384615386
c_6891;27,82608695652174;37,089130434782604
c_6892;20,772727272727273;56,657272727272726
c_6893;38,53703703703704;10,316481481481482
c_6894;33,68306010928962;12,097704918032788
c_6895;32,73913043478261;12,908561872909699
c_6896;29,866666666666667;28,71
c_6897;62,74390243902439;16,979268292682928
c_6898;38,56115107913669;13,30388489208633
c_6899;48,61864406779661;15,768559322033898
c_69;54,0;18,569
c_690;58,73170731707317;16,32536585365854
c_6900;33,333333333333336;14,28111111111111
c_6901;35,660377358490564;12,96754716981132
c_6902;66,4;15,376499999999998
c_6903;34,816326530612244;11,48469387755102
c_6904;44,57575757575758;12,379696969696969
c_6905;42,74285714285714;15,216285714285712
c_6906;35,61087866108787;12,097071129707112
c_6907;44,59533073929961;12,839377431906614
c_6908;55,75925925925926;16,736296296296295
c_6909;40,698412698412696;13,286984126984128
c_691;73,7578947368421;16,938736842105264
c_6910;18,0;34,18529411764706
c_6911;26,885714285714286;24,504571428571428
c_6912;72,5952380952381;18,272857142857145
c_6913;18,75;40,63125
c_6914;46,611111111111114;13,917222222222222
c_6915;23,434782608695652;37,4404347826087
c_6916;26,666666666666668;34,422380952380955
c_6917;37,792;12,57576
c_6918;39,44897959183673;12,22469387755102
c_6919;29,642857142857142;67,02357142857143
c_692;17,59375;32,1059375
c_6920;31,552147239263803;13,718895705521472
c_6921;47,745098039215684;16,76392156862745
c_6922;65,66929133858268;15,910787401574803
c_6923;39,70037453183521;13,154194756554308
c_6924;36,6566265060241;12,59831325301205
c_6925;29,4;44,47
c_6926;33,604166666666664;15,596874999999999
c_6927;55,68571428571428;15,513809523809524
c_6928;45,666666666666664;11,858666666666666
c_6929;34,648275862068964;13,550482758620689
c_693;50,84615384615385;16,93307692307692
c_6931;75,85714285714286;18,208928571428572
c_6932;58,833333333333336;18,169375
c_6933;28,166666666666668;56,84777777777778
c_6934;44,59090909090909;11,152045454545455
c_6935;43,6764705882353;17,555735294117646
c_6936;44,686619718309856;14,149295774647888
c_6937;51,45;14,5875
c_6938;33,8;15,588333333333333
c_6939;18,7;34,5715
c_694;26,7;43,553999999999995
c_6940;76,77049180327869;16,660819672131147
c_6941;21,11764705882353;52,14705882352941
c_6942;47,61538461538461;11,041923076923077
c_6943;65,55714285714286;14,725714285714284
c_6944;88,77272727272727;16,95281818181818
c_6945;51,76;15,910599999999999
c_6946;80,66666666666667;18,53333333333333
c_6947;19,555555555555557;93,21333333333334
c_6948;18,774193548387096;28,601935483870967
c_6949;54,705882352941174;10,672941176470587
c_695;44,597457627118644;14,02415254237288
c_6950;32,73252279635258;12,861398176291793
c_6951;34,794444444444444;11,61988888888889
c_6952;44,63636363636363;13,002867132867133
c_6953;62,73170731707317;16,247560975609755
c_6954;31,542857142857144;14,475142857142856
c_6955;63,67741935483871;18,116451612903226
c_6956;56,70945945945946;14,412635135135137
c_6957;68,53623188405797;17,63550724637681
c_6958;53,578125;16,53234375
c_6959;42,51724137931034;13,322068965517241
c_696;17,923076923076923;47,916666666666664
c_6960;35,7093023255814;10,37953488372093
c_6961;25,59259259259259;36,532407407407405
c_6962;33,74242424242424;14,513484848484849
c_6963;48,47761194029851;15,514626865671643
c_6964;47,38235294117647;12,816764705882353
c_6965;41,529411764705884;13,755882352941176
c_6966;41,738461538461536;13,692615384615385
c_6967;73,675;18,59925
c_6968;74,66101694915254;15,511355932203388
c_6969;38,690402476780186;12,76185758513932
c_697;61,69230769230769;17,07423076923077
c_6970;59,4390243902439;25,035853658536585
c_6971;29,5;46,3421875
c_6972;17,6734693877551;62,074285714285715
c_6973;58,48;14,46
c_6974;26,5;68,18
c_6975;27,633333333333333;28,220000000000002
c_6976;17,48;51,846000000000004
c_6977;17,789473684210527;60,46223684210526
c_6978;25,56;32,004400000000004
c_6979;33,69166666666667;13,890083333333333
c_698;38,59090909090909;12,695625
c_6980;54,7027027027027;16,75864864864865
c_6981;47,523809523809526;12,270204081632654
c_6982;22,304347826086957;52,307391304347824
c_6983;32,69491525423729;11,569576271186442
c_6984;48,7563025210084;14,42798319327731
c_6985;32,648936170212764;12,558031914893617
c_6986;17,7;55,451
c_6987;37,58730158730159;11,667460317460316
c_6988;56,75555555555555;20,86888888888889
c_6989;42,72115384615385;15,41673076923077
c_699;35,6551724137931;14,482999999999999
c_6990;35,570247933884296;13,254917355371902
c_6991;43,645161290322584;13,719928315412186
c_6992;54,294117647058826;17,407647058823528
c_6993;26,75;37,65875
c_6994;53,734693877551024;16,285510204081632
c_6995;61,74390243902439;18,12353658536585
c_6996;53,751937984496124;19,35325581395349
c_6997;44,57692307692308;15,612692307692308
c_6998;35,495327102803735;12,509532710280373
c_6999;40,5796178343949;13,867324840764331
c_7;54,654545454545456;19,76909090909091
c_70;60,719298245614034;17,525087719298245
c_700;65,68115942028986;27,94913043478261
c_7000;39,55769230769231;14,719999999999999
c_7001;75,42857142857143;21,462857142857143
c_7002;64,53424657534246;15,381780821917808
c_7003;34,66492146596859;13,259214659685863
c_7004;37,775;13,720499999999998
c_7005;24,666666666666668;37,892857142857146
c_7006;65,5909090909091;15,834242424242424
c_7007;51,644444444444446;15,850888888888887
c_7008;19,571428571428573;48,41428571428571
c_7009;37,683229813664596;14,735155279503106
c_701;62,7;14,052
c_7010;68,79729729729729;13,466486486486486
c_7011;25,672727272727272;24,83981818181818
c_7012;48,825;13,13825
c_7013;17,677419354838708;57,656129032258065
c_7014;83,58333333333333;15,806666666666667
c_7015;47,8125;15,217812499999999
c_7016;39,8433734939759;12,964939759036143
c_7017;30,678571428571427;13,47327380952381
c_7018;23,772727272727273;41,224090909090904
c_7019;33,56488549618321;12,825725190839693
c_702;80,6304347826087;15,405652173913042
c_7020;25,77777777777778;26,657999999999998
c_7021;50,766666666666666;17,617
c_7022;45,74285714285714;15,32057142857143
c_7023;81,63793103448276;17,131724137931034
c_7024;72,71428571428571;15,487142857142857
c_7025;50,666666666666664;19,503333333333334
c_7026;48,55;15,100375
c_7027;40,56643356643357;13,485664335664335
c_7028;82,93333333333334;13,755333333333333
c_7029;25,798076923076923;28,613173076923076
c_703;77,37837837837837;13,14054054054054
c_7030;52,83870967741935;17,504086021505376
c_7031;53,666666666666664;14,636666666666667
c_7032;57,69642857142857;16,69125
c_7033;68,5575221238938;17,861061946902655
c_7034;19,705882352941178;18,34264705882353
c_7035;30,5;13,78547619047619
c_7036;17,87878787878788;50,24545454545455
c_7037;48,768115942028984;14,084782608695653
c_7038;31,708333333333332;11,441770833333335
c_7039;43,64596273291925;14,664223602484473
c_704;65,6923076923077;16,662307692307692
c_7040;29,375;56,0725
c_7041;31,714285714285715;13,468181818181817
c_7042;24,875;26,453214285714285
c_7043;61,641975308641975;18,278148148148148
c_7044;80,6989247311828;19,313763440860217
c_7045;24,85;35,92725
c_7046;26,2;18,387999999999998
c_7047;39,72222222222222;12,204506172839505
c_7048;40,75555555555555;13,236740740740741
c_7049;34,57142857142857;13,587744360902256
c_705;57,666666666666664;19,183333333333334
c_7050;25,630434782608695;27,790217391304346
c_7051;26,666666666666668;39,946888888888886
c_7052;34,77160493827161;13,721604938271605
c_7053;23,363636363636363;19,293181818181818
c_7054;45,68421052631579;12,762631578947369
c_7055;44,75545851528384;11,455676855895197
c_7056;37,44444444444444;13,156888888888888
c_7057;39,655913978494624;10,720752688172043
c_7058;23,72;41,317
c_7059;31,740932642487046;13,433367875647667
c_706;45,8125;11,4628125
c_7060;60,541666666666664;15,063333333333333
c_7061;58,698412698412696;17,898412698412695
c_7062;41,831460674157306;11,674157303370787
c_7063;43,68181818181818;11,620454545454546
c_7064;43,55555555555556;11,139999999999999
c_7065;46,69444444444444;15,109444444444442
c_7066;35,25;15,489999999999998
c_7067;29,571428571428573;38,705714285714286
c_7068;54,51724137931034;20,13448275862069
c_7069;44,69032258064516;13,686516129032258
c_707;35,74545454545454;13,427060606060607
c_7070;26,529411764705884;18,786666666666665
c_7071;41,678714859437754;13,719397590361446
c_7072;52,58620689655172;14,907413793103448
c_7073;54,642857142857146;18,01571428571429
c_7074;26,666666666666668;80,80333333333333
c_7075;33,66891891891892;14,352905405405405
c_7076;59,70909090909091;22,210181818181816
c_7077;34,743589743589745;13,786666666666669
c_7078;56,44444444444444;14,966111111111111
c_7079;52,333333333333336;21,876666666666665
c_708;44,71111111111111;13,465555555555557
c_7080;28,74074074074074;25,86074074074074
c_7081;83,57758620689656;16,720258620689656
c_7082;65,74226804123711;17,837319587628865
c_7083;50,69230769230769;16,109658119658118
c_7084;45,66355140186916;12,974859813084112
c_7085;41,75;12,00985294117647
c_7086;58,705128205128204;21,794358974358975
c_7087;63,714285714285715;18,03607142857143
c_7088;34,73103448275862;13,442206896551724
c_7089;19,75;63,99
c_709;41,61224489795919;16,12469387755102
c_7090;34,63157894736842;12,675175438596492
c_7091;29,658227848101266;25,892025316455697
c_7092;36,53586497890296;11,787637130801688
c_7093;28,125;16,91875
c_7094;69,7;13,309000000000001
c_7095;54,74193548387097;11,853225806451613
c_7096;54,621212121212125;16,604772727272728
c_7097;60,64705882352941;18,110882352941175
c_7098;45,68571428571428;12,140642857142858
c_7099;50,77777777777778;18,66814814814815
c_71;79,57142857142857;18,62238095238095
c_710;57,714285714285715;16,821607142857143
c_7100;29,785714285714285;39,174285714285716
c_7101;38,76106194690266;13,0629203539823
c_7102;38,74903474903475;12,392084942084942
c_7103;53,672413793103445;19,220689655172414
c_7104;41,611111111111114;12,074722222222222
c_7105;63,5;16,1465
c_7106;38,648648648648646;15,055945945945947
c_7107;17,666666666666668;41,422380952380955
c_7108;60,723684210526315;16,70565789473684
c_7109;55,70229007633588;16,57916030534351
c_711;46,676767676767675;11,711919191919192
c_7110;59,416666666666664;13,215000000000002
c_7111;53,74226804123711;18,70340206185567
c_7112;36,78787878787879;13,195252525252524
c_7113;55,55882352941177;19,206764705882353
c_7114;48,66216216216216;12,552567567567568
c_7115;44,659574468085104;12,600851063829788
c_7116;65,68888888888888;16,944444444444443
c_7117;65,70769230769231;17,33446153846154
c_7118;61,69;17,845
c_7119;42,65217391304348;16,69086956521739
c_712;54,5;19,81
c_7120;48,660377358490564;15,350377358490565
c_7121;61,68;14,546266666666668
c_7122;43,693693693693696;11,003153153153152
c_7123;18,818181818181817;13,388333333333334
c_7124;33,421052631578945;7,652105263157894
c_7125;43,57446808510638;13,218014184397163
c_7126;28,5;56,63285714285714
c_7127;57,80769230769231;14,547564102564102
c_7128;53,5;16,72
c_7129;59,79245283018868;20,540377358490563
c_713;17,363636363636363;51,88545454545454
c_7130;82,56862745098039;19,45156862745098
c_7131;39,75247524752475;11,828217821782179
c_7132;40,65;14,6465
c_7133;42,4;12,241428571428571
c_7134;40,608695652173914;11,696304347826086
c_7135;25,728813559322035;46,80169491525424
c_7136;63,38095238095238;16,52857142857143
c_7137;41,56701030927835;14,152989690721649
c_7138;38,645390070921984;13,646737588652483
c_7139;66,58823529411765;12,900588235294117
c_714;41,67669172932331;11,71593984962406
c_7140;40,607142857142854;10,623035714285715
c_7141;25,51219512195122;21,74170731707317
c_7142;52,575;20,90675
c_7143;33,64655172413793;14,059741379310346
c_7144;37,66981132075472;12,272499999999999
c_7145;19,822222222222223;24,87422222222222
c_7146;50,69047619047619;16,621547619047618
c_7147;38,65608465608466;15,076455026455026
c_7148;60,68627450980392;19,67235294117647
c_7149;41,724137931034484;11,074137931034482
c_715;78,77165354330708;17,12007874015748
c_7150;34,666666666666664;12,723663663663663
c_7151;22,857142857142858;62,21999999999999
c_7152;26,285714285714285;19,49285714285714
c_7153;57,8;14,377111111111113
c_7154;17,657894736842106;56,48394736842105
c_7155;28,772727272727273;52,01227272727272
c_7156;27,666666666666668;33,395
c_7157;27,9;26,857
c_7158;17,2;84,382
c_7159;68,66666666666667;15,584358974358974
c_716;23,5609756097561;47,65365853658537
c_7160;46,46666666666667;11,129333333333333
c_7161;65,6952380952381;17,232761904761905
c_7162;29,473684210526315;48,42052631578947
c_7163;43,666666666666664;12,589583333333334
c_7164;28,53191489361702;36,8095744680851
c_7165;38,645161290322584;13,673548387096774
c_7166;23,543478260869566;39,26391304347826
c_7167;31,621145374449338;12,699691629955947
c_7168;65,68181818181819;13,465454545454547
c_7169;51,6875;14,267375000000001
c_717;25,5;44,63730769230769
c_7170;37,542857142857144;12,236285714285714
c_7171;19,666666666666668;47,843333333333334
c_7172;34,62874251497006;14,901556886227544
c_7173;48,27777777777778;13,092222222222222
c_7174;87,64383561643835;14,904794520547945
c_7175;18,4;61,605999999999995
c_7176;70,69491525423729;17,214322033898306
c_7177;47,527027027027025;16,84635135135135
c_7178;62,5521472392638;17,503926380368096
c_7179;45,87931034482759;12,725517241379311
c_718;17,857142857142858;43,69892857142857
c_7180;62,70175438596491;16,76157894736842
c_7181;29,58823529411765;36,35058823529412
c_7182;66,61261261261261;15,724234234234233
c_7183;38,46153846153846;12,930576923076924
c_7184;65,69565217391305;15,691652173913043
c_7185;31,772727272727273;11,951931818181817
c_7186;42,6258064516129;13,287999999999998
c_7187;85,76470588235294;14,607058823529412
c_7188;47,77777777777778;12,358055555555556
c_7189;65,71052631578948;17,511842105263156
c_719;17,7;69,577
c_7190;68,53846153846153;14,99
c_7191;74,11764705882354;19,454117647058823
c_7192;20,82857142857143;31,11742857142857
c_7193;39,77777777777778;15,519444444444442
c_7194;33,678048780487806;12,82570731707317
c_7195;55,2;21,237000000000002
c_7196;46,712418300653596;12,394575163398692
c_7197;61,75;16,29357142857143
c_7198;54,68036529680365;17,475981735159817
c_7199;21,875;23,491071428571427
c_72;53,7037037037037;17,198888888888888
c_720;61,891891891891895;15,28027027027027
c_7200;54,71621621621622;18,026486486486487
c_7201;38,74305555555556;11,81201388888889
c_7202;17,41176470588235;12,792352941176471
c_7203;56,35;17,87225
c_7204;29,659574468085108;30,988510638297875
c_7205;50,64150943396226;17,153584905660377
c_7206;42,42622950819672;18,462459016393442
c_7207;41,666666666666664;14,188636363636363
c_7208;42,65337423312884;13,084969325153374
c_7209;43,88235294117647;11,813529411764705
c_721;72,71551724137932;16,61344827586207
c_7210;52,66101694915254;17,720677966101693
c_7211;45,630630630630634;13,104954954954955
c_7212;46,67158671586716;14,1590036900369
c_7213;42,55339805825243;12,288932038834952
c_7214;39,75;16,5765625
c_7215;39,476190476190474;12,371428571428572
c_7216;41,74626865671642;12,81592039800995
c_7217;45,6243093922652;13,35917127071823
c_7218;35,66242038216561;11,864076433121019
c_7219;55,59701492537314;16,613432835820895
c_722;34,63841807909605;13,700677966101695
c_7220;41,69230769230769;13,791153846153845
c_7221;62,62352941176471;16,46529411764706
c_7222;25,729166666666668;56,930625
c_7223;50,951219512195124;18,498780487804876
c_7224;63,5;14,525454545454545
c_7225;21,666666666666668;38,05555555555556
c_7226;47,73480662983425;12,680276243093923
c_7227;55,8;17,312
c_7228;44,42857142857143;16,963333333333335
c_7229;29,533333333333335;18,581333333333337
c_723;18,4;81,818
c_7230;29,84313725490196;25,739019607843137
c_7231;50,6578947368421;18,61842105263158
c_7232;91,67073170731707;17,853597560975608
c_7233;20,833333333333332;54,66222222222222
c_7234;17,595744680851062;43,09595744680851
c_7235;46,73684210526316;13,419013157894737
c_7236;40,773148148148145;12,157731481481482
c_7237;21,547619047619047;35,87785714285714
c_7238;54,705882352941174;18,296470588235294
c_7239;17,181818181818183;40,166363636363634
c_724;58,689655172413794;16,29603448275862
c_7240;43,671826625387;14,075417956656345
c_7241;35,56842105263158;13,661684210526314
c_7242;30,775862068965516;12,274999999999999
c_7243;64,63333333333334;14,212333333333333
c_7244;43,73162939297124;13,515974440894569
c_7245;38,666666666666664;15,422264957264957
c_7246;45,67027027027027;13,388756756756758
c_7247;62,65;15,174000000000001
c_7248;53,625;21,420625
c_7249;28,75438596491228;56,005614035087724
c_725;57,64705882352941;13,325882352941177
c_7250;43,730923694779115;12,449598393574297
c_7251;20,608695652173914;45,31
c_7252;42,71578947368421;13,150105263157895
c_7253;47,59615384615385;13,104615384615384
c_7254;79,57894736842105;18,185263157894735
c_7255;38,0;12,828
c_7256;25,627906976744185;38,450930232558136
c_7257;17,76923076923077;50,21192307692308
c_7258;40,666666666666664;13,524324324324324
c_7259;44,48684210526316;12,227763157894737
c_726;27,5;13,332857142857142
c_7260;22,93103448275862;30,773448275862066
c_7261;17,75862068965517;46,454482758620685
c_7262;42,69736842105263;14,275833333333333
c_7263;33,62032085561497;13,103262032085562
c_7264;19,6;39,766000000000005
c_7265;30,558139534883722;13,509883720930231
c_7266;17,585365853658537;36,91609756097561
c_7267;43,68064516129032;12,322225806451613
c_7268;36,679611650485434;14,565242718446601
c_7269;38,73913043478261;13,276123188405798
c_727;34,78125;16,7653125
c_7270;43,59090909090909;13,039545454545454
c_7271;47,76190476190476;11,643571428571429
c_7272;20,705882352941178;43,3385294117647
c_7273;54,52;13,6532
c_7274;19,565217391304348;59,28695652173913
c_7275;75,7;12,9755
c_7276;59,56;11,725999999999999
c_7277;33,42307692307692;12,204038461538461
c_7278;48,549180327868854;13,017377049180327
c_7279;35,66120218579235;13,53792349726776
c_728;70,33333333333333;18,323333333333334
c_7280;41,839506172839506;13,755061728395063
c_7281;36,48148148148148;11,924444444444443
c_7282;41,526315789473685;11,137719298245614
c_7283;57,57692307692308;14,604230769230771
c_7284;40,67226890756302;14,498067226890756
c_7285;32,732142857142854;12,626607142857143
c_7286;50,62162162162162;15,16810810810811
c_7287;43,721311475409834;13,029344262295082
c_7288;65,6;14,645
c_7289;66,75757575757575;23,43060606060606
c_729;50,63551401869159;16,902803738317758
c_7290;59,55555555555556;13,981388888888889
c_7291;62,61904761904762;17,00047619047619
c_7292;32,8;15,126399999999999
c_7293;19,634146341463413;21,857073170731706
c_7294;55,72164948453608;16,34422680412371
c_7295;35,656716417910445;13,488308457711444
c_7296;17,88235294117647;39,27529411764706
c_7297;30,53125;13,804375
c_7298;22,581818181818182;29,34272727272727
c_7299;38,68478260869565;13,044565217391304
c_73;34,661764705882355;13,934411764705882
c_730;52,71232876712329;17,807534246575344
c_7300;41,72314049586777;12,469504132231405
c_7301;53,5;14,970833333333335
c_7302;46,67741935483871;14,94258064516129
c_7303;51,813559322033896;16,893389830508475
c_7304;44,66816143497758;12,97726457399103
c_7305;49,62264150943396;13,394150943396227
c_7306;52,671875;15,8871875
c_7307;28,375;107,89999999999999
c_7308;68,6470588235294;15,603235294117647
c_7309;20,952380952380953;36,99952380952381
c_731;54,795918367346935;15,021836734693876
c_7310;42,670731707317074;12,980853658536587
c_7311;28,652173913043477;31,36391304347826
c_7312;21,90909090909091;41,88254545454545
c_7313;25,6984126984127;17,991111111111113
c_7314;20,666666666666668;30,216666666666665
c_7315;67,63888888888889;18,578055555555554
c_7316;37,632183908045974;13,691494252873564
c_7317;40,642857142857146;11,839464285714286
c_7318;57,583333333333336;14,734166666666667
c_7319;47,67385444743935;13,896954177897573
c_732;28,6875;35,548125
c_7320;40,84444444444444;13,113777777777777
c_7321;36,52;11,6296
c_7322;61,535714285714285;19,12892857142857
c_7323;58,71527777777778;18,254444444444445
c_7324;34,82222222222222;14,116999999999999
c_7325;42,5;26,61
c_7326;22,692307692307693;55,751794871794864
c_7327;20,741935483870968;29,23032258064516
c_7328;27,82857142857143;50,08914285714285
c_7329;17,61111111111111;65,52555555555556
c_733;17,7;25,5885
c_7330;45,8448275862069;13,464137931034482
c_7331;22,470588235294116;40,33176470588235
c_7332;66,5;20,89
c_7333;56,666666666666664;12,295833333333333
c_7334;45,666666666666664;12,736190476190476
c_7335;39,72549019607843;14,022745098039215
c_7336;40,640449438202246;11,781348314606742
c_7337;19,526315789473685;42,24263157894737
c_7338;43,6578073089701;12,59514950166113
c_7339;27,76923076923077;25,942307692307693
c_734;80,63917525773196;14,084845360824742
c_7340;41,625;14,036875
c_7341;58,25;16,869999999999997
c_7342;40,60919540229885;12,506436781609194
c_7343;71,76404494382022;15,639213483146069
c_7344;57,60629921259842;16,856692913385828
c_7345;24,586206896551722;50,971724137931034
c_7346;17,5;28,495
c_7347;77,65384615384616;17,754615384615384
c_7348;17,767441860465116;47,71569767441861
c_7349;74,59482758620689;17,11646551724138
c_735;22,55223880597015;24,188507462686566
c_7350;43,61165048543689;12,367864077669903
c_7351;22,69090909090909;49,68654545454545
c_7352;41,411764705882355;12,659411764705883
c_7353;34,58870967741935;12,758790322580644
c_7354;40,48936170212766;15,235106382978723
c_7355;63,6875;18,411875000000002
c_7356;22,607142857142858;56,192142857142855
c_7357;65,60526315789474;18,54385964912281
c_7358;17,70909090909091;54,89927272727273
c_7359;49,65853658536585;14,071951219512195
c_736;44,65384615384615;15,282499999999999
c_7360;18,62962962962963;18,538148148148146
c_7361;33,637362637362635;13,606813186813188
c_7362;44,65;14,604
c_7363;39,75;15,327272727272726
c_7364;49,56666666666667;13,7582
c_7365;18,473684210526315;66,72157894736843
c_7366;38,59375;12,6421875
c_7367;42,68292682926829;18,08560975609756
c_7368;72,65891472868218;16,177674418604653
c_7369;39,6219512195122;13,55560975609756
c_737;27,444444444444443;13,758888888888889
c_7370;60,666666666666664;16,4625
c_7371;23,428571428571427;40,03214285714286
c_7372;40,6;18,658
c_7373;37,473684210526315;12,040526315789474
c_7374;43,57364341085271;13,758294573643411
c_7375;26,76;22,451999999999998
c_7376;54,6;16,85457142857143
c_7377;61,689655172413794;22,575862068965513
c_7378;30,50943396226415;10,83867924528302
c_7379;59,59615384615385;16,424615384615382
c_738;67,73846153846154;14,153538461538462
c_7380;88,95238095238095;14,595714285714285
c_7381;44,76543209876543;13,134382716049382
c_7382;61,6875;18,22
c_7383;40,765151515151516;13,319128787878787
c_7384;53,78688524590164;19,29688524590164
c_7385;55,80769230769231;14,198076923076922
c_7386;43,55223880597015;13,257164179104478
c_7387;67,67469879518072;16,609879518072287
c_7388;44,69642857142857;13,548499999999999
c_7389;23,666666666666668;60,24333333333333
c_739;51,583333333333336;15,001944444444442
c_7390;18,7;56,364
c_7391;66,71875;16,094375
c_7392;67,78571428571429;17,127142857142857
c_7393;29,736842105263158;39,38473684210527
c_7394;54,611570247933884;16,142148760330578
c_7395;25,658536585365855;37,13341463414634
c_7396;62,78260869565217;17,64149068322981
c_7397;49,714285714285715;15,981428571428571
c_7398;36,63529411764706;16,695529411764703
c_7399;33,411764705882355;16,77823529411765
c_74;31,735294117647058;13,48014705882353
c_740;26,6046511627907;73,78906976744187
c_7400;54,78787878787879;14,782121212121211
c_7401;41,66816143497758;12,137040358744395
c_7402;76,86363636363636;19,10590909090909
c_7403;51,78658536585366;15,809329268292682
c_7404;45,30769230769231;16,05153846153846
c_7405;39,62992125984252;11,226062992125984
c_7406;33,699029126213595;13,716893203883494
c_7407;39,825;15,218
c_7408;42,78;13,0776
c_7409;46,65625;13,81078125
c_741;34,67796610169491;12,96457627118644
c_7410;31,78688524590164;12,582295081967214
c_7411;19,652173913043477;15,666521739130435
c_7412;20,285714285714285;40,91571428571429
c_7413;22,833333333333332;39,449999999999996
c_7414;53,796875;14,694374999999999
c_7415;47,53846153846154;11,497094017094017
c_7416;88,63636363636364;14,364181818181818
c_7417;49,61691542288557;12,533134328358209
c_7418;34,77835051546392;14,395412371134022
c_7419;58,6219512195122;17,29121951219512
c_742;43,568627450980394;14,902549019607845
c_7420;52,65384615384615;19,18769230769231
c_7421;43,693931398416886;13,325065963060686
c_7422;45,61666666666667;13,959583333333335
c_7423;35,642857142857146;14,826428571428572
c_7424;55,60526315789474;14,906315789473682
c_7425;53,69491525423729;14,370677966101695
c_7426;30,714285714285715;17,12017857142857
c_7427;56,63636363636363;14,576666666666666
c_7428;56,75;14,1725
c_7429;29,0;17,006
c_743;53,25;11,409999999999998
c_7430;20,545454545454547;48,86636363636364
c_7431;52,86206896551724;17,997931034482757
c_7432;53,74285714285714;21,202857142857145
c_7433;56,91304347826087;17,84695652173913
c_7434;69,7948717948718;15,215384615384615
c_7435;50,484848484848484;14,395454545454546
c_7436;48,5;10,2375
c_7437;51,285714285714285;15,920714285714284
c_7438;24,58139534883721;38,911162790697674
c_7439;30,764331210191084;14,036369426751593
c_744;30,48;16,4756
c_7440;33,829268292682926;13,281219512195122
c_7441;68,70833333333333;16,348541666666666
c_7442;72,52173913043478;13,29695652173913
c_7443;17,75;44,63999999999999
c_7444;17,575757575757574;31,687575757575754
c_7445;46,59183673469388;11,297346938775508
c_7446;58,666666666666664;18,54095238095238
c_7447;34,71910112359551;11,804269662921348
c_7448;27,84285714285714;43,04628571428571
c_7449;66,72631578947369;14,804736842105264
c_745;54,74285714285714;20,692857142857143
c_7450;47,78102189781022;12,014160583941607
c_7451;56,888888888888886;9,145925925925926
c_7452;60,577777777777776;17,064888888888888
c_7453;35,68231046931408;12,321552346570398
c_7454;26,614035087719298;22,932105263157894
c_7455;32,666666666666664;11,856923076923078
c_7456;36,62566844919786;11,985828877005346
c_7457;49,473684210526315;17,992631578947368
c_7458;46,6;14,779
c_7459;64,79;19,1008
c_746;37,59701492537314;14,310298507462687
c_7460;47,72108843537415;14,464285714285714
c_7461;18,875;36,6425
c_7462;29,73846153846154;38,46276923076923
c_7463;62,74074074074074;14,519814814814813
c_7464;20,71698113207547;21,59188679245283
c_7465;45,65979381443299;13,117319587628865
c_7466;17,64;60,3266
c_7467;21,435897435897434;32,79025641025641
c_7468;24,1875;37,70125
c_7469;65,66355140186916;16,558971962616823
c_747;35,806451612903224;14,508924731182795
c_7470;62,78358208955224;21,5155223880597
c_7471;52,541666666666664;17,188541666666666
c_7472;17,73076923076923;52,37423076923077
c_7473;85,63529411764706;16,879411764705882
c_7474;67,61904761904762;17,192619047619047
c_7475;53,64102564102564;16,115641025641025
c_7476;55,625;16,3328125
c_7477;25,5;41,15107142857143
c_7478;37,56;17,145599999999998
c_7479;69,66666666666667;22,25583333333333
c_748;74,59154929577464;15,74788732394366
c_7480;38,72727272727273;15,359898989898989
c_7481;35,375;12,369375
c_7482;59,44;12,7804
c_7483;17,825;67,24225
c_7484;37,75949367088607;13,596708860759495
c_7485;19,75609756097561;48,15707317073171
c_7486;74,65384615384616;21,239038461538463
c_7487;46,69642857142857;12,03125
c_7488;26,7;21,338
c_7489;37,66938775510204;13,008408163265306
c_749;17,642857142857142;46,305
c_7490;29,73076923076923;60,95769230769231
c_7491;18,5;40,27625
c_7492;27,724137931034484;40,085402298850575
c_7493;65,6875;17,225625
c_7494;26,533333333333335;46,188
c_7495;39,68711656441718;14,986134969325152
c_7496;76,85483870967742;17,480806451612903
c_7497;61,48275862068966;12,485862068965517
c_7498;64,5625;21,510625
c_7499;44,64802631578947;12,004605263157895
c_75;37,76923076923077;14,258615384615384
c_750;18,11111111111111;67,48666666666666
c_7500;34,66326530612245;11,251734693877552
c_7501;52,90909090909091;19,626363636363635
c_7502;44,71604938271605;12,901358024691358
c_7503;23,69047619047619;45,39785714285714
c_7504;55,59090909090909;15,263030303030304
c_7505;17,83050847457627;23,469830508474576
c_7506;42,584;12,18696
c_7507;40,59583333333333;13,590458333333334
c_7508;32,68235294117647;14,078470588235295
c_7509;52,69117647058823;17,007941176470588
c_751;59,6578947368421;16,311184210526317
c_7510;58,583333333333336;14,666666666666666
c_7511;31,756944444444443;15,031319444444446
c_7512;73,72368421052632;16,53157894736842
c_7513;47,786764705882355;15,648970588235292
c_7514;31,816666666666666;13,236999999999998
c_7515;54,64102564102564;13,866923076923076
c_7516;78,78571428571429;20,12892857142857
c_7517;64,6;14,227499999999997
c_7518;26,956521739130434;20,168260869565216
c_7519;39,60493827160494;16,786296296296296
c_752;31,626373626373628;14,186043956043957
c_7520;24,547169811320753;40,901698113207544
c_7521;46,6271186440678;13,175254237288136
c_7522;35,64356435643565;12,925643564356436
c_7523;65,6304347826087;16,36782608695652
c_7524;21,5;50,566500000000005
c_7525;54,52;18,3434
c_7526;47,644067796610166;12,954847457627118
c_7527;56,791666666666664;17,263749999999998
c_7528;53,638888888888886;21,159166666666668
c_7529;80,6;18,088615384615384
c_753;39,77358490566038;15,090188679245282
c_7530;53,59090909090909;15,623181818181818
c_7531;58,64957264957265;17,562735042735046
c_7532;48,63809523809524;10,40857142857143
c_7533;17,958333333333332;40,73458333333333
c_7534;29,5;100,99
c_7535;36,0;14,44090909090909
c_7536;36,620879120879124;11,933021978021978
c_7537;27,64;30,9468
c_7538;79,6774193548387;17,784516129032255
c_7539;34,642857142857146;13,57095238095238
c_754;31,59090909090909;12,885454545454547
c_7540;26,606060606060606;56,92393939393939
c_7541;26,692307692307693;68,13538461538461
c_7542;62,64;23,157999999999998
c_7543;34,6578947368421;13,168552631578947
c_7544;27,72972972972973;62,784324324324324
c_7545;65,72527472527473;18,275714285714283
c_7546;17,73913043478261;48,83869565217391
c_7547;43,60294117647059;14,346176470588235
c_7548;64,51515151515152;14,694848484848485
c_7549;24,583333333333332;62,405
c_755;25,5;124,6125
c_7550;48,661764705882355;12,876911764705882
c_7551;67,72826086956522;18,711304347826086
c_7552;48,63636363636363;13,722670454545455
c_7553;29,58823529411765;45,726470588235294
c_7554;20,545454545454547;67,01136363636364
c_7555;40,5625;12,4690625
c_7556;36,682432432432435;15,123851351351352
c_7557;40,92307692307692;13,973846153846154
c_7558;77,72549019607843;18,933333333333334
c_7559;17,753846153846155;17,404
c_756;18,59090909090909;59,76272727272727
c_7560;17,61111111111111;35,5475
c_7561;24,795454545454547;34,46454545454546
c_7562;25,79310344827586;34,3048275862069
c_7563;22,84090909090909;33,01681818181818
c_7564;31,606060606060606;14,246464646464647
c_7565;33,74149659863946;14,880544217687076
c_7566;50,713178294573645;16,55441860465116
c_7567;19,57894736842105;44,881052631578946
c_7568;27,75925925925926;48,298148148148144
c_7569;17,916666666666668;42,595416666666665
c_757;50,648648648648646;16,56135135135135
c_7570;27,756756756756758;57,67
c_7571;56,04;17,5772
c_7572;43,71212121212121;12,7275
c_7573;35,691489361702125;14,297021276595746
c_7574;35,613821138211385;13,97341463414634
c_7575;48,645161290322584;14,61741935483871
c_7576;28,58730158730159;17,705238095238098
c_7577;29,70731707317073;43,77097560975609
c_7578;26,735294117647058;58,26294117647059
c_7579;44,64473684210526;13,960921052631578
c_758;27,595238095238095;28,00238095238095
c_7580;22,9;38,914
c_7581;24,625;65,72375
c_7582;22,71698113207547;55,22188679245283
c_7583;38,0;11,71
c_7585;27,75;91,53625
c_7586;45,71264367816092;14,034827586206896
c_7587;85,60185185185185;17,638333333333335
c_7588;17,666666666666668;17,93111111111111
c_7589;22,0;59,489999999999995
c_759;58,73809523809524;15,007619047619048
c_7590;68,33333333333333;13,99
c_7591;45,67088607594937;14,442151898734178
c_7592;53,69090909090909;19,188181818181818
c_7593;28,846153846153847;41,926923076923075
c_7594;19,571428571428573;36,567142857142855
c_7595;67,8;13,256499999999999
c_7596;29,043478260869566;42,59978260869565
c_7597;57,857142857142854;11,477857142857143
c_7598;66,73684210526316;15,743421052631579
c_7599;50,72222222222222;15,30777777777778
c_76;42,65833333333333;12,983916666666666
c_760;41,693333333333335;12,64024
c_7600;64,66315789473684;14,23778947368421
c_7601;44,77732793522267;14,271417004048583
c_7602;67,5;23,107727272727274
c_7603;68,69135802469135;15,458641975308641
c_7604;25,789473684210527;35,02263157894737
c_7605;30,618705035971225;13,11568345323741
c_7606;51,592592592592595;14,767222222222221
c_7607;55,607142857142854;17,9875
c_7608;70,82608695652173;16,043695652173913
c_7609;29,487179487179485;46,05820512820513
c_761;22,735849056603772;25,487358490566038
c_7610;27,416666666666668;64,38416666666666
c_7611;62,5;14,648636363636363
c_7612;32,79710144927536;13,00391304347826
c_7613;28,725;55,96
c_7614;26,6;14,518666666666666
c_7615;35,68493150684932;17,144246575342464
c_7616;28,41176470588235;35,96764705882353
c_7617;17,714285714285715;39,39107142857143
c_7618;54,67289719626168;16,904766355140186
c_7619;17,565217391304348;49,361304347826085
c_762;17,857142857142858;20,701428571428572
c_7620;87,55;16,8585
c_7621;64,70370370370371;17,572222222222223
c_7622;56,5;25,156666666666666
c_7623;48,54347826086956;13,796521739130435
c_7624;20,65;48,33025
c_7625;34,8125;15,07671875
c_7626;23,5;22,6425
c_7627;48,51111111111111;13,910777777777778
c_7628;60,17391304347826;17,735217391304346
c_7629;21,59090909090909;17,1475
c_763;38,674418604651166;12,803720930232556
c_7630;71,67961165048544;16,41864077669903
c_7631;27,605263157894736;44,08947368421053
c_7632;46,710144927536234;13,352850241545893
c_7633;19,685714285714287;57,464
c_7634;41,7304347826087;12,588521739130435
c_7635;39,58536585365854;12,123841463414633
c_7636;55,611111111111114;15,225370370370369
c_7637;57,825;20,28075
c_7638;64,66129032258064;16,065
c_7639;44,357142857142854;12,36
c_764;17,2;13,190000000000001
c_7640;20,627118644067796;44,138474576271186
c_7641;28,53846153846154;47,714615384615385
c_7642;53,72093023255814;16,9446511627907
c_7643;17,705882352941178;17,72098039215686
c_7644;23,666666666666668;71,18333333333334
c_7645;67,58823529411765;14,132941176470588
c_7646;48,651408450704224;13,780387323943662
c_7647;34,63157894736842;14,913508771929823
c_7648;19,666666666666668;14,84
c_7649;52,625;19,890875
c_765;68,60606060606061;15,747575757575756
c_7650;29,708333333333332;30,73972222222222
c_7651;53,696969696969695;18,316212121212118
c_7652;71,71428571428571;16,608831168831166
c_7653;37,554621848739494;13,033193277310925
c_7654;33,633663366336634;12,776930693069307
c_7655;34,0;12,711428571428572
c_7656;65,76923076923077;17,682692307692307
c_7657;61,7953216374269;15,339239766081873
c_7658;34,68263473053892;12,765209580838324
c_7659;27,0;47,275
c_766;60,84615384615385;13,352307692307694
c_7660;28,818181818181817;29,92848484848485
c_7661;26,555555555555557;72,9738888888889
c_7662;77,72;15,573599999999999
c_7663;33,68879668049792;12,764730290456432
c_7664;41,729729729729726;17,27054054054054
c_7665;53,875;12,6025
c_7666;35,64251207729468;13,376521739130435
c_7667;26,79310344827586;42,19655172413793
c_7668;22,666666666666668;39,0
c_7669;29,4;36,088
c_767;62,701492537313435;16,046417910447758
c_7670;37,76571428571429;12,26462857142857
c_7671;17,46153846153846;33,47538461538461
c_7672;30,787401574803148;17,07307086614173
c_7673;66,6923076923077;14,274807692307691
c_7674;56,81818181818182;14,881636363636364
c_7675;53,71818181818182;19,156454545454547
c_7676;23,785714285714285;33,589999999999996
c_7677;60,583333333333336;17,198888888888888
c_7678;17,8;36,082
c_7679;38,72027972027972;12,776433566433566
c_768;41,78082191780822;13,011095890410958
c_7680;34,74647887323944;12,831971830985916
c_7681;75,48148148148148;17,122222222222224
c_7682;42,666666666666664;12,863484848484848
c_7683;48,58387096774194;12,45516129032258
c_7684;21,55;29,8085
c_7685;38,6243093922652;12,338729281767955
c_7686;17,714285714285715;39,28523809523809
c_7687;69,58333333333333;17,020833333333332
c_7688;24,694444444444443;41,40055555555555
c_7689;69,64285714285714;16,50857142857143
c_769;36,65185185185185;14,802518518518518
c_7690;40,714285714285715;12,174
c_7691;46,65816326530612;13,48545918367347
c_7692;45,172413793103445;12,471724137931036
c_7693;60,65;17,113
c_7694;63,62068965517241;16,250172413793102
c_7695;43,57303370786517;14,69370786516854
c_7696;43,638297872340424;13,376808510638298
c_7697;21,627906976744185;41,11976744186046
c_7698;65,58823529411765;20,528823529411767
c_7699;58,75961538461539;19,754038461538464
c_77;29,2;17,096666666666668
c_770;65,7843137254902;15,446470588235293
c_7700;54,73134328358209;17,30865671641791
c_7701;17,64864864864865;33,04081081081081
c_7702;32,744680851063826;14,163510638297872
c_7703;61,57142857142857;15,958441558441558
c_7704;43,646153846153844;12,784076923076924
c_7705;38,833333333333336;11,72121212121212
c_7706;34,375;14,094249999999999
c_7707;29,91176470588235;60,63
c_7708;33,76744186046512;12,205232558139533
c_7709;33,69767441860465;14,655813953488371
c_771;56,61666666666667;17,49
c_7710;28,555555555555557;22,71666666666667
c_7711;39,63008130081301;12,763414634146342
c_7712;17,75;38,2165
c_7713;56,627906976744185;17,061511627906977
c_7714;49,63076923076923;14,128307692307693
c_7715;20,666666666666668;66,43666666666667
c_7716;45,68115942028985;13,676231884057971
c_7717;59,6875;18,153541666666666
c_7718;27,7;37,802499999999995
c_7719;20,73170731707317;21,641463414634146
c_772;25,555555555555557;56,27333333333334
c_7720;44,62992125984252;13,355511811023623
c_7721;43,66801619433198;11,702186234817814
c_7722;66,625;13,998482142857142
c_7723;42,73170731707317;15,150975609756099
c_7724;57,74193548387097;15,219354838709675
c_7725;20,591836734693878;36,92285714285714
c_7726;46,735;12,93635
c_7727;29,53125;23,22
c_7728;33,68652037617555;12,409341692789969
c_7729;34,666666666666664;14,34875
c_773;22,714285714285715;90,16142857142857
c_7730;24,666666666666668;16,02462962962963
c_7731;53,64;14,07
c_7732;32,70059880239521;11,37377245508982
c_7733;47,75728155339806;14,099902912621358
c_7734;25,818181818181817;51,344545454545454
c_7735;48,5;11,117142857142857
c_7736;58,5;14,905833333333334
c_7737;33,68292682926829;11,508048780487805
c_7738;57,35294117647059;14,867058823529412
c_7739;25,0;68,99
c_774;62,72826086956522;16,18445652173913
c_7740;46,61224489795919;11,874489795918368
c_7741;19,637931034482758;30,5501724137931
c_7742;37,7027027027027;12,480945945945946
c_7743;45,72093023255814;13,293410852713178
c_7744;24,636363636363637;46,15090909090909
c_7745;20,805555555555557;26,267222222222223
c_7746;26,666666666666668;37,54083333333333
c_7747;21,696428571428573;34,62732142857143
c_7748;32,63855421686747;15,129156626506024
c_7749;17,55263157894737;42,58947368421053
c_775;59,75590551181102;14,594173228346458
c_7750;53,689655172413794;16,882155172413793
c_7751;47,5625;12,137291666666668
c_7752;45,64705882352941;11,948235294117648
c_7753;48,95505617977528;13,850337078651686
c_7754;17,540983606557376;34,4888524590164
c_7755;31,666666666666668;12,146666666666667
c_7756;27,857142857142858;57,19
c_7757;20,59090909090909;70,05954545454546
c_7758;51,76470588235294;17,15901960784314
c_7759;49,46;12,459200000000001
c_776;37,68055555555556;13,165694444444444
c_7760;37,5;12,715909090909092
c_7761;25,5625;58,0075
c_7762;55,74626865671642;16,430746268656716
c_7763;31,795555555555556;14,449377777777778
c_7764;44,64313725490196;12,325725490196078
c_7765;17,45;16,88
c_7766;29,77777777777778;34,20740740740741
c_7767;61,84848484848485;18,723939393939393
c_7768;48,63090128755365;12,848755364806866
c_7769;41,69444444444444;12,141222222222222
c_777;30,87037037037037;10,070185185185185
c_7770;21,6;61,334999999999994
c_7771;76,52307692307693;16,28846153846154
c_7772;47,77272727272727;15,48090909090909
c_7773;20,7319587628866;46,90329896907216
c_7774;23,59375;29,53875
c_7775;51,57142857142857;20,56714285714286
c_7776;65,57971014492753;17,524347826086956
c_7777;36,85;10,70125
c_7778;63,785714285714285;14,022857142857143
c_7779;38,616858237547895;13,915478927203065
c_778;37,67323943661972;12,966985915492957
c_7780;18,5;46,2545
c_7781;28,43243243243243;47,12918918918919
c_7782;40,655;13,220450000000001
c_7783;25,466666666666665;17,497333333333334
c_7784;68,77777777777777;19,954444444444444
c_7785;50,75;17,38625
c_7786;32,58064516129032;12,705967741935483
c_7787;37,583333333333336;11,924444444444443
c_7788;61,63013698630137;15,29082191780822
c_7789;29,629032258064516;44,950645161290325
c_779;32,515625;15,56921875
c_7790;38,72244897959184;13,391102040816326
c_7791;65,68345323741008;17,498776978417265
c_7792;35,699029126213595;15,637961165048544
c_7793;32,8;13,537
c_7794;24,36842105263158;31,224736842105262
c_7795;19,076923076923077;51,01230769230769
c_7796;45,83529411764706;12,534705882352942
c_7797;79,61111111111111;16,039583333333333
c_7798;40,68181818181818;12,719545454545454
c_7799;36,65846153846154;11,73036923076923
c_78;73,95652173913044;15,324782608695651
c_780;32,70909090909091;14,941272727272727
c_7800;17,4;19,089999999999996
c_7801;76,83333333333333;11,80888888888889
c_7802;26,428571428571427;58,44333333333333
c_7803;54,55555555555556;17,43777777777778
c_7804;35,44285714285714;12,782142857142857
c_7805;52,704081632653065;15,604897959183674
c_7806;27,893333333333334;35,529066666666665
c_7807;40,673469387755105;15,078979591836735
c_7808;44,68525896414343;14,160358565737052
c_7809;40,59701492537314;11,47
c_781;41,853932584269664;14,891348314606741
c_7810;43,62307692307692;12,229384615384616
c_7811;31,666666666666668;11,788854166666667
c_7812;36,625;11,36125
c_7813;43,67636363636364;12,539781818181819
c_7814;30,63;15,3801
c_7815;29,5625;70,30625
c_7816;36,64;12,66456
c_7817;49,583333333333336;12,932777777777778
c_7818;43,7979797979798;12,576010101010102
c_7819;32,81318681318681;12,936153846153847
c_782;30,794117647058822;16,961176470588235
c_7820;40,523809523809526;12,897063492063491
c_7821;57,710144927536234;17,270289855072463
c_7822;27,071428571428573;30,254285714285714
c_7823;41,6551724137931;10,888275862068966
c_7824;26,575;42,534
c_7825;24,75;73,9725
c_7826;41,6858407079646;11,896814159292035
c_7827;53,645833333333336;14,000208333333333
c_7828;45,75;12,372142857142858
c_7829;27,63157894736842;51,0328947368421
c_783;62,6;17,719714285714286
c_7830;17,77358490566038;40,259811320754714
c_7831;64,61682242990655;17,865981308411214
c_7832;41,6436170212766;13,549148936170212
c_7833;38,5974025974026;12,241428571428571
c_7834;34,58620689655172;15,028275862068964
c_7835;58,7037037037037;18,5241975308642
c_7836;45,541666666666664;9,397916666666667
c_7837;47,6;12,576666666666666
c_7838;54,725;16,645249999999997
c_7839;46,69444444444444;15,41472222222222
c_784;58,7;18,136333333333333
c_7840;64,62711864406779;16,517118644067796
c_7841;27,776119402985074;36,09507462686567
c_7842;27,571428571428573;64,16828571428572
c_7843;61,5;9,99
c_7844;42,68;14,392800000000001
c_7845;49,610169491525426;18,790338983050848
c_7846;36,577639751552795;13,262484472049689
c_7847;33,8348623853211;14,023669724770642
c_7848;22,857142857142858;28,271428571428572
c_7849;43,60215053763441;12,406236559139785
c_785;27,9;19,1785
c_7850;40,5;17,650666666666666
c_7851;67,52631578947368;16,53
c_7852;42,49425287356322;12,850919540229885
c_7853;20,6;55,154250000000005
c_7854;33,71508379888268;13,657150837988828
c_7855;31,74015748031496;11,64515748031496
c_7856;38,63157894736842;12,763263157894738
c_7857;29,72222222222222;39,40722222222222
c_7858;45,65909090909091;12,37030303030303
c_7859;52,53030303030303;21,67590909090909
c_786;49,82105263157895;12,902947368421053
c_7860;34,76470588235294;14,26705882352941
c_7861;31,651960784313726;12,464558823529412
c_7862;56,68181818181818;18,908409090909092
c_7863;21,8;41,77066666666666
c_7864;76,83333333333333;23,2175
c_7865;24,806451612903224;30,220645161290324
c_7866;32,82222222222222;13,95422222222222
c_7867;22,1;47,2845
c_7868;50,59701492537314;19,429402985074628
c_7869;55,57142857142857;18,23047619047619
c_787;36,73684210526316;17,702894736842108
c_7870;26,76;33,3802
c_7871;72,7375;18,7165
c_7872;39,559322033898304;10,190338983050848
c_7873;41,6839378238342;13,736062176165802
c_7874;39,80769230769231;8,877692307692307
c_7875;17,65625;50,1859375
c_7876;48,5;12,936785714285715
c_7877;36,44642857142857;14,390535714285715
c_7878;32,584070796460175;14,446858407079645
c_7879;73,704;15,40384
c_788;57,735849056603776;16,232641509433964
c_7880;27,714285714285715;34,99428571428571
c_7881;25,714285714285715;41,75857142857143
c_7882;24,833333333333332;29,8275
c_7883;18,551724137931036;41,949999999999996
c_7884;53,666666666666664;16,0275
c_7885;59,6764705882353;18,55720588235294
c_7886;79,70652173913044;17,209130434782608
c_7887;41,81818181818182;14,461666666666668
c_7888;23,548387096774192;37,54129032258064
c_7889;39,56410256410256;15,775384615384615
c_789;17,526315789473685;25,497631578947367
c_7890;22,6;59,11114285714285
c_7891;40,652482269503544;10,885602836879432
c_7892;56,63157894736842;14,531052631578946
c_7893;37,65625;11,83375
c_7894;59,57627118644068;15,675254237288136
c_7895;62,794117647058826;15,149705882352942
c_7896;44,65625;12,887083333333335
c_7897;56,666666666666664;17,0841975308642
c_7898;25,41176470588235;37,284705882352945
c_7899;72,60526315789474;17,97657894736842
c_79;65,75714285714285;17,272714285714283
c_790;69,5625;17,338125
c_7900;21,642857142857142;30,124642857142856
c_7901;51,62135922330097;16,87504854368932
c_7902;58,75;20,36625
c_7903;36,69892473118279;15,346129032258066
c_7904;19,689655172413794;47,62448275862069
c_7905;19,81578947368421;35,543684210526315
c_7906;22,666666666666668;26,266000000000002
c_7907;46,707602339181285;12,492923976608187
c_7908;20,5;40,153749999999995
c_7909;31,698630136986303;11,394657534246575
c_791;32,48888888888889;15,282666666666668
c_7910;29,433333333333334;47,574333333333335
c_7911;33,67741935483871;12,074516129032258
c_7912;32,58995815899581;12,645439330543931
c_7913;51,69565217391305;15,116521739130436
c_7914;69,69354838709677;16,702903225806452
c_7915;48,810344827586206;13,402816091954024
c_7916;17,7;38,489999999999995
c_7917;42,48717948717949;12,113974358974358
c_7918;34,524752475247524;13,25940594059406
c_7919;42,73575129533679;17,335492227979273
c_792;57,59782608695652;17,63141304347826
c_7920;65,8252427184466;18,419029126213594
c_7921;39,75;17,020625000000003
c_7922;73,68253968253968;14,708888888888888
c_7923;17,52;57,435599999999994
c_7924;50,52;20,033933333333334
c_7925;37,76571428571429;13,162857142857144
c_7926;70,67058823529412;15,338823529411764
c_7927;17,894736842105264;23,142105263157895
c_7928;29,75;34,83166666666666
c_7929;37,53846153846154;13,810923076923077
c_793;47,32142857142857;12,819285714285714
c_7930;26,428571428571427;16,67809523809524
c_7931;53,65909090909091;13,78
c_7932;41,68691588785047;12,994485981308411
c_7933;28,736842105263158;38,044210526315794
c_7934;69,65;17,089916666666667
c_7935;23,894736842105264;61,9
c_7936;22,71794871794872;61,525128205128205
c_7937;52,857142857142854;15,366071428571429
c_7938;49,836363636363636;13,92
c_7939;48,35294117647059;13,716176470588236
c_794;47,66477272727273;13,542045454545455
c_7940;48,75675675675676;11,22081081081081
c_7941;18,0;120,58
c_7942;47,864583333333336;10,7115625
c_7943;35,75126903553299;12,146700507614213
c_7944;26,58823529411765;50,78823529411765
c_7945;45,603896103896105;12,013571428571428
c_7946;34,53807106598985;12,257005076142132
c_7947;25,605263157894736;69,57605263157895
c_7948;40,78260869565217;16,357971014492755
c_7949;46,666666666666664;13,53670731707317
c_795;42,5945945945946;13,21972972972973
c_7950;40,56666666666667;16,795666666666666
c_7951;35,77333333333333;13,708133333333333
c_7952;54,63768115942029;16,809420289855073
c_7953;45,62068965517241;13,611034482758619
c_7954;48,71764705882353;13,311607843137255
c_7955;27,791666666666668;59,70166666666666
c_7956;26,25;35,82625
c_7957;29,615384615384617;34,38743589743589
c_7958;59,645833333333336;19,44847222222222
c_7959;47,65040650406504;13,78170731707317
c_796;51,791666666666664;20,777291666666667
c_7960;41,610619469026545;13,5129203539823
c_7961;46,63125;12,68578125
c_7962;19,846153846153847;17,807884615384616
c_7963;58,46153846153846;12,964615384615383
c_7964;17,62857142857143;31,598285714285716
c_7965;17,65;52,547666666666665
c_7966;17,677966101694917;35,220338983050844
c_7967;41,3125;11,455
c_7968;52,0;13,877272727272727
c_7969;22,771428571428572;22,091714285714286
c_797;44,67298578199052;13,173791469194313
c_7970;19,86046511627907;42,12953488372093
c_7971;17,725806451612904;53,73774193548387
c_7972;40,55;12,46075
c_7973;20,681818181818183;39,32613636363636
c_7974;34,66019417475728;15,896116504854369
c_7975;61,38709677419355;16,703870967741935
c_7976;33,69230769230769;11,530576923076923
c_7977;60,69230769230769;20,095538461538464
c_7978;32,67816091954023;16,008850574712643
c_7979;53,83783783783784;17,807027027027026
c_798;36,73913043478261;16,157028985507246
c_7980;41,45454545454545;12,02818181818182
c_7981;43,63934426229508;13,489016393442622
c_7982;43,6764705882353;12,904117647058824
c_7983;49,60294117647059;12,317941176470589
c_7984;40,903225806451616;12,089354838709676
c_7985;18,733333333333334;24,09177777777778
c_7986;42,61224489795919;12,251275510204081
c_7987;42,72549019607843;11,544901960784314
c_7988;33,64341085271318;13,487286821705425
c_7989;33,75;13,189107142857143
c_799;76,75;17,965357142857144
c_7990;65,75;15,65925
c_7991;53,7037037037037;21,095185185185183
c_7992;39,85;15,785750000000002
c_7993;49,641618497109825;13,138670520231212
c_7994;32,69047619047619;15,604523809523808
c_7995;38,675925925925924;13,175277777777778
c_7996;34,69186046511628;16,024767441860465
c_7997;27,75;39,037
c_7998;57,8;20,2288
c_7999;30,635135135135137;13,36018018018018
c_8;46,56459330143541;13,528564593301434
c_80;17,5;40,321
c_800;36,689655172413794;12,425320197044336
c_8000;17,76923076923077;21,245384615384616
c_8001;33,63861386138614;13,65019801980198
c_8002;48,748717948717946;14,158871794871795
c_8003;60,82258064516129;15,714193548387096
c_8004;23,071428571428573;33,01
c_8005;67,0;62,25
c_8006;32,705882352941174;14,0990756302521
c_8007;19,62264150943396;51,2188679245283
c_8008;17,545454545454547;30,84272727272727
c_8009;73,54545454545455;12,803636363636365
c_801;23,596491228070175;43,96947368421052
c_8010;77,88461538461539;13,195
c_8011;56,53164556962025;16,11367088607595
c_8012;78,5625;15,067083333333334
c_8013;42,57251908396947;13,108625954198473
c_8014;56,76923076923077;15,923461538461538
c_8015;64,93333333333334;17,586
c_8016;48,69090909090909;13,361636363636363
c_8017;23,416666666666668;41,01416666666667
c_8018;56,62237762237762;15,894545454545455
c_8019;31,55;13,829249999999998
c_802;17,64406779661017;36,81440677966102
c_8020;48,5703125;13,801484375
c_8021;53,83783783783784;16,86081081081081
c_8022;62,666666666666664;17,630555555555556
c_8023;33,64795918367347;13,447908163265305
c_8024;85,5904761904762;17,618285714285715
c_8025;71,61290322580645;21,36806451612903
c_8026;43,61702127659574;13,5175
c_8027;21,3125;22,099999999999998
c_8028;51,64705882352941;16,230196078431373
c_8029;43,838095238095235;14,324285714285715
c_803;73,76960784313725;17,235539215686273
c_8030;63,84146341463415;18,012560975609755
c_8031;55,60344827586207;15,799741379310344
c_8032;17,5;4,41
c_8033;55,607142857142854;14,021428571428572
c_8034;48,71333333333333;12,129133333333334
c_8035;42,80808080808081;11,840454545454545
c_8036;63,642857142857146;15,644107142857141
c_8037;21,7;52,294
c_8038;17,723076923076924;42,33430769230769
c_8039;53,721311475409834;17,09032786885246
c_804;33,69642857142857;13,323571428571428
c_8040;34,6875;9,28875
c_8041;50,825;20,2125
c_8042;60,68;14,0044
c_8043;44,774869109947645;11,8765445026178
c_8044;40,62244897959184;12,372244897959185
c_8045;76,8;13,4815
c_8046;39,84931506849315;14,441232876712329
c_8047;66,51851851851852;14,94111111111111
c_8048;38,72012578616352;12,884937106918239
c_8049;26,866666666666667;27,836777777777776
c_805;27,363636363636363;23,69909090909091
c_8050;27,4;67,839
c_8051;29,0;55,235
c_8052;29,825396825396826;26,65285714285714
c_8053;50,724489795918366;15,412142857142856
c_8054;25,9;19,72375
c_8055;32,68020304568528;14,858121827411168
c_8056;36,69642857142857;12,674642857142857
c_8057;55,642857142857146;18,396571428571427
c_8058;30,736196319018404;13,339631901840491
c_8059;62,8;15,041
c_806;46,79545454545455;13,910909090909092
c_8060;42,72839506172839;14,976049382716049
c_8061;41,61764705882353;13,72529411764706
c_8062;56,6578947368421;16,97605263157895
c_8063;59,733668341708544;15,11145728643216
c_8064;53,785714285714285;17,74142857142857
c_8065;17,4;47,738
c_8066;67,0;12,256
c_8067;47,892857142857146;14,964642857142858
c_8068;19,6;40,715999999999994
c_8069;46,72839506172839;13,518806584362139
c_807;20,625;73,608125
c_8070;79,83333333333333;18,661388888888887
c_8071;17,652173913043477;53,68195652173913
c_8072;28,625;72,19666666666667
c_8073;39,705882352941174;12,35378151260504
c_8074;52,728476821192054;16,138609271523176
c_8075;59,75;19,924999999999997
c_8076;33,71311475409836;12,282377049180328
c_8077;53,638888888888886;15,680833333333332
c_8078;43,59398496240601;11,718345864661654
c_8079;59,42857142857143;16,359761904761903
c_808;17,333333333333332;33,025555555555556
c_8080;30,32;11,7452
c_8081;57,604166666666664;13,176458333333334
c_8082;43,6875;14,334895833333333
c_8083;65,91666666666667;10,6
c_8084;68,8;14,169
c_8085;31,58;12,1874
c_8086;26,4;30,123
c_8087;54,71515151515152;16,468
c_8088;54,56521739130435;16,23913043478261
c_8089;36,68867924528302;12,790566037735848
c_809;32,598130841121495;12,641121495327102
c_8090;34,611111111111114;12,129444444444445
c_8091;17,625;49,51979166666666
c_8092;73,0;16,259999999999998
c_8093;89,33333333333333;19,644166666666667
c_8094;66,8;13,043000000000001
c_8095;43,666666666666664;8,7175
c_8096;32,74311926605505;12,091834862385321
c_8097;53,651162790697676;15,865116279069765
c_8098;44,75;16,03875
c_8099;26,529411764705884;40,93617647058824
c_81;46,59119496855346;12,792893081761006
c_810;41,690140845070424;13,311690140845071
c_8100;63,72222222222222;14,13
c_8101;28,375;16,891875
c_8102;44,59375;12,545
c_8103;29,763157894736842;41,69973684210526
c_8104;23,862745098039216;31,309607843137254
c_8105;34,714285714285715;13,909880952380954
c_8106;20,62162162162162;29,83216216216216
c_8107;52,705882352941174;16,55
c_8108;20,666666666666668;25,686666666666664
c_8109;39,61467889908257;14,536788990825688
c_811;51,68571428571428;16,575
c_8110;26,555555555555557;77,49
c_8111;65,4;15,507
c_8112;17,678571428571427;43,10107142857142
c_8113;22,294117647058822;50,67235294117647
c_8114;59,5;4,99
c_8115;18,73015873015873;14,858412698412698
c_8116;38,275;14,451999999999998
c_8117;21,636363636363637;29,906969696969696
c_8118;37,660633484162894;14,266515837104073
c_8119;52,68354430379747;15,325443037974685
c_812;35,611510791366904;13,488273381294963
c_8120;32,714285714285715;13,46111111111111
c_8121;50,59493670886076;15,35886075949367
c_8122;18,6046511627907;44,76720930232558
c_8123;27,571428571428573;55,395714285714284
c_8124;40,62222222222222;13,284296296296295
c_8125;42,6328125;13,109765625
c_8126;21,833333333333332;27,215833333333332
c_8127;33,58536585365854;11,388048780487804
c_8128;71,6830985915493;15,463732394366197
c_8129;54,78787878787879;14,030303030303031
c_813;26,5;47,92307692307692
c_8130;44,75;14,2659375
c_8131;38,708333333333336;11,617083333333333
c_8132;43,54;18,270799999999998
c_8133;56,82051282051282;15,324529914529915
c_8134;56,8;17,137
c_8135;61,75609756097561;18,900243902439023
c_8136;35,65615141955836;12,384511041009464
c_8137;50,45454545454545;18,082727272727272
c_8138;37,641666666666666;11,516791666666666
c_8139;67,61971830985915;15,915492957746478
c_814;17,892857142857142;50,96321428571429
c_8140;50,5;4,15
c_8141;38,6554054054054;14,168783783783784
c_8142;29,571428571428573;91,31000000000002
c_8143;20,764705882352942;22,776470588235295
c_8144;20,770833333333332;41,166666666666664
c_8145;30,699029126213592;14,060679611650485
c_8146;51,725806451612904;15,938387096774193
c_8147;31,852713178294575;13,424573643410852
c_8148;32,64705882352941;11,001176470588236
c_8149;57,89795918367347;20,837142857142858
c_815;75,6304347826087;16,445652173913043
c_8150;46,65573770491803;12,312950819672132
c_8151;50,72;13,439199999999998
c_8152;44,704918032786885;12,64327868852459
c_8153;46,5472972972973;11,556013513513513
c_8154;32,59649122807018;12,133684210526315
c_8155;25,46153846153846;65,90307692307692
c_8156;26,833333333333332;34,065000000000005
c_8157;28,71794871794872;45,093717948717945
c_8158;37,513513513513516;11,774324324324324
c_8159;17,729166666666668;45,4475
c_816;42,55172413793103;13,870689655172415
c_8160;37,8;21,168
c_8161;66,66896551724138;19,47241379310345
c_8162;75,74137931034483;16,04310344827586
c_8163;39,61875;13,165000000000001
c_8164;65,56756756756756;14,861891891891892
c_8165;27,666666666666668;39,98799999999999
c_8166;39,69491525423729;15,016101694915253
c_8167;56,697916666666664;17,318854166666664
c_8168;37,76;10,9116
c_8169;58,81818181818182;16,062987012987012
c_817;34,871428571428574;12,113142857142856
c_8170;36,642105263157895;12,784526315789474
c_8171;49,612612612612615;13,670630630630631
c_8172;33,666666666666664;12,839722222222223
c_8173;37,73684210526316;12,981052631578947
c_8174;30,705128205128204;14,184102564102563
c_8175;59,77142857142857;13,934
c_8176;45,285714285714285;9,255714285714285
c_8177;37,66315789473684;14,666526315789474
c_8178;19,69090909090909;51,661454545454546
c_8179;17,63888888888889;45,43444444444444
c_818;60,80434782608695;16,930434782608696
c_8180;47,854838709677416;11,326048387096774
c_8181;27,58823529411765;51,845882352941175
c_8182;17,8125;38,4228125
c_8183;67,6470588235294;15,63078431372549
c_8184;45,60645161290323;12,473741935483872
c_8185;45,58974358974359;13,934102564102563
c_8186;43,88;10,824
c_8187;45,40909090909091;16,47
c_8188;31,58267716535433;12,248188976377953
c_8189;48,84146341463415;15,168658536585365
c_819;20,666666666666668;38,91111111111111
c_8190;39,79245283018868;15,255597484276729
c_8191;43,525862068965516;14,54103448275862
c_8192;29,618181818181817;28,43109090909091
c_8193;29,632478632478634;37,75145299145299
c_8194;48,6;14,383
c_8195;42,678082191780824;12,395000000000001
c_8196;53,42424242424242;15,589393939393942
c_8197;35,62903225806452;13,920376344086021
c_8198;45,6875;14,67125
c_8199;27,827956989247312;39,307634408602155
c_82;32,836363636363636;14,530181818181818
c_820;39,83050847457627;11,54271186440678
c_8200;79,6046511627907;15,00906976744186
c_8201;62,72486772486773;17,83089947089947
c_8202;38,67567567567568;13,911891891891893
c_8203;62,851851851851855;12,378518518518517
c_8204;33,69662921348315;13,481067415730339
c_8205;41,52447552447553;12,665594405594407
c_8206;52,36363636363637;26,237272727272728
c_8207;25,583333333333332;22,88416666666667
c_8208;17,8;35,402545454545454
c_8209;79,6907894736842;17,787171052631578
c_821;28,51851851851852;35,55888888888889
c_8210;88,54545454545455;15,198636363636364
c_8211;37,62903225806452;14,951451612903226
c_8212;26,705882352941178;25,003235294117648
c_8213;43,63559322033898;13,786949152542372
c_8214;58,0;16,825000000000003
c_8215;65,64864864864865;12,018378378378378
c_8216;56,63768115942029;21,148840579710146
c_8217;50,72164948453608;21,049896907216493
c_8218;61,732142857142854;16,745535714285715
c_8219;31,55072463768116;13,605507246376812
c_822;21,55;31,992166666666666
c_8220;25,595238095238095;59,67095238095238
c_8221;18,5;75,91499999999999
c_8222;29,571428571428573;54,971428571428575
c_8223;30,60427807486631;12,50379679144385
c_8224;47,668571428571425;12,349542857142858
c_8225;21,757575757575758;34,082727272727276
c_8226;63,70175438596491;18,06298245614035
c_8227;67,88888888888889;17,16177777777778
c_8228;42,63461538461539;13,297307692307694
c_8229;68,72847682119205;15,839072847682118
c_823;41,61290322580645;12,894193548387095
c_8230;22,705882352941178;21,07558823529412
c_8231;72,6;15,585999999999999
c_8232;60,69230769230769;13,911538461538461
c_8233;58,63636363636363;18,782727272727275
c_8234;48,916666666666664;19,037222222222223
c_8235;29,75;51,214642857142856
c_8236;29,566666666666666;15,879999999999999
c_8237;67,6891891891892;16,19054054054054
c_8238;39,81318681318681;14,594945054945054
c_8239;24,571428571428573;37,92642857142857
c_824;26,714285714285715;45,81928571428572
c_8240;43,679611650485434;14,89495145631068
c_8241;74,58333333333333;13,460555555555555
c_8242;28,79310344827586;32,36258620689655
c_8243;51,611111111111114;12,166666666666666
c_8244;27,6;79,5655
c_8245;17,555555555555557;30,664814814814818
c_8246;43,4;17,03033333333333
c_8247;33,595238095238095;11,590238095238096
c_8248;39,70666666666666;13,285866666666665
c_8249;57,64705882352941;17,889117647058825
c_825;44,64028776978417;14,1031654676259
c_8250;70,52631578947368;20,485526315789475
c_8251;65,96551724137932;20,030344827586205
c_8252;32,77911646586345;12,401365461847389
c_8254;71,71917808219177;14,597328767123289
c_8255;19,625;30,80625
c_8256;32,42307692307692;10,554615384615385
c_8257;54,5919540229885;16,243965517241378
c_8258;23,704545454545453;66,26386363636362
c_8259;17,886363636363637;37,768181818181816
c_826;17,6;42,045
c_8260;30,555555555555557;12,172463768115941
c_8261;83,80597014925372;16,78313432835821
c_8262;29,53846153846154;21,973846153846154
c_8263;64,71428571428571;23,447321428571428
c_8264;31,68235294117647;12,903647058823529
c_8265;24,615384615384617;43,45538461538461
c_8266;72,5625;16,59171875
c_8267;47,77777777777778;13,757333333333333
c_8268;23,904761904761905;70,1447619047619
c_8269;52,45454545454545;19,747272727272726
c_827;38,601694915254235;14,923135593220339
c_8270;59,666666666666664;9,61
c_8271;71,69491525423729;15,932033898305084
c_8272;30,508474576271187;13,492033898305085
c_8273;30,346938775510203;18,988979591836735
c_8274;46,73232323232323;12,92469696969697
c_8275;30,625;15,478
c_8276;34,70967741935484;17,614193548387096
c_8277;44,74285714285714;12,502857142857142
c_8278;37,47863247863248;14,223846153846154
c_8279;34,682291666666664;12,799895833333332
c_828;63,44444444444444;15,247777777777777
c_8280;54,666666666666664;15,45017543859649
c_8281;20,833333333333332;62,76222222222222
c_8282;45,662921348314605;11,4563670411985
c_8283;24,666666666666668;62,10166666666666
c_8284;46,710144927536234;12,07710144927536
c_8285;66,76470588235294;16,299607843137256
c_8286;41,55263157894737;14,372543859649124
c_8287;37,60204081632653;13,225306122448979
c_8288;39,61224489795919;13,976122448979593
c_8289;48,847457627118644;11,077627118644067
c_829;35,70135746606335;11,978461538461538
c_8290;40,74418604651163;13,448604651162789
c_8291;18,65;52,106500000000004
c_8292;22,72222222222222;41,03888888888889
c_8293;60,70886075949367;17,797974683544304
c_8294;55,64705882352941;16,44607843137255
c_8295;17,666666666666668;31,039333333333335
c_8296;30,691176470588236;14,255588235294118
c_8297;53,523809523809526;19,052857142857142
c_8298;56,583333333333336;14,8575
c_8299;52,73015873015873;18,617301587301586
c_83;23,891304347826086;69,2586956521739
c_830;40,76237623762376;12,698019801980198
c_8300;38,875;14,87525
c_8301;47,666666666666664;12,040790960451977
c_8302;25,58823529411765;67,17882352941176
c_8303;31,79642857142857;14,747035714285715
c_8304;32,60335195530726;13,896871508379888
c_8305;29,033333333333335;28,1
c_8306;75,74137931034483;15,236034482758619
c_8307;48,69090909090909;13,309636363636363
c_8308;40,56204379562044;12,884525547445255
c_8309;59,71111111111111;13,112222222222222
c_831;30,59433962264151;10,18066037735849
c_8310;82,5;11,79
c_8311;51,81578947368421;14,821315789473685
c_8312;50,96;18,4957
c_8313;34,734939759036145;15,528554216867468
c_8314;17,8;56,17714285714286
c_8315;52,791666666666664;27,653750000000002
c_8316;40,70634920634921;12,194444444444445
c_8317;51,56;16,5228
c_8318;23,80327868852459;46,04032786885246
c_8319;42,483870967741936;13,303548387096773
c_832;29,545454545454547;45,08090909090909
c_8320;55,76923076923077;17,136410256410255
c_8321;35,717948717948715;16,406666666666666
c_8322;40,64963503649635;12,802116788321168
c_8323;25,58974358974359;65,38051282051282
c_8324;46,5938864628821;12,762838427947598
c_8325;38,72888888888889;13,502577777777777
c_8326;38,63106796116505;13,393980582524271
c_8327;49,666666666666664;13,34191823899371
c_8328;40,81818181818182;14,797272727272725
c_8329;17,625;39,435
c_833;60,73913043478261;15,36586956521739
c_8330;65,63541666666667;20,140520833333333
c_8331;46,6031746031746;13,593333333333334
c_8332;25,96385542168675;23,297469879518072
c_8333;58,67424242424242;16,472727272727273
c_8334;68,71875;16,28265625
c_8335;26,738095238095237;28,030714285714286
c_8336;60,55172413793103;13,048275862068964
c_8337;63,73684210526316;12,514736842105263
c_8338;48,62068965517241;11,126551724137931
c_8339;50,68292682926829;15,71719512195122
c_834;49,74193548387097;15,273333333333333
c_8340;44,6695652173913;13,07521739130435
c_8341;63,61538461538461;17,824871794871793
c_8342;43,48936170212766;11,971702127659574
c_8343;32,674311926605505;12,472018348623854
c_8344;20,833333333333332;22,635277777777777
c_8345;28,62962962962963;55,75222222222222
c_8346;42,607594936708864;12,295316455696202
c_8347;43,60952380952381;13,334761904761905
c_8348;50,54545454545455;20,61766233766234
c_8349;67,64;15,315999999999999
c_835;27,52777777777778;43,9375
c_8350;90,56521739130434;18,532608695652176
c_8351;53,0;6,31
c_8352;43,847457627118644;11,920847457627117
c_8353;20,793650793650794;24,529682539682536
c_8354;19,833333333333332;21,308333333333334
c_8355;42,5;12,693235294117647
c_8356;57,660714285714285;17,556428571428572
c_8357;18,0;24,94780487804878
c_8358;30,873417721518987;13,739493670886077
c_8359;56,632183908045974;14,51494252873563
c_836;53,55882352941177;15,210588235294116
c_8360;42,771929824561404;12,599649122807017
c_8361;37,666666666666664;15,27
c_8362;92,89795918367346;17,201428571428572
c_8363;25,615384615384617;31,98
c_8364;48,58715596330275;15,21348623853211
c_8365;43,61306532663317;13,119798994974875
c_8366;28,625;32,72125
c_8367;48,82051282051282;12,447179487179486
c_8368;45,657303370786515;11,76185393258427
c_8369;17,7;99,28999999999999
c_837;67,68571428571428;14,320285714285713
c_8370;51,58620689655172;16,70793103448276
c_8371;50,714285714285715;18,12607142857143
c_8372;43,79802955665025;14,438916256157635
c_8373;24,829787234042552;48,333829787234045
c_8374;58,65492957746479;16,43950704225352
c_8375;82,78787878787878;19,42727272727273
c_8376;39,76190476190476;23,4
c_8377;61,48148148148148;14,857037037037037
c_8378;40,71232876712329;12,838630136986302
c_8379;32,44117647058823;11,976617647058823
c_838;56,67307692307692;17,197499999999998
c_8380;63,8;19,314
c_8382;46,69135802469136;14,453950617283951
c_8383;50,67664670658683;18,715808383233533
c_8384;82,86567164179104;19,213880597014924
c_8385;41,30434782608695;11,76782608695652
c_8386;43,46341463414634;10,676341463414634
c_8387;65,63636363636364;9,982727272727272
c_8388;31,70394736842105;12,84953947368421
c_8389;17,633333333333333;28,38533333333333
c_839;56,594202898550726;18,19405797101449
c_8390;22,72;29,0456
c_8391;31,647058823529413;19,282941176470587
c_8392;43,66032608695652;13,377771739130434
c_8393;56,76923076923077;22,063846153846153
c_8394;39,795918367346935;11,474285714285715
c_8395;28,862068965517242;42,506379310344826
c_8396;35,48275862068966;14,428793103448276
c_8397;59,6;13,202000000000002
c_8398;44,78082191780822;11,886712328767123
c_8399;24,847826086956523;32,297826086956526
c_84;39,392857142857146;15,268214285714285
c_840;35,84615384615385;10,219615384615384
c_8400;46,65098039215686;12,534941176470587
c_8401;19,416666666666668;29,670833333333334
c_8402;54,724137931034484;16,395517241379313
c_8403;59,58585858585859;15,422323232323231
c_8404;27,833333333333332;44,59111111111111
c_8405;74,41666666666667;15,784583333333332
c_8406;31,55072463768116;17,617536231884056
c_8407;17,571428571428573;67,69857142857143
c_8408;29,55;17,497
c_8409;51,87671232876713;15,399041095890409
c_841;25,037037037037038;54,346666666666664
c_8410;29,764705882352942;40,762352941176474
c_8411;45,390243902439025;14,772682926829267
c_8412;21,73076923076923;13,061923076923078
c_8413;18,784313725490197;35,561960784313726
c_8414;56,0;15,975333333333333
c_8415;51,68571428571428;15,806571428571429
c_8416;59,285714285714285;17,051428571428573
c_8417;35,608695652173914;12,473913043478262
c_8418;37,892857142857146;13,791428571428572
c_8419;31,52991452991453;13,313162393162393
c_842;47,65833333333333;11,757416666666668
c_8420;69,70833333333333;16,55125
c_8421;21,571428571428573;77,50857142857144
c_8422;41,901408450704224;13,14450704225352
c_8423;72,68181818181819;14,899545454545455
c_8424;38,72463768115942;12,581014492753624
c_8425;68,63815789473684;16,194276315789473
c_8426;18,043478260869566;24,367826086956523
c_8427;54,74074074074074;19,935925925925925
c_8428;42,44736842105263;11,913684210526315
c_8429;18,52;33,5952
c_843;53,76744186046512;23,605116279069765
c_8430;17,466666666666665;96,22533333333334
c_8431;36,876288659793815;12,55360824742268
c_8432;69,70689655172414;15,564310344827586
c_8433;62,64;13,830800000000002
c_8434;27,70175438596491;55,98508771929825
c_8435;35,66197183098591;13,593239436619719
c_8436;62,602409638554214;18,37734939759036
c_8437;17,454545454545453;36,17909090909091
c_8438;66,4090909090909;16,53068181818182
c_8439;61,607142857142854;17,248482142857142
c_844;82,5;32,79
c_8440;27,74074074074074;13,283703703703702
c_8441;37,69090909090909;12,856848484848486
c_8442;41,75316455696203;12,266582278481012
c_8443;21,49056603773585;20,032075471698114
c_8444;44,49315068493151;14,235616438356166
c_8445;34,63636363636363;10,93969696969697
c_8446;23,5625;19,4975
c_8447;41,57142857142857;16,130000000000003
c_8448;49,629629629629626;16,42888888888889
c_8449;19,64;37,89853333333333
c_845;26,575;53,798500000000004
c_8450;17,490909090909092;30,43509090909091
c_8451;30,64426877470356;13,290869565217392
c_8452;48,526315789473685;11,958421052631579
c_8453;38,61643835616438;10,447397260273972
c_8454;62,68235294117647;14,244117647058824
c_8455;49,657407407407405;12,008287037037038
c_8456;51,736111111111114;18,145555555555557
c_8457;36,56470588235294;12,58129411764706
c_8458;67,42105263157895;12,32684210526316
c_8459;26,816666666666666;36,95066666666666
c_846;40,65365853658537;12,52331707317073
c_8460;61,57425742574257;16,635841584158417
c_8461;19,823529411764707;63,79294117647059
c_8462;31,419354838709676;9,309032258064516
c_8463;54,75;17,734
c_8464;44,644067796610166;15,30271186440678
c_8465;51,59615384615385;15,202211538461539
c_8466;53,745098039215684;15,328823529411764
c_8467;38,74782608695652;12,151043478260869
c_8468;34,65771812080537;12,320671140939597
c_8469;27,375;32,41
c_847;49,49180327868852;9,416065573770492
c_8470;17,7;44,321999999999996
c_8471;50,62068965517241;13,754137931034483
c_8472;40,72789115646258;12,433537414965986
c_8473;38,516949152542374;12,629152542372882
c_8474;24,35;35,8095
c_8475;69,5813953488372;14,74093023255814
c_8476;62,70322580645161;15,30574193548387
c_8477;38,653333333333336;13,7392
c_8478;35,142857142857146;13,879047619047618
c_8479;67,46153846153847;11,494615384615384
c_848;50,58441558441559;16,2162987012987
c_8480;56,7;12,725
c_8481;44,64935064935065;20,151298701298703
c_8482;50,63934426229508;17,454262295081968
c_8483;40,6986301369863;8,59027397260274
c_8484;78,73076923076923;18,533846153846152
c_8485;62,6375;16,22175
c_8486;43,61764705882353;12,76419117647059
c_8487;84,69090909090909;17,873363636363635
c_8488;64,87878787878788;18,497878787878786
c_8489;70,72602739726027;14,915616438356164
c_849;31,663366336633665;13,096831683168316
c_8490;29,74576271186441;34,65983050847457
c_8491;51,708333333333336;12,349166666666667
c_8492;69,36363636363636;16,09272727272727
c_8493;61,666666666666664;18,37333333333333
c_8494;19,642857142857142;52,05107142857143
c_8495;36,53164556962025;14,827468354430378
c_8496;45,625;13,570833333333333
c_8497;31,592;13,6044
c_8498;22,6;14,933999999999997
c_8499;52,6;17,064133333333334
c_85;55,93939393939394;13,696060606060605
c_850;64,56692913385827;14,67047244094488
c_8500;48,46938775510204;10,09
c_8501;35,707317073170735;13,765213414634145
c_8502;46,684444444444445;14,15928888888889
c_8503;77,6;18,348
c_8504;17,76923076923077;13,716923076923077
c_8505;59,568627450980394;17,230980392156862
c_8506;20,5;48,99
c_8507;65,5925925925926;18,86111111111111
c_8508;17,963636363636365;43,55563636363636
c_8509;31,5;15,66625
c_851;55,706896551724135;14,847413793103447
c_8510;30,718498659517426;12,864959785522789
c_8511;52,61702127659574;16,92808510638298
c_8512;55,73076923076923;16,220576923076923
c_8513;65,66666666666667;20,381666666666668
c_8514;40,71559633027523;15,164495412844037
c_8515;20,692307692307693;50,138717948717954
c_8516;65,57142857142857;17,724285714285713
c_8517;21,623376623376622;41,28727272727273
c_8518;57,61363636363637;16,093863636363636
c_8519;75,74683544303798;18,23367088607595
c_852;17,535714285714285;49,67107142857143
c_8520;22,5;22,456
c_8521;30,684615384615384;13,635461538461538
c_8522;46,6875;11,419375
c_8523;58,67368421052632;16,836315789473684
c_8524;39,55555555555556;17,33888888888889
c_8525;32,98275862068966;12,667241379310344
c_8526;56,858369098712444;17,060343347639485
c_8527;17,666666666666668;11,74
c_8528;48,535714285714285;12,260000000000002
c_8529;58,42857142857143;15,6
c_853;54,68539325842696;15,687078651685392
c_8530;72,68115942028986;13,755507246376812
c_8531;18,0;9,06
c_8532;29,785714285714285;43,44428571428572
c_8533;49,6078431372549;14,078235294117647
c_8534;33,75303643724696;14,162510121457489
c_8535;36,60377358490566;14,500377358490566
c_8536;30,756756756756758;14,558108108108108
c_8537;30,7027027027027;14,260150150150151
c_8538;48,86363636363637;11,7875
c_8539;32,51428571428571;14,438857142857144
c_854;45,707317073170735;11,210853658536585
c_8540;22,75;66,5175
c_8541;50,56603773584906;18,154150943396225
c_8542;24,583333333333332;20,61916666666667
c_8543;22,516129032258064;21,16322580645161
c_8544;64,63636363636364;15,667272727272726
c_8545;24,608695652173914;38,04869565217391
c_8546;34,714285714285715;12,477857142857143
c_8547;44,47959183673469;11,288163265306123
c_8548;43,745098039215684;13,530718954248364
c_8549;54,589285714285715;13,532499999999999
c_855;70,66666666666667;10,3
c_8550;19,71014492753623;14,24550724637681
c_8551;63,583333333333336;13,65125
c_8552;47,74074074074074;14,417407407407406
c_8553;28,6;32,16
c_8554;58,75;21,224999999999998
c_8555;48,91228070175438;16,83017543859649
c_8556;45,6449864498645;12,408943089430894
c_8557;34,6865671641791;14,060149253731343
c_8558;65,70689655172414;16,74405172413793
c_8559;62,625;13,029375
c_856;57,596774193548384;18,211129032258064
c_8560;74,72592592592592;16,629185185185186
c_8561;29,6046511627907;41,06976744186046
c_8562;54,64473684210526;18,153947368421054
c_8563;70,6734693877551;17,648163265306124
c_8564;45,625;13,810416666666667
c_8565;73,8;12,663499999999999
c_8566;57,73913043478261;18,083478260869565
c_8567;18,38095238095238;55,60857142857143
c_8568;32,58108108108108;13,462702702702703
c_8569;24,571428571428573;76,45571428571428
c_857;36,644067796610166;12,407161016949154
c_8570;64,93442622950819;15,141803278688524
c_8571;22,5;41,976111111111116
c_8572;55,70866141732284;17,322992125984253
c_8573;48,61764705882353;11,543823529411766
c_8574;38,671009771986974;13,227687296416939
c_8575;35,70161290322581;12,78233870967742
c_8576;23,757575757575758;34,258383838383835
c_8577;66,72727272727273;17,847386363636364
c_8578;61,595238095238095;16,515238095238097
c_8579;37,74193548387097;12,872222222222222
c_858;65,65957446808511;14,850212765957446
c_8580;51,6;20,447333333333333
c_8581;26,625;35,71075
c_8582;58,72486772486773;15,831640211640211
c_8583;70,5909090909091;14,39409090909091
c_8584;17,384615384615383;47,55538461538462
c_8585;17,627118644067796;28,16050847457627
c_8586;32,48148148148148;13,55111111111111
c_8587;66,54081632653062;16,35469387755102
c_8588;75,83076923076923;14,989230769230769
c_8589;63,5;18,0575
c_859;42,577319587628864;13,763711340206186
c_8590;22,58108108108108;39,35702702702703
c_8591;69,6842105263158;15,348947368421053
c_8592;47,628975265017665;11,333957597173145
c_8593;36,66423357664234;12,917007299270072
c_8594;17,764705882352942;51,93764705882353
c_8595;41,76829268292683;12,167439024390244
c_8596;40,5375;11,34225
c_8597;25,71641791044776;38,19223880597015
c_8598;46,57692307692308;13,0125
c_8599;19,634615384615383;43,09288461538461
c_86;27,5625;36,80875
c_860;55,67045454545455;15,964772727272726
c_8600;33,64873417721519;14,846645569620254
c_8601;61,53846153846154;16,466153846153848
c_8602;69,6;15,94
c_8603;42,611111111111114;12,70957264957265
c_8604;71,70454545454545;15,679545454545455
c_8605;42,705479452054796;13,382191780821918
c_8606;35,4375;10,51
c_8607;47,68493150684932;12,415342465753426
c_8608;25,692307692307693;56,57384615384615
c_8609;51,603960396039604;23,884455445544553
c_861;56,53846153846154;15,882307692307693
c_8610;61,675213675213676;16,22059829059829
c_8611;83,48275862068965;19,7
c_8612;56,79545454545455;17,051439393939393
c_8613;50,625;18,66464285714286
c_8614;18,666666666666668;82,7695238095238
c_8615;49,54867256637168;13,91725663716814
c_8616;37,690582959641254;13,24811659192825
c_8617;25,393939393939394;72,60969696969697
c_8618;25,78;61,941399999999994
c_8619;33,74038461538461;12,96451923076923
c_8620;20,307692307692307;34,973076923076924
c_8621;33,629893238434164;12,450106761565836
c_863;43,6948051948052;12,855519480519481
c_864;27,651515151515152;34,46560606060606
c_865;40,67901234567901;18,257901234567903
c_866;63,588235294117645;15,717058823529412
c_867;41,712765957446805;13,13627659574468
c_868;46,6605504587156;13,339403669724769
c_869;30,8;11,148
c_87;72,81632653061224;16,431020408163267
c_870;70,74468085106383;14,02531914893617
c_871;17,576923076923077;36,448076923076925
c_872;18,041666666666668;39,839166666666664
c_873;47,552;12,73752
c_874;63,73134328358209;15,141044776119402
c_875;37,64367816091954;11,809540229885059
c_876;23,473684210526315;97,52105263157895
c_877;52,67605633802817;17,292535211267605
c_878;84,73958333333333;17,685104166666665
c_879;70,8360655737705;14,895573770491803
c_88;64,54761904761905;16,97
c_880;30,682191780821917;13,416958904109588
c_881;33,78277153558052;11,968127340823969
c_882;32,53846153846154;13,662692307692309
c_883;28,75;26,3
c_884;63,78181818181818;16,35490909090909
c_885;45,66315789473684;12,446105263157893
c_886;40,526881720430104;13,068172043010751
c_887;45,632183908045974;13,361609195402298
c_888;52,470588235294116;15,275294117647059
c_889;35,75609756097561;10,73560975609756
c_89;50,61363636363637;16,18431818181818
c_890;19,75;6,08
c_891;19,571428571428573;58,11714285714286
c_892;44,74390243902439;13,124756097560976
c_893;39,89855072463768;13,692608695652174
c_894;33,55118110236221;13,999448818897639
c_895;54,484848484848484;13,956363636363637
c_896;44,69662921348315;13,659662921348316
c_897;52,54054054054054;16,185135135135134
c_898;61,7887323943662;15,895633802816901
c_899;63,55;17,1145
c_9;35,84126984126984;14,525555555555556
c_900;41,61224489795919;17,898163265306124
c_901;41,473684210526315;16,49157894736842
c_902;55,704918032786885;15,756885245901639
c_903;58,71739130434783;16,883478260869566
c_904;45,564516129032256;14,78483870967742
c_905;17,73913043478261;45,12173913043478
c_906;57,733333333333334;13,651333333333332
c_907;56,916666666666664;14,545
c_908;21,363636363636363;57,02272727272727
c_909;39,9;11,597
c_91;50,59036144578313;16,00566265060241
c_910;20,627450980392158;40,12235294117647
c_911;34,827338129496404;12,070503597122302
c_912;57,64179104477612;17,182537313432835
c_913;44,766666666666666;12,6415
c_914;33,756521739130434;12,951478260869566
c_915;65,584;17,02552
c_916;37,706896551724135;13,24551724137931
c_917;17,661290322580644;45,84532258064516
c_918;59,45454545454545;22,601818181818178
c_919;57,529411764705884;18,951176470588234
c_92;23,555555555555557;37,70654320987654
c_920;68,67088607594937;16,24987341772152
c_921;19,857142857142858;25,66
c_922;55,5;17,06413043478261
c_923;31,42105263157895;14,591578947368422
c_924;60,64705882352941;16,021176470588237
c_925;67,69642857142857;14,038839285714285
c_926;82,46428571428571;15,478571428571428
c_927;35,44444444444444;12,742777777777778
c_928;68,21052631578948;16,483684210526317
c_929;65,63157894736842;19,68578947368421
c_93;29,717391304347824;34,960434782608694
c_930;27,428571428571427;49,53928571428571
c_931;56,567567567567565;16,960337837837837
c_932;48,516129032258064;12,328817204301075
c_933;64,7439024390244;14,624268292682927
c_934;37,38461538461539;11,56076923076923
c_935;17,571428571428573;46,340714285714284
c_936;83,7258064516129;14,583548387096773
c_937;50,75714285714286;13,859571428571428
c_938;54,75757575757576;15,754469696969698
c_939;49,704918032786885;15,081475409836067
c_94;25,5;66,39807692307691
c_940;51,68;15,3856
c_941;61,592592592592595;15,391111111111112
c_942;51,53333333333333;11,608
c_943;26,75;38,79625
c_944;42,563025210084035;14,925042016806723
c_945;23,566666666666666;28,884
c_946;20,72222222222222;25,754444444444445
c_947;33,75686274509804;12,102470588235295
c_948;70,69767441860465;22,953023255813953
c_949;79,60317460317461;17,17746031746032
c_95;23,0;29,766000000000002
c_950;19,641509433962263;45,36433962264151
c_951;59,63333333333333;15,442
c_952;67,58333333333333;15,674166666666666
c_953;35,75;14,26659090909091
c_954;50,61904761904762;20,536190476190477
c_955;86,8;28,5588
c_956;17,735294117647058;43,46470588235294
c_957;44,78688524590164;13,472786885245903
c_958;46,82706766917293;14,612706766917293
c_959;46,645390070921984;14,530567375886525
c_96;52,57142857142857;20,185
c_960;74,5;15,404411764705882
c_961;27,6;70,34942857142858
c_962;17,725;62,908
c_963;33,62359550561798;12,45255617977528
c_964;24,74418604651163;28,900000000000002
c_965;51,61904761904762;18,137619047619047
c_966;40,78125;11,6021875
c_967;57,651162790697676;13,056279069767442
c_968;42,588235294117645;13,940882352941177
c_969;46,6530612244898;11,03061224489796
c_97;17,73913043478261;45,80608695652174
c_970;41,7536231884058;12,953188405797102
c_971;38,8;12,67
c_972;17,55;54,974000000000004
c_973;47,89041095890411;12,71945205479452
c_974;40,666666666666664;15,887719298245614
c_975;27,894736842105264;40,060526315789474
c_976;52,666666666666664;15,768333333333333
c_977;59,68421052631579;10,426315789473684
c_978;81,70833333333333;15,305277777777778
c_979;71,57142857142857;17,79031746031746
c_98;35,578947368421055;17,61973684210526
c_980;59,64102564102564;18,43974358974359
c_981;56,825581395348834;17,95906976744186
c_982;63,71844660194175;16,02621359223301
c_983;47,54140127388535;14,01140127388535
c_984;71,69811320754717;14,857169811320754
c_985;17,764705882352942;28,617450980392157
c_986;28,701149425287355;25,354827586206895
c_987;67,6875;19,15
c_988;58,696969696969695;16,175151515151516
c_989;31,75;14,906956521739131
c_99;58,57142857142857;15,635102040816326
c_990;37,717770034843205;12,345121951219513
c_991;43,741379310344826;12,992241379310345
c_992;44,57142857142857;15,238095238095237
c_993;53,69230769230769;18,088846153846156
c_994;19,642857142857142;34,58107142857143
c_995;66,42857142857143;13,529285714285715
c_996;51,66315789473684;17,11136842105263
c_997;27,76271186440678;25,254406779661018
c_998;20,62264150943396;52,450566037735854
c_999;57,76086956521739;15,247826086956522
