client_id;genre;age_moyen;nb_sessions;panier_moyen;ca_total;nb_produits_diff;cluster
c_1;m;66,56410256410257;33;14,312307692307694;558,1800000000001;19;0,0
c_10;m;65,60344827586206;34;23,337931034482757;1353,6;27;0,0
c_100;m;29,25;5;31,85625;254,85;6;1,0
c_1000;f;55,72;93;18,095119999999998;2261,89;52;0,0
c_1001;m;39,61764705882353;47;17,77313725490196;1812,86;56;0,0
c_1002;f;39,55555555555556;19;11,549444444444443;415,78;24;0,0
c_1003;m;39,733333333333334;45;11,522285714285713;1209,84;44;0,0
c_1004;m;48,666666666666664;32;15,398484848484848;1016,3;37;0,0
c_1005;f;80,76271186440678;23;14,320847457627117;844,93;31;0,0
c_1006;m;42,726351351351354;129;13,452736486486486;3982,0099999999998;131;0,0
c_1007;f;80,43478260869566;19;18,47695652173913;424,96999999999997;15;0,0
c_1008;m;55,5;4;15,323333333333332;91,94;3;0,0
c_1009;f;27,5;9;25,690999999999995;513,8199999999999;10;1,0
c_101;m;20,61111111111111;9;21,706666666666667;390,72;11;1,0
c_1010;m;27,677419354838708;23;52,10612903225806;1615,29;15;1,0
c_1011;f;22,789473684210527;21;28,542631578947365;2169,24;33;1,0
c_1012;f;64,68;21;13,9628;349,07;13;0,0
c_1013;m;39,67231638418079;76;14,940677966101696;2644,5;84;0,0
c_1014;m;32,692622950819676;95;13,890163934426228;3389,2;107;0,0
c_1015;m;68,54545454545455;68;16,46878787878788;1630,4099999999999;49;0,0
c_1016;m;41,53048780487805;70;11,773536585365854;1930,86;94;0,0
c_1017;f;46,701863354037265;69;13,561428571428571;2183,39;78;0,0
c_1018;f;28,633333333333333;14;62,833666666666666;1885,01;10;1,0
c_1019;f;73,73076923076923;11;18,284230769230767;475,39;13;0,0
c_102;m;39,80952380952381;9;15,100476190476192;317,11;13;0,0
c_1020;m;46,62162162162162;16;15,018918918918917;555,6999999999999;18;0,0
c_1021;f;22,58823529411765;15;61,881764705882354;1051,99;10;1,0
c_1022;m;25,805555555555557;24;50,42055555555555;1815,1399999999999;14;1,0
c_1023;m;22,83823529411765;41;49,650588235294116;3376,24;25;1,0
c_1024;f;51,333333333333336;8;16,522222222222222;148,7;7;0,0
c_1025;m;37,640926640926644;119;14,277837837837838;3697,96;120;0,0
c_1026;m;23,379310344827587;18;53,40206896551724;1548,6599999999999;19;1,0
c_1027;f;42,61165048543689;51;13,585339805825242;1399,29;52;0,0
c_1028;m;35,65505226480836;114;12,445574912891987;3571,88;135;0,0
c_1029;m;65,72727272727273;9;17,766363636363636;195,43;7;0,0
c_103;f;35,55384615384615;89;11,735846153846152;2288,49;104;0,0
c_1030;m;73,74193548387096;24;13,66741935483871;423,69;15;0,0
c_1031;f;58,703448275862065;122;20,199172413793104;2928,88;72;0,0
c_1032;m;58,575;28;14,397749999999998;575,91;25;0,0
c_1033;f;22,0;7;80,128;801,28;3;1,0
c_1034;f;57,916666666666664;8;16,8275;201,93;6;0,0
c_1035;f;40,666666666666664;7;15,834761904761903;332,53;8;0,0
c_1036;f;45,57142857142857;11;12,453571428571427;348,7;18;0,0
c_1037;m;60,56989247311828;62;16,523548387096774;1536,69;48;0,0
c_1038;m;19,756756756756758;18;21,732972972972973;804,12;17;1,0
c_1039;f;58,7125;54;17,908625;1432,69;37;0,0
c_104;m;26,714285714285715;5;27,101428571428574;189,71;3;1,0
c_1040;m;43,72727272727273;20;12,475454545454545;548,92;20;0,0
c_1041;f;44,8235294117647;14;12,365882352941176;630,66;20;0,0
c_1042;f;18,083333333333332;8;29,0625;348,75;6;1,0
c_1043;f;44,49425287356322;36;11,236551724137932;977,58;43;0,0
c_1044;m;65,52380952380952;16;20,31095238095238;426,53;11;0,0
c_1045;f;49,80681818181818;25;14,281818181818181;1256,8;34;0,0
c_1046;m;17,73170731707317;15;22,42878048780488;919,58;19;1,0
c_1047;m;48,6875;29;13,524531249999999;865,5699999999999;31;0,0
c_1048;m;23,5625;13;51,378125;822,05;9;1,0
c_1049;m;55,53846153846154;23;16,56153846153846;645,9;28;0,0
c_105;f;45,8974358974359;18;12,058461538461538;470,28;20;0,0
c_1050;f;36,70612244897959;112;13,138122448979592;3218,84;114;0,0
c_1051;f;53,714285714285715;64;16,103928571428572;1352,73;40;0,0
c_1052;m;20,88679245283019;23;53,03754716981132;2810,99;19;1,0
c_1053;m;22,692307692307693;18;40,035384615384615;1561,3799999999999;20;1,0
c_1054;f;56,642857142857146;49;16,384714285714285;1146,93;38;0,0
c_1055;f;56,670212765957444;82;17,14308510638298;1611,45;44;0,0
c_1056;f;26,692307692307693;9;45,15461538461538;587,01;9;1,0
c_1057;f;44,55670103092783;26;15,422268041237114;1495,96;51;0,0
c_1058;f;52,40816326530612;38;18,34;898,66;30;0,0
c_1059;f;25,666666666666668;6;44,885;538,62;5;1,0
c_106;f;54,625;16;12,608749999999999;201,73999999999998;6;0,0
c_1060;f;48,70445344129555;102;11,690445344129554;2887,54;107;0,0
c_1061;m;30,46153846153846;22;13,162307692307692;855,55;34;0,0
c_1062;m;35,75471698113208;21;12,730754716981133;674,73;21;0,0
c_1063;m;82,66423357664233;108;18,17956204379562;2490,6;69;0,0
c_1064;m;23,659574468085108;29;45,49617021276596;2138,32;22;1,0
c_1065;m;17,48148148148148;20;41,654074074074074;1124,66;15;1,0
c_1066;m;20,6;11;17,341142857142856;606,9399999999999;14;1,0
c_1067;f;34,8;74;11,777414634146341;2414,37;82;0,0
c_1068;m;39,7;22;11,308;678,48;31;0,0
c_1069;f;23,4;5;94,97800000000001;474,89000000000004;3;1,0
c_107;f;37,4921875;57;13,0290625;1667,72;72;0,0
c_1070;f;65,68085106382979;23;15,557446808510639;731,2;26;0,0
c_1071;m;42,6875;31;14,142624999999999;1131,4099999999999;42;0,0
c_1072;f;35,670103092783506;36;14,091340206185565;1366,86;42;0,0
c_1073;f;60,8;11;13,491999999999999;269,84;13;0,0
c_1074;f;43,64890282131662;120;13,016520376175547;4152,2699999999995;150;0,0
c_1075;m;50,69135802469136;45;19,090246913580245;1546,31;37;0,0
c_1076;f;56,57142857142857;17;13,675357142857141;382,90999999999997;13;0,0
c_1077;f;36,69827586206897;86;13,42125;3113,73;102;0,0
c_1078;f;56,56410256410256;35;17,176410256410257;669,88;19;0,0
c_1079;f;38,63636363636363;7;14,625454545454545;160,88;6;0,0
c_108;f;40,6986301369863;36;13,46054794520548;982,62;35;0,0
c_1080;f;52,638297872340424;34;17,131489361702126;805,18;26;0,0
c_1081;m;57,65909090909091;60;19,285227272727273;1697,1;44;0,0
c_1082;m;79,77777777777777;6;12,66;113,94;3;0,0
c_1083;f;35,49152542372882;24;12,050677966101695;710,99;32;0,0
c_1084;f;34,58252427184466;50;11,689126213592234;1203,98;54;0,0
c_1085;m;40,72222222222222;21;15,763703703703705;851,24;25;0,0
c_1086;m;40,68292682926829;18;9,990243902439024;409,6;23;0,0
c_1087;m;42,63846153846154;62;12,939923076923078;1682,19;61;0,0
c_1088;f;17,46153846153846;11;45,42076923076923;590,47;7;1,0
c_1089;m;50,705882352941174;12;15,989999999999998;271,83;7;0,0
c_109;f;17,714285714285715;5;59,31285714285714;415,19;6;1,0
c_1090;f;51,61538461538461;10;16,00153846153846;208,01999999999998;6;0,0
c_1091;f;42,567796610169495;102;12,94186440677966;3054,2799999999997;129;0,0
c_1092;f;49,59090909090909;19;11,652727272727274;512,72;26;0,0
c_1093;f;28,46153846153846;7;33,27307692307692;432,55;11;1,0
c_1094;f;17,65625;12;34,525625;1104,82;14;1,0
c_1095;f;30,73015873015873;56;14,031825396825397;1768,01;55;0,0
c_1096;f;22,527272727272727;30;39,748363636363635;2186,16;27;1,0
c_1097;m;68,64516129032258;27;17,816451612903226;552,31;15;0,0
c_1098;m;35,732142857142854;46;11,596964285714284;1298,86;54;0,0
c_1099;f;65,75;30;18,655192307692307;970,0699999999999;21;0,0
c_11;f;65,68888888888888;39;16,205555555555556;729,25;21;0,0
c_110;m;46,666666666666664;120;13,45116504854369;4156,41;139;0,0
c_1100;m;24,866666666666667;24;43,53288888888889;1958,98;21;1,0
c_1101;m;18,642857142857142;17;50,75428571428571;1421,12;14;1,0
c_1102;f;37,644067796610166;54;13,820847457627117;1630,86;63;0,0
c_1103;m;18,666666666666668;7;56,17444444444445;505,57;5;1,0
c_1104;f;47,60189573459716;96;12,553222748815166;2648,73;106;0,0
c_1105;m;17,767441860465116;11;16,94325581395349;728,56;18;1,0
c_1106;f;32,55555555555556;22;12,745555555555555;573,55;28;0,0
c_1107;m;29,42105263157895;9;26,465263157894736;502,84;12;1,0
c_1108;m;44,411764705882355;8;10,53;179,01;10;0,0
c_1109;f;23,78787878787879;15;35,194848484848485;1161,43;14;1,0
c_111;m;28,75;10;25,293333333333333;607,04;10;1,0
c_1110;f;37,61643835616438;127;11,952328767123287;3490,08;141;0,0
c_1111;f;17,80952380952381;17;33,8247619047619;1420,6399999999999;25;1,0
c_1112;f;34,66346153846154;41;12,870096153846154;1338,49;45;0,0
c_1113;m;49,813559322033896;20;14,339661016949153;846,04;18;0,0
c_1114;f;43,58695652173913;21;12,077391304347826;555,56;23;0,0
c_1115;f;39,614814814814814;59;13,586074074074073;1834,12;70;0,0
c_1116;f;25,5;3;39,07;312,56;6;1,0
c_1117;f;29,666666666666668;7;30,401666666666667;364,82;8;1,0
c_1118;m;45,59344262295082;128;11,650983606557377;3553,55;143;0,0
c_1119;f;61,407407407407405;13;14,320740740740739;386,65999999999997;16;0,0
c_112;f;49,35087719298246;16;13,303859649122808;758,32;37;0,0
c_1120;m;40,71028037383178;43;12,806355140186916;1370,28;51;0,0
c_1121;m;60,61538461538461;21;20,166923076923077;786,51;20;0,0
c_1122;m;61,572649572649574;87;15,477350427350427;1810,85;60;0,0
c_1123;f;42,39344262295082;20;17,508196721311474;1068,0;43;0,0
c_1124;f;71,63636363636364;40;13,817454545454547;759,96;33;0,0
c_1125;f;49,82539682539682;22;17,24015873015873;1086,1299999999999;35;0,0
c_1126;m;53,54651162790697;74;15,170116279069767;1304,6299999999999;44;0,0
c_1127;m;26,620689655172413;15;36,41241379310345;1055,96;12;1,0
c_1128;f;58,61224489795919;37;14,43938775510204;707,53;23;0,0
c_1129;f;37,62162162162162;10;13,45972972972973;498,01;16;0,0
c_113;m;47,795180722891565;25;14,097710843373493;1170,11;33;0,0
c_1130;f;42,7196261682243;42;15,76355140186916;1686,7;45;0,0
c_1131;m;17,73913043478261;16;63,348260869565216;1457,01;9;1,0
c_1132;m;43,610169491525426;29;16,85627118644068;994,52;29;0,0
c_1133;f;45,59731543624161;75;12,976577181208054;1933,51;83;0,0
c_1134;m;17,5;6;29,2575;234,06;4;1,0
c_1135;f;55,416666666666664;11;14,6975;176,37;7;0,0
c_1136;f;84,70833333333333;43;13,104166666666666;629,0;24;0,0
c_1137;m;78,67708333333333;76;17,2475;1655,76;47;0,0
c_1138;f;44,716981132075475;92;12,473537735849057;2644,39;94;0,0
c_1139;m;40,6951871657754;88;13,934598930481283;2605,77;87;0,0
c_114;f;17,384615384615383;7;20,125384615384615;261,63;9;1,0
c_1140;m;18,571428571428573;11;35,918571428571425;502,85999999999996;7;1,0
c_1141;f;17,5;2;12,78;76,67999999999999;3;0,0
c_1142;f;70,36842105263158;10;19,241052631578945;365,58;15;0,0
c_1143;m;17,775510204081634;37;50,828163265306124;2490,58;21;1,0
c_1144;m;46,711711711711715;49;13,462162162162162;1494,3;59;0,0
c_1145;m;45,68648648648649;74;12,360432432432432;2286,68;82;0,0
c_1146;m;52,535714285714285;21;18,179285714285715;509,02;14;0,0
c_1147;f;23,647058823529413;13;51,40176470588235;873,8299999999999;6;1,0
c_1148;m;63,7;23;16,955833333333334;1017,35;28;0,0
c_1149;f;21,727272727272727;59;55,117402597402595;4244,04;31;1,0
c_115;f;42,2;8;12,523333333333333;187,85;12;0,0
c_1150;m;44,673469387755105;25;14,56408163265306;713,64;27;0,0
c_1151;f;65,66363636363636;88;16,753272727272726;1842,86;49;0,0
c_1152;m;39,627737226277375;48;12,293503649635037;1684,21;67;0,0
c_1153;m;43,57251908396947;55;14,24763358778626;1866,44;70;0,0
c_1154;f;35,80672268907563;42;12,554285714285715;1493,96;55;0,0
c_1155;f;70,5952380952381;23;11,81952380952381;496,42;20;0,0
c_1156;f;63,61038961038961;70;13,641818181818183;1050,42;36;0,0
c_1157;f;56,714285714285715;11;12,504285714285714;175,06;6;0,0
c_1158;f;29,714285714285715;19;57,56523809523809;1208,87;11;1,0
c_1159;f;26,0;8;75,225;601,8;3;1,0
c_116;f;25,92063492063492;23;29,13142857142857;1835,28;19;1,0
c_1160;m;36,535714285714285;14;11,864285714285714;332,2;13;0,0
c_1161;m;50,4375;12;16,4175;262,68;10;0,0
c_1162;f;63,5;19;17,015666666666664;510,46999999999997;18;0,0
c_1163;f;68,80645161290323;23;19,19451612903226;595,03;15;0,0
c_1164;f;71,6969696969697;13;12,097272727272726;399,21;16;0,0
c_1165;f;56,69230769230769;44;13,947076923076922;906,56;34;0,0
c_1166;m;40,66;30;13,151800000000001;657,59;24;0,0
c_1167;f;44,623655913978496;42;13,628494623655914;1267,45;48;0,0
c_1168;m;32,723880597014926;49;15,482985074626864;2074,72;64;0,0
c_1169;m;24,826923076923077;34;66,3098076923077;3448,11;22;1,0
c_117;f;33,6124031007752;45;13,19643410852713;1702,34;62;0,0
c_1170;m;33,721518987341774;35;12,99746835443038;1026,8;37;0,0
c_1171;m;86,5;10;12,96;233,28;11;0,0
c_1172;f;27,666666666666668;27;49,47388888888889;1781,06;16;1,0
c_1173;m;25,48936170212766;35;35,25595744680851;1657,03;26;1,0
c_1174;m;52,38095238095238;10;17,418095238095237;365,78;14;0,0
c_1175;f;50,80487804878049;33;13,59170731707317;557,26;17;0,0
c_1176;m;20,75;16;36,211;724,22;10;1,0
c_1177;f;44,71966527196653;88;13,521046025104601;3231,5299999999997;104;0,0
c_1178;m;37,669642857142854;96;12,797991071428571;2866,75;98;0,0
c_1179;m;19,66216216216216;24;23,211756756756756;1717,67;31;1,0
c_118;f;48,78947368421053;19;15,007543859649122;855,43;26;0,0
c_1180;f;57,388888888888886;15;15,788333333333334;284,19;11;0,0
c_1181;m;19,764705882352942;10;49,89;848,13;8;1,0
c_1182;m;37,725806451612904;28;12,124354838709678;751,71;23;0,0
c_1183;m;42,60474308300395;113;12,45094861660079;3150,09;125;0,0
c_1184;f;63,75;14;16,80375;268,86;7;0,0
c_1185;m;17,708333333333332;19;47,30416666666667;1135,3;10;1,0
c_1186;f;25,375;17;75,41541666666667;1809,97;16;1,0
c_1187;f;19,785714285714285;10;45,25142857142857;633,52;8;1,0
c_1188;f;74,68;19;22,7036;567,59;11;0,0
c_1189;m;36,6764705882353;67;13,625235294117648;2316,29;80;0,0
c_119;f;17,68421052631579;49;40,24355263157895;3058,51;32;1,0
c_1190;m;46,601694915254235;43;13,628983050847458;1608,22;57;0,0
c_1191;f;23,6875;33;39,08708333333333;1876,18;22;1,0
c_1192;f;25,580645161290324;21;51,9858064516129;1611,56;13;1,0
c_1193;f;31,67153284671533;59;14,252481751824817;1952,59;66;0,0
c_1194;f;22,541666666666668;14;90,66916666666667;2176,06;11;1,0
c_1195;m;56,609756097560975;35;16,974634146341465;695,96;22;0,0
c_1196;m;41,65034965034965;56;13,098461538461539;1873,08;70;0,0
c_1197;m;46,70652173913044;36;20,94086956521739;1926,56;46;0,0
c_1198;f;28,57894736842105;10;28,38736842105263;539,36;8;1,0
c_1199;f;31,556213017751478;85;13,477633136094674;2277,72;96;0,0
c_12;f;67,2;2;23,456;117,28;5;0,0
c_120;f;23,875;17;18,134375;1160,6;22;0,0
c_1200;m;42,588235294117645;89;13,031617647058823;2658,45;109;0,0
c_1201;m;30,703703703703702;14;12,966666666666665;350,09999999999997;14;0,0
c_1202;m;43,66086956521739;45;13,184608695652175;1516,23;58;0,0
c_1203;f;28,73913043478261;15;56,108695652173914;1290,5;10;1,0
c_1204;f;62,73076923076923;15;21,193461538461538;551,03;11;0,0
c_1205;f;29,375;8;41,01125;656,18;9;1,0
c_1206;f;53,36363636363637;9;20,076363636363638;220,84;7;0,0
c_1207;f;58,64367816091954;58;15,06919540229885;1311,02;50;0,0
c_1208;m;87,69473684210526;72;17,99063157894737;1709,11;45;0,0
c_1209;m;50,5;18;15,334;306,68;13;0,0
c_121;m;51,69230769230769;11;14,613461538461538;379,95;9;0,0
c_1210;m;24,6;5;48,402;242,01;3;1,0
c_1211;m;58,81818181818182;10;16,135454545454543;177,48999999999998;7;0,0
c_1212;m;47,67132867132867;52;13,2413986013986;1893,52;66;0,0
c_1213;f;82,56363636363636;32;19,909454545454544;1095,02;28;0,0
c_1214;f;46,7463768115942;55;11,703188405797102;1615,04;63;0,0
c_1215;f;41,55294117647059;41;12,435058823529411;1056,98;49;0,0
c_1216;m;68,72222222222223;17;14,82622222222222;1334,36;39;0,0
c_1217;f;76,81818181818181;18;19,835;872,74;16;0,0
c_1218;m;45,74074074074074;33;16,624938271604936;1346,62;36;0,0
c_1219;f;64,6;6;13,530000000000001;135,3;5;0,0
c_122;m;41,6;76;13,139393939393939;2168,0;86;0,0
c_1220;f;71,76363636363637;46;16,335454545454546;898,4499999999999;23;0,0
c_1221;f;47,60335195530726;76;12,281564245810056;2198,4;89;0,0
c_1222;f;40,47008547008547;42;11,854188034188034;1386,94;66;0,0
c_1224;f;66,56756756756756;29;17,334594594594595;641,38;19;0,0
c_1225;f;34,5625;28;11,70075;936,06;42;0,0
c_1226;f;29,75;32;46,302727272727275;2037,32;22;1,0
c_1227;f;67,77777777777777;14;17,596666666666668;475,11;14;0,0
c_1228;f;35,53521126760563;30;13,37056338028169;949,31;35;0,0
c_1229;f;47,72289156626506;102;12,555823293172692;3126,4;109;0,0
c_123;f;56,72727272727273;34;13,302499999999998;585,31;19;0,0
c_1230;m;28,72972972972973;28;22,73945945945946;1682,72;32;0,0
c_1231;m;18,620689655172413;31;46,41758620689655;2692,22;28;1,0
c_1232;f;61,5;2;19,85;39,7;1;0,0
c_1233;f;51,63636363636363;21;16,876818181818184;742,58;20;0,0
c_1234;f;71,0;14;18,133333333333333;435,2;7;0,0
c_1235;m;36,56410256410256;15;11,911025641025642;464,53000000000003;22;0,0
c_1236;m;34,554054054054056;31;12,088783783783782;894,5699999999999;40;0,0
c_1237;f;22,75;22;47,81340909090909;2103,79;20;1,0
c_1238;f;62,625;19;17,331;693,24;19;0,0
c_1239;m;36,7610294117647;116;13,594448529411764;3697,69;113;0,0
c_124;m;28,529411764705884;19;16,64941176470588;849,12;26;0,0
c_1240;m;18,633802816901408;46;59,515915492957745;4225,63;31;1,0
c_1241;m;64,64102564102564;26;17,786666666666665;693,68;21;0,0
c_1242;f;41,659574468085104;19;13,792553191489361;648,25;28;0,0
c_1243;m;38,73529411764706;45;12,104705882352942;1234,68;48;0,0
c_1244;f;29,615384615384617;21;58,06346153846154;1509,65;16;1,0
c_1245;m;32,74418604651163;41;13,310813953488372;1144,73;31;0,0
c_1246;m;21,685714285714287;22;45,283428571428566;1584,9199999999998;16;1,0
c_1247;f;40,657534246575345;66;13,71554794520548;2002,47;79;0,0
c_1248;f;63,833333333333336;14;20,489444444444445;737,62;16;0,0
c_1249;f;62,62698412698413;100;15,973968253968254;2012,72;66;0,0
c_125;m;19,526315789473685;13;52,98736842105263;1006,76;10;1,0
c_1250;f;42,58288770053476;81;12,413422459893049;2321,31;99;0,0
c_1251;f;32,4;14;13,610285714285714;476,36;22;0,0
c_1252;m;46,622837370242216;118;12,438131487889272;3594,62;136;0,0
c_1253;f;54,56578947368421;48;18,814342105263158;1429,89;41;0,0
c_1254;m;67,66666666666667;27;14,21764705882353;725,1;21;0,0
c_1255;m;33,765765765765764;42;12,779729729729729;1418,55;45;0,0
c_1256;f;55,523809523809526;14;13,567619047619049;569,84;27;0,0
c_1257;m;44,648648648648646;35;17,02162162162162;1259,6;39;0,0
c_1258;m;21,83783783783784;14;23,288648648648646;861,68;18;1,0
c_1259;m;43,73267326732673;41;12,604257425742574;1273,03;42;0,0
c_126;f;50,5;14;19,183888888888887;345,31;11;0,0
c_1260;m;66,61538461538461;21;17,936923076923076;932,72;23;0,0
c_1261;m;36,628975265017665;111;12,181307420494699;3447,31;128;0,0
c_1262;f;25,459016393442624;36;44,07819672131148;2688,77;40;1,0
c_1263;f;57,526315789473685;14;18,338947368421053;348,44;11;0,0
c_1264;m;48,607142857142854;19;14,203392857142857;795,39;25;0,0
c_1265;m;59,65979381443299;77;19,600515463917525;1901,25;42;0,0
c_1266;f;46,79047619047619;48;13,619142857142856;1430,01;42;0,0
c_1267;f;47,723404255319146;20;12,51063829787234;588,0;23;0,0
c_1268;f;46,55555555555556;19;12,869166666666665;463,28999999999996;24;0,0
c_1269;m;22,0;5;58,489999999999995;584,9;2;1,0
c_127;m;33,520833333333336;18;14,421875;692,25;28;0,0
c_1270;m;55,0;2;31,534999999999997;126,13999999999999;2;0,0
c_1271;m;24,5;14;28,763461538461538;747,85;16;1,0
c_1272;f;36,833333333333336;32;13,77313725490196;1404,86;41;0,0
c_1273;f;26,82456140350877;15;14,678596491228069;836,68;20;0,0
c_1274;f;53,700934579439256;54;15,969158878504674;1708,7;59;0,0
c_1275;f;57,84905660377358;35;17,990754716981133;953,51;23;0,0
c_1276;m;56,8421052631579;18;12,878947368421052;244,7;9;0,0
c_1277;m;26,25;5;23,22;185,76;7;1,0
c_1278;m;34,76190476190476;56;11,674920634920635;1471,04;59;0,0
c_1279;m;57,680851063829785;137;17,683563829787232;3324,5099999999998;78;0,0
c_128;f;74,73846153846154;30;17,807846153846153;1157,51;29;0,0
c_1280;m;37,58695652173913;18;13,54695652173913;623,16;24;0,0
c_1281;f;26,869565217391305;11;31,921304347826084;734,1899999999999;9;1,0
c_1282;m;25,890625;30;37,7975;2419,04;23;1,0
c_1283;f;26,65909090909091;34;55,94840909090909;2461,73;19;1,0
c_1284;f;17,82051282051282;15;25,194615384615386;982,59;16;1,0
c_1285;m;52,666666666666664;12;12,618333333333332;151,42;5;0,0
c_1286;f;40,689655172413794;48;13,59089655172414;1970,68;65;0,0
c_1287;f;59,61538461538461;13;10,186923076923078;132,43;6;0,0
c_1288;f;39,53846153846154;14;13,376666666666665;521,6899999999999;23;0,0
c_1289;f;28,8125;11;40,5225;648,36;6;1,0
c_129;m;62,61739130434783;80;16,360086956521737;1881,4099999999999;59;0,0
c_1290;f;24,734375;27;27,8496875;1782,38;26;1,0
c_1291;m;71,69767441860465;75;16,20139534883721;1393,32;38;0,0
c_1292;m;39,60526315789474;19;10,863947368421051;412,83;23;0,0
c_1293;m;68,8529411764706;17;13,794117647058824;469,0;13;0,0
c_1294;f;62,67032967032967;58;17,20791208791209;1565,92;41;0,0
c_1295;m;31,55223880597015;25;16,205820895522386;1085,79;32;0,0
c_1296;m;41,61176470588235;42;14,709058823529412;1250,27;48;0,0
c_1297;f;20,5;6;65,65666666666667;393,94;3;1,0
c_1298;f;57,55072463768116;54;15,928115942028985;1099,04;39;0,0
c_1299;f;46,421052631578945;7;11,316315789473684;215,01;11;0,0
c_13;f;39,65365853658537;79;12,552146341463414;2573,19;94;0,0
c_130;m;17,3125;8;35,336875;565,39;11;1,0
c_1300;f;27,696202531645568;52;43,90924050632911;3468,83;36;1,0
c_1301;m;20,6;17;22,181;887,24;21;1,0
c_1302;m;29,73076923076923;19;49,95;1298,7;9;1,0
c_1303;m;34,575;14;15,16725;606,6899999999999;23;0,0
c_1304;m;17,571428571428573;7;59,25;414,75;4;1,0
c_1305;m;17,666666666666668;19;66,79030303030302;2204,08;13;1,0
c_1306;f;72,63716814159292;80;16,14778761061947;1824,7;53;0,0
c_1307;f;68,59183673469387;28;15,288775510204081;749,15;30;0,0
c_1308;f;68,60714285714286;30;13,519642857142857;757,1;29;0,0
c_1309;f;56,77272727272727;14;16,66363636363636;366,59999999999997;13;0,0
c_131;m;40,68012422360248;138;12,668416149068323;4079,23;150;0,0
c_1310;f;43,701298701298704;25;12,716103896103895;979,14;37;0,0
c_1311;m;36,78;31;17,1555;1715,55;41;0,0
c_1312;f;54,75;24;17,57;562,24;13;0,0
c_1313;f;52,6;40;13,852;623,34;24;0,0
c_1314;m;48,60335195530726;79;13,817150837988827;2473,27;87;0,0
c_1315;m;50,75;47;15,63890625;1000,89;27;0,0
c_1316;f;61,88235294117647;6;16,051764705882352;272,88;11;0,0
c_1317;m;17,444444444444443;4;25,756666666666668;231,81;7;1,0
c_1318;f;34,61497326203209;72;14,303903743315507;2674,83;87;0,0
c_1319;m;33,69668246445497;96;12,073744075829383;2547,56;89;0,0
c_132;f;26,375;6;59,72375;477,79;5;1,0
c_1320;f;29,73015873015873;38;31,743333333333332;1999,83;26;1,0
c_1321;f;58,515151515151516;31;15,610151515151514;1030,27;33;0,0
c_1322;m;69,52941176470588;13;14,096470588235295;239,64000000000001;10;0,0
c_1323;f;44,68;8;10,3068;257,67;12;0,0
c_1324;f;22,6;9;50,67999999999999;506,79999999999995;5;1,0
c_1325;m;74,53846153846153;11;17,526153846153846;227,84;7;0,0
c_1326;f;63,71337579617835;119;18,631656050955414;2925,17;67;0,0
c_1327;f;72,65384615384616;34;21,376923076923074;1111,6;25;0,0
c_1328;m;41,81578947368421;11;11,724210526315789;445,52;14;0,0
c_1329;m;24,714285714285715;6;14,816428571428572;414,86;17;0,0
c_133;m;22,666666666666668;9;37,27111111111111;335,44;4;1,0
c_1330;f;46,38095238095238;7;12,209523809523809;256,4;13;0,0
c_1331;f;20,8;10;55,025;550,25;5;1,0
c_1332;m;38,66839378238342;86;12,918134715025905;2493,2;87;0,0
c_1333;f;65,72289156626506;67;17,18867469879518;1426,6599999999999;40;0,0
c_1334;m;43,693333333333335;36;14,010266666666666;1050,77;32;0,0
c_1335;f;21,7;20;69,84;1396,8000000000002;6;1,0
c_1336;m;63,714285714285715;36;17,127936507936507;1079,06;31;0,0
c_1337;m;39,54545454545455;23;11,998181818181818;395,94;16;0,0
c_1338;f;34,76282051282051;117;11,905448717948717;3714,5;127;0,0
c_1339;f;17,375;8;41,55;332,4;5;1,0
c_134;m;67,55434782608695;56;14,997717391304347;1379,79;50;0,0
c_1340;m;19,6;14;38,986;1169,58;16;1,0
c_1341;f;50,64705882352941;10;18,705882352941178;318,0;11;0,0
c_1342;f;41,89887640449438;34;11,951011235955054;1063,6399999999999;30;0,0
c_1343;f;30,59437751004016;109;13,17301204819277;3280,08;134;0,0
c_1344;f;75,83333333333333;6;15,410000000000002;92,46000000000001;3;0,0
c_1345;m;48,651933701657455;66;12,71878453038674;2302,1;78;0,0
c_1346;m;32,41304347826087;21;13,748043478260868;632,41;29;0,0
c_1347;m;38,650735294117645;112;12,843125;3493,33;125;0,0
c_1348;f;24,944444444444443;6;15,634444444444442;562,8399999999999;10;0,0
c_1349;f;42,285714285714285;3;11,661428571428571;81,63;5;0,0
c_135;m;47,46875;13;13,3015625;425,65;23;0,0
c_1350;m;77,82857142857142;26;19,05457142857143;666,91;19;0,0
c_1351;m;75,28;13;17,7064;442,65999999999997;21;0,0
c_1352;f;45,73134328358209;26;15,551940298507462;1041,98;31;0,0
c_1353;m;24,7;16;39,745;794,9;10;1,0
c_1354;m;27,457142857142856;20;60,246;2108,61;19;1,0
c_1355;m;63,75;28;16,139166666666668;1162,02;32;0,0
c_1356;f;80,61290322580645;21;18,169999999999998;563,27;17;0,0
c_1357;f;45,73684210526316;17;15,070526315789472;572,68;16;0,0
c_1358;f;17,46153846153846;18;42,27153846153846;1099,06;14;1,0
c_1359;f;39,54054054054054;17;11,317297297297298;418,74;18;0,0
c_136;f;56,8;20;18,0595;361,19;8;0,0
c_1360;f;87,87368421052632;63;17,30442105263158;1643,92;42;0,0
c_1361;f;39,89473684210526;43;13,394947368421052;1272,52;39;0,0
c_1362;m;39,65;7;13,0525;261,05;12;0,0
c_1363;m;44,8;18;14,763428571428571;516,72;13;0,0
c_1364;f;33,65934065934066;38;14,740989010989011;1341,43;53;0,0
c_1365;m;38,69822485207101;75;13,67491124260355;2311,06;88;0,0
c_1366;m;25,555555555555557;3;20,14111111111111;181,26999999999998;5;0,0
c_1367;f;37,62244897959184;123;13,84081632653061;4069,2;138;0,0
c_1368;m;39,6144578313253;144;13,132289156626506;4359,92;154;0,0
c_1369;f;57,804597701149426;57;15,842413793103448;1378,29;33;0,0
c_137;f;28,666666666666668;17;39,736666666666665;834,4699999999999;11;1,0
c_1370;f;41,596638655462186;57;12,455798319327732;1482,24;59;0,0
c_1371;f;35,640926640926644;108;14,183436293436293;3673,5099999999998;118;0,0
c_1372;f;61,61538461538461;9;17,715384615384615;230,29999999999998;8;0,0
c_1373;m;34,67857142857143;8;10,37857142857143;290,6;14;0,0
c_1374;m;66,70588235294117;14;12,194411764705883;414,61;13;0,0
c_1375;m;76,9090909090909;8;20,715454545454545;227,87;5;0,0
c_1376;f;72,42857142857143;10;17,080714285714286;239,13;10;0,0
c_1377;m;35,55905511811024;115;12,620433070866142;3205,59;126;0,0
c_1378;f;38,623893805309734;95;11,487212389380531;2596,11;108;0,0
c_1379;m;57,728155339805824;90;16,008932038834953;1648,92;47;0,0
c_138;m;49,825581395348834;28;13,605;1170,03;39;0,0
c_1380;f;49,80246913580247;20;13,129259259259259;1063,47;40;0,0
c_1381;f;39,6448087431694;75;11,725573770491803;2145,7799999999997;91;0,0
c_1382;f;46,60294117647059;94;12,49122549019608;2548,21;95;0,0
c_1383;f;17,566666666666666;16;47,63533333333333;1429,06;14;1,0
c_1384;m;47,55725190839695;61;13,373053435114503;1751,87;68;0,0
c_1385;f;25,68421052631579;27;62,04342105263158;2357,65;18;1,0
c_1386;m;64,75;92;17,74646551724138;2058,59;55;0,0
c_1387;f;64,6029411764706;31;21,154852941176472;1438,53;29;0,0
c_1388;m;51,63235294117647;55;17,28014705882353;1175,05;34;0,0
c_1389;f;66,6987951807229;61;18,963373493975904;1573,96;39;0,0
c_139;f;23,806818181818183;47;38,14306818181819;3356,59;37;1,0
c_1390;m;54,541666666666664;31;16,363333333333333;785,4399999999999;26;0,0
c_1391;m;30,541984732824428;59;12,688015267175572;1662,1299999999999;67;0,0
c_1392;m;17,6875;10;18,8934375;604,59;15;1,0
c_1393;f;26,441860465116278;22;23,036279069767442;990,56;28;1,0
c_1394;m;46,71875;26;15,61546875;999,39;33;0,0
c_1395;m;17,703703703703702;20;58,89296296296296;1590,11;13;1,0
c_1396;m;48,569148936170215;76;13,62031914893617;2560,62;96;0,0
c_1397;f;49,739583333333336;41;12,601354166666667;1209,73;54;0,0
c_1398;m;28,55;10;18,027;360,54;10;0,0
c_1399;f;26,829268292682926;43;44,16792682926829;3621,77;36;1,0
c_14;f;50,666666666666664;18;19,983333333333334;359,7;10;0,0
c_140;m;41,605633802816904;34;12,88774647887324;915,03;34;0,0
c_1400;m;20,72;20;71,7372;1793,43;13;1,0
c_1401;f;46,44444444444444;40;11,879166666666666;855,3;46;0,0
c_1402;f;55,611111111111114;11;15,055;270,99;10;0,0
c_1403;f;43,71818181818182;46;15,592363636363638;1715,16;51;0,0
c_1404;f;51,77272727272727;16;15,889545454545454;349,57;9;0,0
c_1405;f;40,58720930232558;83;12,74924418604651;2192,87;96;0,0
c_1406;f;50,76;21;18,644;466,09999999999997;10;0,0
c_1407;f;65,57142857142857;12;15,095714285714283;211,33999999999997;8;0,0
c_1408;m;81,9;10;10,902;109,02;3;0,0
c_1409;m;32,526315789473685;10;11,40263157894737;216,65;13;0,0
c_141;f;41,582089552238806;28;12,064776119402985;808,34;38;0,0
c_1410;m;33,70205479452055;137;13,774828767123287;4022,25;128;0,0
c_1411;m;38,67213114754098;22;12,610000000000001;769,21;24;0,0
c_1412;f;28,0;1;50,99;101,98;2;1,0
c_1413;m;41,635327635327634;143;13,102136752136753;4598,85;164;0,0
c_1414;m;17,726190476190474;45;40,30238095238095;3385,4;38;1,0
c_1415;m;28,65;9;71,64099999999999;1432,82;10;1,0
c_1416;f;21,42105263157895;12;28,15315789473684;534,91;13;1,0
c_1417;m;19,555555555555557;7;38,44888888888889;346,03999999999996;4;1,0
c_1418;f;17,73913043478261;14;63,266956521739125;1455,1399999999999;13;1,0
c_1419;m;18,5625;16;59,0775;945,24;7;1,0
c_142;m;35,58139534883721;16;11,529767441860464;495,78;28;0,0
c_1420;m;17,789473684210527;15;44,64263157894737;848,21;8;1,0
c_1421;f;43,333333333333336;10;12,362592592592591;333,78999999999996;19;0,0
c_1422;f;41,786096256684495;149;13,351737967914438;4993,55;143;0,0
c_1423;m;29,693877551020407;28;33,58755102040816;1645,79;23;1,0
c_1424;m;30,652173913043477;40;14,095652173913043;1296,8;48;0,0
c_1425;m;23,933333333333334;28;39,201;2352,06;20;1,0
c_1426;f;33,7906976744186;12;12,292093023255813;528,56;15;0,0
c_1427;f;42,707317073170735;30;14,015731707317073;1149,29;37;0,0
c_1428;f;38,69565217391305;53;12,73904347826087;1464,99;60;0,0
c_1429;f;36,701863354037265;68;13,080496894409938;2105,96;75;0,0
c_143;m;46,603053435114504;55;12,981526717557252;1700,58;65;0,0
c_1430;f;65,45454545454545;7;15,089090909090908;165,98;8;0,0
c_1431;f;22,647058823529413;22;62,80176470588235;2135,2599999999998;15;1,0
c_1432;f;51,641975308641975;55;16,99506172839506;1376,6;40;0,0
c_1433;m;45,69298245614035;42;12,552368421052632;1430,97;57;0,0
c_1434;f;36,56382978723404;43;13,047234042553193;1226,44;46;0,0
c_1435;f;23,76;27;43,0904;2154,52;20;1,0
c_1436;f;47,794117647058826;32;12,970441176470588;881,99;30;0,0
c_1437;f;17,676056338028168;27;34,17084507042254;2426,13;33;1,0
c_1438;m;54,68292682926829;67;14,99390243902439;1229,5;42;0,0
c_1439;f;37,52980132450331;60;11,347417218543047;1713,46;78;0,0
c_144;m;79,80952380952381;11;17,392380952380954;365,24;9;0,0
c_1440;f;25,576923076923077;20;44,17192307692308;1148,47;12;1,0
c_1441;m;44,85294117647059;22;15,544117647058824;528,5;14;0,0
c_1442;f;32,63013698630137;91;12,642465753424657;2768,7;108;0,0
c_1443;m;65,6195652173913;72;15,713043478260868;1445,6;49;0,0
c_1444;f;33,57142857142857;8;10,407142857142857;145,7;6;0,0
c_1445;m;33,68571428571428;10;14,281142857142857;499,84;14;0,0
c_1446;m;61,78947368421053;35;15,889210526315788;603,79;17;0,0
c_1447;f;52,682539682539684;50;15,749206349206348;992,1999999999999;32;0,0
c_1448;f;44,68;51;11,2373;1123,73;47;0,0
c_1449;m;41,54794520547945;29;11,987260273972602;875,0699999999999;36;0,0
c_145;f;34,679245283018865;27;14,81943396226415;785,43;26;0,0
c_1450;f;62,333333333333336;7;23,170833333333334;278,05;8;0,0
c_1451;f;76,57142857142857;15;18,098095238095237;380,06;10;0,0
c_1452;f;44,629139072847686;62;14,259602649006622;2153,2;72;0,0
c_1453;f;19,56;20;51,7888;1294,72;15;1,0
c_1454;m;23,6734693877551;30;51,295918367346935;2513,5;25;1,0
c_1455;f;89,68;100;15,81024;1976,28;61;0,0
c_1456;m;41,48148148148148;14;14,27222222222222;385,34999999999997;14;0,0
c_1457;m;36,50961538461539;40;13,02375;1354,47;58;0,0
c_1458;m;82,64748201438849;104;15,513237410071943;2156,34;66;0,0
c_1459;f;35,71590909090909;40;12,483522727272726;1098,55;44;0,0
c_146;f;54,793103448275865;67;15,755287356321839;1370,71;38;0,0
c_1460;m;32,693069306930695;41;12,629702970297028;1275,6;49;0,0
c_1461;f;45,855421686746986;33;14,941204819277107;1240,12;35;0,0
c_1462;m;58,609756097560975;67;15,395365853658538;1262,42;42;0,0
c_1463;f;59,60919540229885;57;15,721724137931034;1367,79;44;0,0
c_1464;f;35,716738197424895;93;12,58008583690987;2931,16;110;0,0
c_1465;m;42,46938775510204;16;14,139387755102042;692,83;28;0,0
c_1466;f;85,76666666666667;41;17,030666666666665;1021,8399999999999;27;0,0
c_1467;m;63,629139072847686;106;16,332649006622518;2466,23;82;0,0
c_1468;m;19,5;16;43,515499999999996;870,31;12;1,0
c_1469;f;41,711627906976744;99;13,507674418604651;2904,15;101;0,0
c_147;f;65,58108108108108;50;14,534324324324324;1075,54;34;0,0
c_1470;m;83,66666666666667;9;12,681111111111111;114,13;4;0,0
c_1471;m;54,666666666666664;62;17,014615384615382;1327,1399999999999;38;0,0
c_1472;f;48,91860465116279;66;13,396511627906976;2304,2;67;0,0
c_1473;f;35,57954545454545;33;17,99193181818182;1583,29;43;0,0
c_1474;m;18,571428571428573;44;61,637142857142855;3451,68;27;1,0
c_1475;m;22,551724137931036;11;15,881379310344828;460,56;17;0,0
c_1476;m;50,65;92;16,530416666666664;1983,6499999999999;56;0,0
c_1477;f;48,45652173913044;14;14,084999999999999;647,91;27;0,0
c_1478;f;49,774744027303754;117;13,45457337883959;3942,19;131;0,0
c_1479;m;31,59090909090909;76;12,785511363636363;2250,25;87;0,0
c_148;m;41,708333333333336;16;17,13083333333333;822,28;18;0,0
c_1480;f;29,74418604651163;37;25,53988372093023;2196,43;33;1,0
c_1481;f;85,58333333333333;51;14,498571428571427;1217,8799999999999;43;0,0
c_1482;f;43,77142857142857;105;14,752535714285715;4130,71;115;0,0
c_1483;f;17,9;24;49,88525;1995,41;18;1,0
c_1484;f;61,62162162162162;30;16,70837837837838;618,21;18;0,0
c_1485;m;62,4;9;13,783333333333333;206,75;12;0,0
c_1486;m;47,70945945945946;57;13,600540540540539;2012,8799999999999;63;0,0
c_1487;m;59,77777777777778;19;19,229166666666668;692,25;13;0,0
c_1488;m;51,625;24;12,476458333333333;598,87;24;0,0
c_1489;f;42,61818181818182;50;11,998272727272727;1319,81;59;0,0
c_149;m;52,375;4;15,895;127,16;5;0,0
c_1490;m;52,81818181818182;7;15,458181818181817;170,04;8;0,0
c_1491;m;35,58860759493671;68;13,84632911392405;2187,72;94;0,0
c_1492;m;39,58083832335329;75;13,387305389221556;2235,68;86;0,0
c_1493;m;72,70588235294117;97;15,18610294117647;2065,31;60;0,0
c_1494;m;34,68627450980392;78;11,361617647058823;2317,77;92;0,0
c_1495;m;76,54761904761905;35;13,417619047619047;563,54;22;0,0
c_1496;f;27,25;7;44,62375;356,99;6;1,0
c_1497;f;33,55128205128205;24;12,650897435897436;986,77;43;0,0
c_1498;f;78,62931034482759;97;14,716465517241378;1707,11;63;0,0
c_1499;m;33,67080745341615;72;12,720372670807453;2047,98;68;0,0
c_15;f;33,65151515151515;24;11,254848484848486;742,82;33;0,0
c_150;m;48,57831325301205;31;10,816867469879517;897,8;46;0,0
c_1500;m;47,78740157480315;50;14,663858267716535;1862,31;50;0,0
c_1501;m;23,59375;22;33,6134375;1075,63;15;1,0
c_1502;f;17,6;14;15,626399999999999;390,65999999999997;15;1,0
c_1503;m;35,62809917355372;52;11,982479338842975;1449,8799999999999;57;0,0
c_1504;f;49,71052631578947;34;12,701052631578946;965,28;33;0,0
c_1505;f;65,85714285714286;14;15,987142857142857;223,82;7;0,0
c_1506;m;22,454545454545453;11;40,559090909090905;446,15;6;1,0
c_1507;m;50,68421052631579;13;11,58842105263158;220,18;8;0,0
c_1508;f;25,933333333333334;9;24,511333333333333;367,67;7;1,0
c_1509;m;27,571428571428573;13;24,867714285714285;870,37;20;1,0
c_151;m;55,714285714285715;10;17,157857142857143;240,20999999999998;7;0,0
c_1510;m;61,770833333333336;35;17,80333333333333;854,56;21;0,0
c_1511;f;53,61971830985915;67;15,757183098591549;1118,76;39;0,0
c_1512;m;48,61363636363637;15;14,855;653,62;27;0,0
c_1513;m;19,560606060606062;42;45,14469696969697;2979,55;33;1,0
c_1514;f;39,69607843137255;87;14,555490196078432;2969,32;86;0,0
c_1515;m;49,66860465116279;66;12,01610465116279;2066,77;77;0,0
c_1516;f;17,979591836734695;24;36,768367346938774;1801,65;20;1,0
c_1517;f;27,625;17;22,6175;723,76;15;1,0
c_1518;f;59,69230769230769;40;15,19326923076923;790,05;27;0,0
c_1519;m;57,75;10;14,307500000000001;457,84000000000003;12;0,0
c_152;m;31,675;22;14,76;590,4;19;0,0
c_1520;f;42,4;14;14,3156;357,89;15;0,0
c_1521;m;32,5959595959596;37;15,83222222222222;1567,3899999999999;56;0,0
c_1522;m;61,4765625;89;15,4109375;1972,6;69;0,0
c_1523;m;53,888888888888886;19;15,931851851851851;430,15999999999997;12;0,0
c_1524;f;31,745098039215687;42;13,625686274509803;1389,82;40;0,0
c_1525;f;56,94117647058823;26;18,032549019607842;919,66;21;0,0
c_1526;f;27,307692307692307;7;43,42999999999999;564,5899999999999;10;1,0
c_1527;f;25,822580645161292;47;53,72403225806451;3330,89;24;1,0
c_1528;f;38,660377358490564;20;12,462075471698114;660,49;26;0,0
c_1529;m;53,56730769230769;80;14,532884615384615;1511,42;56;0,0
c_153;f;48,51219512195122;27;15,015853658536585;1231,3;50;0,0
c_1530;m;19,5;8;51,99857142857143;727,98;8;1,0
c_1531;m;36,775510204081634;44;12,491020408163264;1224,12;40;0,0
c_1532;f;55,714285714285715;13;16,330000000000002;228,62;7;0,0
c_1533;m;49,87735849056604;43;11,697830188679246;1239,97;39;0,0
c_1534;m;72,82456140350877;25;18,70298245614035;1066,07;22;0,0
c_1535;f;31,69047619047619;80;12,87352380952381;2703,44;100;0,0
c_1536;m;19,77777777777778;12;37,92666666666667;1024,02;12;1,0
c_1537;m;45,642857142857146;5;15,692857142857141;219,7;12;0,0
c_1538;f;35,55555555555556;36;13,630493827160493;1104,07;45;0,0
c_1539;f;46,6958762886598;78;14,126082474226804;2740,46;88;0,0
c_154;m;24,88888888888889;9;102,18111111111111;919,63;2;1,0
c_1540;m;57,689655172413794;61;14,895402298850575;1295,9;37;0,0
c_1541;f;44,75555555555555;37;11,552555555555555;1039,73;39;0,0
c_1542;f;58,88235294117647;8;12,322352941176472;209,48000000000002;7;0,0
c_1543;f;65,64788732394366;48;17,446338028169016;1238,69;38;0,0
c_1544;f;44,598684210526315;67;10,975526315789473;1668,28;74;0,0
c_1545;m;48,76136363636363;43;15,060681818181818;1325,34;41;0,0
c_1546;f;61,67741935483871;19;14,081290322580644;436,52;13;0,0
c_1547;m;17,967741935483872;21;63,61419354838709;1972,04;10;1,0
c_1548;m;33,8125;17;14,43953125;924,13;29;0,0
c_1549;m;34,62352941176471;39;11,003764705882352;935,3199999999999;42;0,0
c_155;f;18,6;25;38,51222222222222;1733,05;27;1,0
c_1550;m;22,57894736842105;12;32,40842105263158;615,76;10;1,0
c_1551;m;49,75657894736842;70;11,589605263157894;1761,62;71;0,0
c_1552;f;50,89230769230769;43;14,593230769230768;948,56;24;0,0
c_1553;m;67,58536585365853;24;16,377560975609757;671,48;21;0,0
c_1554;m;68,57692307692308;17;18,925;492,05;14;0,0
c_1555;m;18,666666666666668;13;55,636111111111106;1001,4499999999999;8;1,0
c_1556;m;57,916666666666664;6;10,246666666666668;122,96000000000001;6;0,0
c_1557;f;45,666666666666664;4;9,31;83,79;7;0,0
c_1558;m;37,689655172413794;79;13,743965517241378;2391,45;77;0,0
c_1559;m;28,71153846153846;22;30,017692307692307;1560,92;19;1,0
c_156;m;32,74015748031496;61;13,173700787401575;1673,06;61;0,0
c_1560;f;26,753846153846155;44;58,96676923076923;3832,84;23;1,0
c_1561;f;17,972972972972972;14;20,848108108108107;771,38;13;1,0
c_1562;f;66,8;26;13,986;559,44;16;0,0
c_1563;m;74,58333333333333;22;18,95958333333333;455,03;11;0,0
c_1564;f;17,510204081632654;25;30,425306122448976;1490,84;25;1,0
c_1565;m;22,686567164179106;39;43,536567164179104;2916,95;28;1,0
c_1566;m;17,76;14;88,9356;2223,39;11;1,0
c_1567;m;55,73913043478261;59;15,259347826086955;1403,86;37;0,0
c_1568;f;64,43478260869566;26;16,717608695652174;769,01;30;0,0
c_1569;m;57,80952380952381;27;14,614761904761902;613,8199999999999;17;0,0
c_157;m;50,596774193548384;48;18,807096774193546;1166,04;31;0,0
c_1570;f;42,72357723577236;158;14,286233062330624;5271,62;159;0,0
c_1571;f;57,6;9;12,465333333333332;186,98;9;0,0
c_1572;f;25,88888888888889;7;27,685555555555553;249,17;5;1,0
c_1573;f;29,63235294117647;35;38,85764705882353;2642,32;35;1,0
c_1574;m;67,66666666666667;11;17,538205128205128;683,99;13;0,0
c_1575;f;26,88888888888889;8;19,357777777777777;174,22;5;0,0
c_1576;m;65,6930693069307;81;17,037227722772275;1720,76;49;0,0
c_1577;m;24,571428571428573;15;44,31285714285714;930,5699999999999;13;1,0
c_1578;m;22,7972972972973;42;33,32027027027027;2465,7;29;1,0
c_1579;f;49,676767676767675;48;14,054242424242423;1391,37;47;0,0
c_158;m;68,71794871794872;64;17,02102564102564;1327,64;37;0,0
c_1580;f;42,333333333333336;6;13,234444444444444;119,11;7;0,0
c_1581;f;53,62222222222222;20;16,77488888888889;754,87;20;0,0
c_1582;f;74,65517241379311;10;12,310344827586206;357,0;11;0,0
c_1583;m;66,7;71;18,471818181818183;2031,9;50;0,0
c_1584;m;30,650306748466257;75;14,088404907975459;2296,41;85;0,0
c_1585;m;51,65040650406504;57;16,68512195121951;2052,27;49;0,0
c_1586;f;62,625;20;12,2575;294,18;11;0,0
c_1587;f;46,666666666666664;18;15,991999999999999;719,64;21;0,0
c_1588;f;43,87378640776699;37;13,354757281553399;1375,54;38;0,0
c_1589;m;68,53846153846153;12;19,552307692307693;254,18;9;0,0
c_159;m;24,77777777777778;20;34,84422222222222;1567,99;26;1,0
c_1590;f;17,67924528301887;32;42,32716981132076;2243,34;23;1,0
c_1591;f;83,25;4;6,49;25,96;3;0,0
c_1592;m;24,683333333333334;20;23,8925;1433,55;30;1,0
c_1593;m;28,666666666666668;19;25,234313725490196;1286,95;27;1,0
c_1594;m;38,72;34;12,6924;951,93;33;0,0
c_1595;f;48,700980392156865;91;15,518676470588234;3165,81;101;0,0
c_1596;f;27,883333333333333;27;30,502333333333333;1830,1399999999999;25;1,0
c_1597;f;64,82278481012658;57;17,511139240506328;1383,3799999999999;40;0,0
c_1598;m;36,60666666666667;62;12,659466666666667;1898,92;70;0,0
c_1599;m;56,857142857142854;10;12,66952380952381;266,06;6;0,0
c_16;f;51,5;10;14,7825;236,52;9;0,0
c_160;f;43,79245283018868;17;14,007547169811321;742,4;24;0,0
c_1600;m;49,74782608695652;41;13,38782608695652;1539,6;50;0,0
c_1601;m;72,68;18;12,2972;307,43;11;0,0
c_1602;f;30,73913043478261;9;11,783478260869565;271,02;16;0,0
c_1603;f;54,666666666666664;7;15,31111111111111;137,79999999999998;4;0,0
c_1604;f;19,692307692307693;8;31,543846153846154;410,07;7;1,0
c_1605;m;26,88888888888889;14;16,563888888888886;596,3;16;0,0
c_1606;f;65,75;20;26,314166666666665;631,54;9;0,0
c_1607;f;43,71739130434783;22;9,537826086956523;438,74;17;0,0
c_1608;f;56,78651685393258;70;19,609775280898877;1745,27;43;0,0
c_1609;m;41,65360169491525;10997;12,713172865662271;324033,35;1920;2,0
c_161;f;38,64327485380117;134;13,106783625730992;4482,5199999999995;157;0,0
c_1610;f;32,8235294117647;10;14,934705882352942;253,89000000000001;7;0,0
c_1611;m;40,590673575129536;80;14,291554404145078;2758,27;91;0,0
c_1612;m;59,588235294117645;49;13,55455882352941;921,7099999999999;36;0,0
c_1613;m;40,65909090909091;22;12,416363636363638;546,32;24;0,0
c_1614;m;27,53846153846154;9;39,973846153846154;519,66;8;1,0
c_1615;m;31,739837398373982;53;13,723333333333333;1687,97;50;0,0
c_1616;m;64,71014492753623;48;18,959855072463768;1308,23;33;0,0
c_1617;f;47,35;8;12,3945;247,89000000000001;13;0,0
c_1618;m;65,47058823529412;24;15,755686274509804;803,54;34;0,0
c_1619;f;17,674418604651162;27;35,02558139534884;1506,1;24;1,0
c_162;m;27,614035087719298;35;44,738596491228066;2550,1;29;1,0
c_1620;f;27,797101449275363;19;20,763768115942028;1432,7;22;0,0
c_1621;f;37,68807339449541;102;12,433394495412845;2710,48;97;0,0
c_1622;m;62,75;16;20,223125;647,14;12;0,0
c_1623;f;24,70967741935484;23;46,347096774193545;1436,76;10;1,0
c_1624;m;29,0;1;28,54;28,54;1;1,0
c_1625;m;37,88461538461539;19;13,879038461538462;721,71;20;0,0
c_1626;f;22,72463768115942;46;40,12855072463768;2768,87;32;1,0
c_1627;m;66,77777777777777;71;15,794777777777778;1421,53;38;0,0
c_1628;m;37,89;36;13,153699999999999;1315,37;36;0,0
c_1629;f;30,76271186440678;24;11,900508474576272;702,13;26;0,0
c_163;m;58,598290598290596;87;16,794700854700856;1964,98;58;0,0
c_1630;f;70,3125;14;13,244375;211,91;11;0,0
c_1631;f;40,66417910447761;61;14,942313432835821;2002,27;57;0,0
c_1632;m;17,914285714285715;16;14,801142857142857;518,04;11;0,0
c_1633;m;76,57777777777778;35;14,256222222222222;641,53;25;0,0
c_1634;m;17,617021276595743;30;64,31063829787234;3022,6;23;1,0
c_1635;f;33,42307692307692;15;14,838076923076922;385,78999999999996;15;0,0
c_1636;m;32,62809917355372;157;13,304325068870524;4829,47;153;0,0
c_1637;f;33,70789473684211;164;12,365447368421052;4698,87;162;0,0
c_1638;m;48,69135802469136;28;15,720864197530863;1273,3899999999999;37;0,0
c_1639;m;35,53846153846154;17;16,176666666666666;630,89;25;0,0
c_164;f;60,774647887323944;54;18,87450704225352;1340,09;30;0,0
c_1640;m;17,742424242424242;38;48,746212121212125;3217,25;25;1,0
c_1641;f;26,75;4;25,604999999999997;102,41999999999999;2;1,0
c_1642;m;25,717391304347824;38;55,03847826086957;2531,77;24;1,0
c_1643;f;35,66279069767442;47;13,521162790697673;1162,82;38;0,0
c_1644;m;77,27777777777777;10;15,866666666666667;285,6;14;0,0
c_1645;f;54,46153846153846;26;15,670576923076924;814,87;29;0,0
c_1646;f;39,72857142857143;32;12,150571428571428;850,54;32;0,0
c_1647;f;53,65;19;22,1405;442,81;10;0,0
c_1648;m;37,64935064935065;29;10,462337662337662;805,6;38;0,0
c_1649;m;28,695652173913043;13;67,47347826086956;1551,8899999999999;9;1,0
c_165;m;25,4;7;65,589;655,89;6;1,0
c_1650;m;47,46875;13;10,0046875;320,15;19;0,0
c_1651;m;20,4375;9;40,574375;649,19;8;1,0
c_1652;f;32,64383561643836;80;12,007602739726027;1753,11;75;0,0
c_1653;m;17,533333333333335;20;62,716;1881,48;17;1,0
c_1654;f;52,625;8;8,14375;65,15;3;0,0
c_1655;m;51,5;4;19,7675;158,14;4;0,0
c_1656;f;39,56603773584906;41;13,282924528301887;1407,99;55;0,0
c_1657;f;50,648648648648646;128;15,92939189189189;2357,5499999999997;68;0,0
c_1658;f;55,55;19;9,428999999999998;188,57999999999998;11;0,0
c_1659;m;36,6875;17;13,948541666666666;669,53;20;0,0
c_166;f;54,64;83;17,0839;1708,3899999999999;45;0,0
c_1660;m;27,625;6;31,535;252,28;4;1,0
c_1661;m;22,6875;15;23,4146875;749,27;16;1,0
c_1662;m;30,64814814814815;23;13,604074074074074;734,62;29;0,0
c_1663;f;50,604651162790695;29;16,814883720930233;723,04;26;0,0
c_1664;f;41,55952380952381;29;11,945357142857143;1003,41;42;0,0
c_1665;m;32,578947368421055;37;12,118842105263157;1151,29;50;0,0
c_1666;m;70,62886597938144;78;16,94257731958763;1643,43;48;0,0
c_1667;m;45,56923076923077;24;12,411999999999999;806,78;35;0,0
c_1668;m;72,7244094488189;97;19,14204724409449;2431,04;56;0,0
c_1669;m;17,70212765957447;35;38,55085106382978;1811,8899999999999;21;1,0
c_167;f;65,73333333333333;12;20,082666666666668;301,24;6;0,0
c_1670;f;24,653846153846153;14;38,62769230769231;1004,3199999999999;17;1,0
c_1671;f;41,666666666666664;20;12,672916666666666;608,3;27;0,0
c_1672;f;29,75;22;48,1715625;1541,49;14;1,0
c_1673;f;33,69230769230769;45;12,62974358974359;1477,68;55;0,0
c_1674;f;21,666666666666668;23;55,858666666666664;1675,76;13;1,0
c_1675;f;22,166666666666668;6;5,57;33,42;1;0,0
c_1676;f;56,611111111111114;17;16,647222222222222;599,3;20;0,0
c_1677;f;68,61016949152543;50;15,398474576271186;908,51;29;0,0
c_1678;m;41,676829268292686;76;12,271036585365854;2012,45;75;0,0
c_1679;f;59,578125;51;17,799375;1139,16;34;0,0
c_168;m;32,486486486486484;14;15,314594594594594;566,64;21;0,0
c_1680;m;54,63636363636363;18;13,992121212121212;461,74;17;0,0
c_1681;f;51,765625;53;14,44546875;924,51;29;0,0
c_1682;f;18,705882352941178;23;34,220882352941175;1163,51;18;1,0
c_1683;f;30,680851063829788;52;16,53886524822695;2331,98;59;0,0
c_1684;f;29,727272727272727;17;42,86863636363636;943,11;12;1,0
c_1685;m;44,76470588235294;21;15,88862745098039;810,3199999999999;22;0,0
c_1686;m;50,57377049180328;49;15,036065573770491;917,1999999999999;31;0,0
c_1687;f;59,83673469387755;22;14,947551020408163;732,43;17;0,0
c_1688;m;40,61538461538461;30;13,858;900,77;33;0,0
c_1689;m;24,529411764705884;13;65,05;1105,85;12;1,0
c_169;f;42,666666666666664;50;13,237083333333334;1906,14;75;0,0
c_1690;f;66,62962962962963;43;18,87962962962963;1529,25;36;0,0
c_1691;f;39,354166666666664;14;14,455208333333333;693,85;31;0,0
c_1692;f;17,29032258064516;8;22,208064516129035;688,45;22;1,0
c_1693;f;33,60526315789474;27;14,51736842105263;1103,32;40;0,0
c_1694;f;43,848101265822784;31;14,44493670886076;1141,15;37;0,0
c_1695;f;57,58870967741935;97;19,966129032258063;2475,7999999999997;58;0,0
c_1696;f;34,64625850340136;54;11,223605442176872;1649,8700000000001;61;0,0
c_1697;f;69,91428571428571;24;15,764857142857142;551,77;15;0,0
c_1698;f;65,78301886792453;69;15,549056603773586;1648,2;49;0,0
c_1699;f;37,46666666666667;6;12,706666666666667;190,6;8;0,0
c_17;m;45,628571428571426;19;11,260857142857143;394,13;20;0,0
c_170;f;35,785714285714285;18;13,139642857142857;735,8199999999999;24;0,0
c_1700;m;32,56818181818182;19;17,193863636363634;756,53;22;0,0
c_1701;f;40,63945578231292;62;12,668231292517007;1862,23;77;0,0
c_1702;m;27,956521739130434;7;32,737391304347824;752,9599999999999;9;1,0
c_1703;f;33,61216730038023;107;13,530570342205323;3558,54;135;0,0
c_1704;f;61,851063829787236;30;15,314680851063828;719,79;22;0,0
c_1705;m;74,76315789473684;26;17,27578947368421;656,48;16;0,0
c_1706;m;67,47619047619048;12;14,349047619047619;301,33;13;0,0
c_1707;m;25,483870967741936;18;38,22387096774193;1184,9399999999998;17;1,0
c_1708;m;46,72265625;96;13,5713671875;3474,27;116;0,0
c_1709;f;54,627906976744185;27;14,539069767441859;625,18;19;0,0
c_171;m;56,857142857142854;13;18,294761904761906;384,19;9;0,0
c_1710;f;29,77777777777778;13;43,273333333333326;1168,3799999999999;10;1,0
c_1711;m;53,85;11;16,692500000000003;667,7;16;0,0
c_1712;f;54,698113207547166;48;18,397358490566038;975,06;24;0,0
c_1713;m;40,73076923076923;51;12,528153846153847;1628,66;66;0,0
c_1714;m;31,594594594594593;71;13,405837837837838;2480,08;86;0,0
c_1715;f;21,633333333333333;16;36,245999999999995;1087,3799999999999;13;1,0
c_1716;f;44,69879518072289;74;13,17120481927711;2186,42;82;0,0
c_1717;m;34,666666666666664;37;10,721619047619047;1125,77;42;0,0
c_1718;f;48,71497584541063;77;12,643768115942027;2617,2599999999998;91;0,0
c_1719;m;50,729729729729726;26;13,778108108108107;509,78999999999996;17;0,0
c_172;m;59,542857142857144;42;19,379;1356,53;39;0,0
c_1720;m;25,166666666666668;4;21,296666666666667;255,56;10;1,0
c_1721;f;52,56;21;20,9392;523,48;13;0,0
c_1722;f;57,72222222222222;69;16,44388888888889;2071,93;56;0,0
c_1723;f;71,6875;66;17,969375;1437,55;38;0,0
c_1724;f;36,683397683397686;125;13,312316602316601;3447,89;128;0,0
c_1725;m;37,59504132231405;53;11,827438016528925;1431,12;62;0,0
c_1726;m;56,91304347826087;20;18,40826086956522;846,78;19;0,0
c_1727;f;50,833333333333336;17;16,24888888888889;292,48;8;0,0
c_1728;m;46,669642857142854;44;12,049464285714285;1349,54;58;0,0
c_1729;f;51,588235294117645;14;12,820882352941176;435,90999999999997;17;0,0
c_173;f;64,0;2;23,99;47,98;1;0,0
c_1730;m;55,61904761904762;36;14,730952380952383;618,7;24;0,0
c_1731;f;47,42307692307692;9;11,202307692307691;291,26;15;0,0
c_1732;f;68,57575757575758;32;16,247575757575756;536,17;20;0,0
c_1733;m;73,33333333333333;6;17,49833333333333;104,99;4;0,0
c_1734;f;41,62626262626262;118;13,464747474747474;3999,0299999999997;137;0,0
c_1735;m;68,69767441860465;15;16,908837209302327;727,08;24;0,0
c_1736;m;55,529411764705884;21;26,207941176470587;891,0699999999999;18;0,0
c_1737;m;48,7029702970297;45;11,915940594059405;1203,51;50;0,0
c_1738;f;24,555555555555557;12;38,971111111111114;701,48;9;1,0
c_1739;f;57,61818181818182;91;15,858090909090908;1744,3899999999999;53;0,0
c_174;m;30,541666666666668;9;13,22375;317,37;12;0,0
c_1740;m;53,63157894736842;15;13,635;518,13;19;0,0
c_1741;f;54,7027027027027;27;15,22054054054054;563,16;19;0,0
c_1742;m;66,5;4;17,273333333333333;103,64;4;0,0
c_1743;m;51,66326530612245;84;16,406224489795918;1607,81;44;0,0
c_1744;m;34,70061728395062;128;12,88570987654321;4174,97;135;0,0
c_1745;f;19,666666666666668;8;84,26083333333334;1011,13;5;1,0
c_1746;m;27,51063829787234;22;32,54872340425532;1529,79;27;1,0
c_1747;f;33,69364161849711;78;13,352658959537571;2310,0099999999998;80;0,0
c_1748;f;50,721739130434784;80;17,01182608695652;1956,36;53;0,0
c_1749;m;55,77777777777778;9;11,78111111111111;106,03;5;0,0
c_175;m;51,608695652173914;35;14,671521739130435;674,89;26;0,0
c_1750;m;55,6875;40;16,275;781,1999999999999;26;0,0
c_1751;f;20,70886075949367;48;37,67645569620253;2976,44;35;1,0
c_1752;m;43,734693877551024;61;11,738639455782312;1725,58;68;0,0
c_1753;m;27,555555555555557;7;44,708888888888886;402,38;4;1,0
c_1754;m;64,61842105263158;55;17,953552631578948;1364,47;38;0,0
c_1755;m;67,8125;26;17,2659375;552,51;16;0,0
c_1756;f;42,618705035971225;56;13,022230215827337;1810,09;72;0,0
c_1757;f;34,54385964912281;22;12,969999999999999;739,29;30;0,0
c_1758;f;34,679611650485434;76;12,239660194174757;2521,37;101;0,0
c_1759;f;20,70175438596491;27;50,49526315789474;2878,23;21;1,0
c_176;f;46,411764705882355;14;13,758529411764707;467,79;20;0,0
c_1760;f;35,72727272727273;11;11,056363636363637;243,24;10;0,0
c_1761;f;17,88;16;51,9856;1299,6399999999999;13;1,0
c_1762;m;41,721311475409834;28;11,060327868852458;674,68;27;0,0
c_1763;f;29,76923076923077;11;33,066923076923075;429,87;5;1,0
c_1764;f;17,933333333333334;17;37,794333333333334;1133,83;10;1,0
c_1765;m;41,67567567567568;41;17,3118018018018;1921,61;52;0,0
c_1766;f;27,772727272727273;18;32,40590909090909;712,93;10;1,0
c_1767;f;38,73487031700288;146;12,91613832853026;4481,9;147;0,0
c_1768;m;27,615384615384617;24;39,51076923076923;2054,56;20;1,0
c_1769;m;25,846153846153847;24;37,457115384615385;1947,77;19;1,0
c_177;m;49,2;4;12,622;126,22;4;0,0
c_1770;m;43,7032967032967;73;11,65824175824176;2121,8;73;0,0
c_1771;f;59,0;4;12,92;77,52;6;0,0
c_1772;f;27,88888888888889;12;28,407777777777778;767,01;11;1,0
c_1773;f;26,56756756756757;14;19,38945945945946;717,41;17;0,0
c_1774;f;17,632653061224488;26;29,745102040816327;1457,51;25;1,0
c_1775;m;50,68518518518518;31;16,90833333333333;913,05;29;0,0
c_1776;f;41,701298701298704;26;12,716233766233765;979,15;35;0,0
c_1777;f;73,66666666666667;68;15,803796296296296;1706,81;51;0,0
c_1778;m;25,470588235294116;7;21,371176470588235;363,31;9;1,0
c_1779;f;26,682926829268293;34;41,340731707317076;1694,97;18;1,0
c_178;f;71,72727272727273;75;16,504545454545454;1997,05;46;0,0
c_1780;m;26,0;2;43,035;172,14;2;1,0
c_1781;m;18,76271186440678;39;61,19932203389831;3610,76;25;1,0
c_1782;f;33,58801498127341;126;12,908764044943819;3446,64;131;0,0
c_1783;m;41,388888888888886;17;14,934722222222222;537,65;24;0,0
c_1784;f;41,77292576419214;103;12,073973799126637;2764,94;95;0,0
c_1785;m;36,66525423728814;110;13,406567796610169;3163,95;107;0,0
c_1786;m;60,54545454545455;55;18,509545454545453;1221,6299999999999;35;0,0
c_1787;f;67,65625;27;16,54875;529,56;15;0,0
c_1788;m;31,96511627906977;22;16,00197674418605;1376,17;30;0,0
c_1789;m;49,69387755102041;51;12,396530612244897;1214,86;47;0,0
c_179;m;39,67058823529412;120;13,609725490196078;3470,48;124;0,0
c_1790;f;39,54455445544554;57;13,507326732673267;1364,24;53;0,0
c_1791;m;42,64028776978417;44;10,696330935251797;1486,79;58;0,0
c_1792;f;71,46666666666667;44;16,25173333333333;1218,8799999999999;44;0,0
c_1793;f;22,692307692307693;27;31,123653846153847;1618,43;24;1,0
c_1794;m;26,404255319148938;16;42,88148936170213;2015,43;28;1,0
c_1795;m;24,4;4;61,164;305,82;4;1,0
c_1796;m;18,57894736842105;19;27,658684210526314;1051,03;19;1,0
c_1797;f;42,53846153846154;12;20,125384615384615;261,63;6;0,0
c_1798;f;81,64044943820225;67;18,747078651685392;1668,49;46;0,0
c_1799;f;52,76470588235294;14;16,727941176470587;568,75;15;0,0
c_18;f;33,74901960784314;118;12,681882352941177;3233,88;117;0,0
c_180;f;59,25;4;11,145;44,58;3;0,0
c_1800;m;69,79310344827586;17;15,453103448275861;448,14;13;0,0
c_1801;m;60,642857142857146;101;16,312539682539683;2055,38;61;0,0
c_1802;f;68,75384615384615;34;14,306153846153846;929,9;29;0,0
c_1803;m;35,734939759036145;45;12,386385542168673;1028,07;40;0,0
c_1804;f;53,69230769230769;10;16,576923076923077;215,5;7;0,0
c_1805;f;26,532258064516128;45;50,93967741935484;3158,2599999999998;28;1,0
c_1806;m;63,83870967741935;22;14,737096774193548;456,84999999999997;14;0,0
c_1807;m;28,666666666666668;3;12,815;153,78;4;0,0
c_1808;m;17,571428571428573;7;41,80428571428571;292,63;4;1,0
c_1809;m;21,694915254237287;28;26,424406779661016;1559,04;28;1,0
c_181;f;79,72727272727273;11;13,312727272727273;146,44;4;0,0
c_1810;f;25,789473684210527;11;26,395263157894735;501,51;11;1,0
c_1811;f;30,62406015037594;53;12,343383458646617;1641,67;62;0,0
c_1812;m;39,61538461538461;7;15,083846153846155;196,09;5;0,0
c_1813;f;50,733333333333334;13;18,86733333333333;283,01;7;0,0
c_1814;f;34,73913043478261;14;18,403478260869566;423,28;10;0,0
c_1815;f;62,69426751592356;117;16,869936305732484;2648,58;69;0,0
c_1816;m;53,60294117647059;57;17,121176470588235;1164,24;35;0,0
c_1817;f;64,72972972972973;59;14,672027027027028;1085,73;33;0,0
c_1818;f;55,77358490566038;38;15,573962264150943;825,42;23;0,0
c_1819;f;53,74193548387097;19;19,088387096774195;591,74;14;0,0
c_182;f;37,727586206896554;130;12,421551724137931;3602,25;133;0,0
c_1820;m;24,564102564102566;29;41,23205128205128;1608,05;22;1,0
c_1821;m;19,0;5;42,75952380952381;897,95;11;1,0
c_1822;f;47,63953488372093;37;11,896162790697673;1023,0699999999999;40;0,0
c_1823;m;19,756410256410255;44;58,44;4558,32;32;1,0
c_1824;m;65,375;5;15,0475;120,38;6;0,0
c_1825;m;36,34375;23;12,159375;778,2;43;0,0
c_1826;m;56,55555555555556;13;12,379259259259259;334,24;13;0,0
c_1827;m;25,875;16;65,2375;1043,8;5;1,0
c_1828;m;17,0;2;46,83;93,66;2;1,0
c_1829;m;87,73684210526316;22;14,048947368421054;533,86;18;0,0
c_183;m;74,8082191780822;29;14,740821917808217;1076,08;28;0,0
c_1830;f;51,84615384615385;7;13,473076923076924;175,15;7;0,0
c_1831;m;22,727272727272727;5;36,28818181818182;399,17;7;1,0
c_1832;f;32,68281938325991;104;13,445022026431719;3052,02;110;0,0
c_1833;f;19,571428571428573;5;10,378571428571428;72,64999999999999;6;0,0
c_1834;f;24,611940298507463;45;43,8276119402985;2936,45;34;1,0
c_1835;f;21,446428571428573;20;24,989821428571428;1399,43;33;1,0
c_1836;m;68,86486486486487;27;15,186216216216216;561,89;14;0,0
c_1837;f;67,6;8;20,215;202,15;6;0,0
c_1838;f;44,67527675276753;115;12,201365313653136;3306,57;120;0,0
c_1839;m;21,945454545454545;41;26,666636363636364;2933,33;40;1,0
c_184;m;17,857142857142858;28;40,50742857142857;1417,76;12;1,0
c_1840;m;33,421052631578945;33;11,192236842105263;850,61;46;0,0
c_1841;f;82,14285714285714;7;18,889285714285712;264,45;12;0,0
c_1842;f;69,8048780487805;12;15,599268292682929;639,57;20;0,0
c_1843;m;26,71875;25;45,998124999999995;1471,9399999999998;16;1,0
c_1844;f;41,815384615384616;28;15,599538461538462;1013,97;25;0,0
c_1845;m;29,79245283018868;13;16,38;868,14;25;0,0
c_1846;f;34,725190839694655;71;13,402748091603053;1755,76;59;0,0
c_1847;m;48,7887323943662;59;12,162112676056339;1727,02;64;0,0
c_1848;m;20,645833333333332;16;31,550625;1514,43;24;1,0
c_1849;f;53,43333333333333;27;15,258666666666667;457,76;21;0,0
c_185;m;17,943396226415093;24;27,865283018867927;1476,8600000000001;22;1,0
c_1850;f;38,53103448275862;73;12,380620689655172;1795,19;87;0,0
c_1851;f;53,905660377358494;18;15,743773584905659;834,42;16;0,0
c_1852;m;17,813953488372093;28;57,402093023255816;2468,29;15;1,0
c_1853;m;33,80952380952381;18;14,165714285714285;892,4399999999999;22;0,0
c_1854;m;62,69047619047619;32;15,952857142857143;670,02;21;0,0
c_1855;f;34,69402985074627;57;13,62276119402985;1825,45;61;0,0
c_1856;m;45,69642857142857;22;11,300714285714287;632,84;26;0,0
c_1857;f;31,638418079096045;62;12,835141242937855;2271,82;95;0,0
c_1858;f;48,75833333333333;53;13,333333333333334;1600,0;59;0,0
c_1859;m;18,72;42;45,278800000000004;2263,94;20;1,0
c_186;m;71,74358974358974;42;16,967820512820513;1323,49;31;0,0
c_1860;f;59,75;11;18,592499999999998;223,10999999999999;7;0,0
c_1861;m;27,363636363636363;8;20,026363636363637;440,58;14;0,0
c_1862;m;20,548387096774192;15;41,26741935483871;1279,29;18;1,0
c_1863;f;40,829268292682926;41;13,947926829268292;1143,73;36;0,0
c_1864;f;29,944444444444443;36;34,096111111111114;1841,19;21;1,0
c_1865;m;27,745454545454546;42;65,65018181818182;3610,7599999999998;23;1,0
c_1866;f;28,5;2;17,99;35,98;1;0,0
c_1867;f;60,5;10;12,598;125,98;6;0,0
c_1868;f;26,857142857142858;7;129,69571428571427;907,8699999999999;3;1,0
c_1869;f;36,68361581920904;91;13,050677966101693;2309,97;82;0,0
c_187;m;46,64795918367347;69;14,050561224489796;2753,91;93;0,0
c_1870;m;38,611111111111114;10;14,549444444444443;261,89;10;0,0
c_1871;f;26,716666666666665;42;50,239333333333335;3014,36;28;1,0
c_1872;f;54,83720930232558;27;15,71139534883721;675,59;22;0,0
c_1873;m;18,944444444444443;23;40,02;1440,72;19;1,0
c_1874;m;25,612903225806452;11;26,616451612903226;825,11;18;1,0
c_1875;f;26,583333333333332;9;28,324166666666667;339,89;7;1,0
c_1876;m;38,71348314606742;149;13,962415730337078;4970,62;160;0,0
c_1877;f;65,70422535211267;53;15,764366197183099;1119,27;34;0,0
c_1878;f;53,57142857142857;5;26,83285714285714;187,82999999999998;3;0,0
c_1879;f;48,53125;12;10,7959375;345,47;22;0,0
c_188;f;54,6551724137931;66;18,15241379310345;1579,26;41;0,0
c_1880;m;55,8;22;17,1484;428,71;9;0,0
c_1881;f;56,69444444444444;23;16,663333333333334;599,88;14;0,0
c_1882;m;38,613138686131386;59;13,155620437956204;1802,32;64;0,0
c_1883;f;79,69090909090909;31;15,224181818181817;837,3299999999999;24;0,0
c_1884;f;65,6086956521739;27;18,870434782608694;868,04;24;0,0
c_1885;f;67,68656716417911;50;19,0055223880597;1273,37;36;0,0
c_1886;m;75,69047619047619;16;12,326190476190478;517,7;16;0,0
c_1887;f;33,86607142857143;26;13,358035714285714;1496,1;39;0,0
c_1888;m;74,73333333333333;30;14,423;432,69;14;0,0
c_1889;f;23,833333333333332;24;52,82533333333333;1584,76;13;1,0
c_189;m;47,707317073170735;20;16,339024390243903;669,9;19;0,0
c_1890;f;57,751773049645394;112;16,63127659574468;2345,0099999999998;56;0,0
c_1891;f;48,48351648351648;30;12,231428571428571;1113,06;59;0,0
c_1892;f;47,58064516129032;66;11,62683870967742;1802,16;88;0,0
c_1893;m;44,789940828402365;132;13,387781065088756;4525,07;137;0,0
c_1894;f;55,69565217391305;18;14,478695652173913;333,01;11;0,0
c_1895;f;22,625;8;84,36999999999999;674,9599999999999;5;1,0
c_1896;m;24,555555555555557;18;19,467407407407407;525,62;16;0,0
c_1897;m;17,783333333333335;24;16,687666666666665;1001,26;23;1,0
c_1898;f;65,53086419753086;48;15,734444444444444;1274,49;42;0,0
c_1899;f;30,583783783783783;71;13,101999999999999;2423,87;94;0,0
c_19;f;53,69662921348315;71;18,089887640449437;1610,0;42;0,0
c_190;f;78,7;6;18,101;181,01;5;0,0
c_1900;m;38,624161073825505;59;15,07778523489933;2246,59;69;0,0
c_1901;m;17,454545454545453;8;30,05545454545455;330,61;7;1,0
c_1902;f;51,6;47;17,14509090909091;942,98;28;0,0
c_1903;m;17,857142857142858;12;34,374761904761904;721,87;10;1,0
c_1904;f;66,78947368421052;10;15,341578947368422;291,49;7;0,0
c_1905;m;54,57831325301205;70;20,176506024096383;1674,6499999999999;42;0,0
c_1906;f;17,916666666666668;21;48,656666666666666;1167,76;9;1,0
c_1907;m;26,596774193548388;34;37,872096774193544;2348,0699999999997;36;1,0
c_1908;m;50,0;2;14,056666666666667;42,17;3;0,0
c_1909;f;22,0;1;44,656666666666666;133,97;3;1,0
c_191;f;57,733333333333334;11;6,176;92,64;5;0,0
c_1910;m;20,88888888888889;9;32,90555555555555;296,15;4;1,0
c_1911;f;52,36363636363637;10;20,974545454545453;230,72;8;0,0
c_1912;f;18,571428571428573;15;44,26904761904762;929,65;9;1,0
c_1913;f;79,78888888888889;40;15,105222222222222;1359,47;35;0,0
c_1914;f;46,62091503267974;71;11,353725490196078;1737,12;71;0,0
c_1915;m;58,71153846153846;33;14,204230769230769;738,62;20;0,0
c_1916;f;33,61038961038961;24;13,724285714285713;1056,77;41;0,0
c_1917;m;63,507462686567166;56;16,405223880597013;1099,1499999999999;36;0,0
c_1918;f;45,58518518518518;59;13,169703703703703;1777,91;73;0,0
c_1919;f;41,62162162162162;11;15,72864864864865;581,96;16;0,0
c_192;f;18,846153846153847;47;44,26615384615384;2877,2999999999997;24;1,0
c_1920;f;39,72549019607843;21;12,102549019607844;617,23;30;0,0
c_1921;m;36,5;6;14,651250000000001;234,42000000000002;8;0,0
c_1922;m;32,90909090909091;9;15,862272727272726;348,96999999999997;9;0,0
c_1923;m;42,625;80;12,328695652173913;2268,48;89;0,0
c_1924;m;67,86206896551724;68;20,73741379310345;2405,54;48;0,0
c_1925;m;56,65034965034965;94;17,20111888111888;2459,7599999999998;67;0,0
c_1926;f;18,615384615384617;13;32,44423076923077;843,55;17;1,0
c_1927;m;86,6896551724138;21;15,245172413793101;442,10999999999996;15;0,0
c_1928;f;21,6;8;18,534666666666666;278,02;9;1,0
c_1929;m;29,48936170212766;37;61,62021276595745;2896,15;24;1,0
c_193;m;42,63716814159292;45;15,19787610619469;1717,36;56;0,0
c_1930;m;40,65079365079365;29;10,55015873015873;664,66;33;0,0
c_1931;m;38,583333333333336;23;14,555625;698,67;30;0,0
c_1932;f;25,833333333333332;6;22,656666666666666;135,94;2;1,0
c_1933;f;36,54945054945055;79;12,613516483516483;2295,66;99;0,0
c_1934;f;17,390625;41;40,74828125;2607,89;43;1,0
c_1935;f;47,50769230769231;23;13,183692307692308;856,94;36;0,0
c_1936;f;59,77777777777778;15;18,16222222222222;326,91999999999996;10;0,0
c_1937;f;41,666666666666664;19;14,108666666666666;634,89;22;0,0
c_1938;f;42,64855072463768;116;15,129420289855073;4175,72;141;0,0
c_1939;f;46,692640692640694;102;14,925887445887446;3447,88;112;0,0
c_194;m;56,5;4;50,513999999999996;505,14;5;1,0
c_1940;m;35,607142857142854;10;14,055000000000001;393,54;16;0,0
c_1941;m;56,57142857142857;52;15,775873015873016;993,88;31;0,0
c_1942;m;34,747126436781606;70;13,661666666666667;2377,13;76;0,0
c_1943;f;17,696428571428573;42;41,68767857142857;2334,5099999999998;29;1,0
c_1944;f;64,70370370370371;48;18,794814814814814;1522,3799999999999;38;0,0
c_1945;m;50,61538461538461;25;24,3025641025641;947,8;21;0,0
c_1946;m;57,72727272727273;25;24,074242424242424;794,45;17;0,0
c_1947;m;38,66386554621849;53;14,4009243697479;1713,71;52;0,0
c_1948;m;17,666666666666668;40;57,41649122807017;3272,74;23;1,0
c_1949;m;18,603448275862068;36;47,56327586206897;2758,67;35;1,0
c_195;m;64,73809523809524;103;17,908650793650793;2256,49;57;0,0
c_1950;f;53,525;29;16,20425;648,17;21;0,0
c_1951;f;39,847457627118644;22;12,646101694915254;746,12;31;0,0
c_1952;f;39,845360824742265;36;12,150721649484534;1178,62;37;0,0
c_1953;m;57,578125;46;17,755;1136,32;34;0,0
c_1954;f;31,452830188679247;19;12,281698113207547;650,93;31;0,0
c_1955;m;55,76;77;17,344720000000002;2168,09;56;0,0
c_1956;f;77,375;6;15,40125;123,21;6;0,0
c_1957;m;26,727272727272727;7;30,55545454545455;336,11;6;1,0
c_1958;f;38,629629629629626;63;12,854259259259258;2082,39;93;0,0
c_1959;f;32,7;74;13,113315789473683;2491,5299999999997;90;0,0
c_196;f;60,6;47;20,421636363636363;1123,19;25;0,0
c_1960;f;61,79545454545455;22;15,42818181818182;678,84;17;0,0
c_1961;m;36,56923076923077;111;12,79876923076923;3327,68;136;0,0
c_1962;f;19,725490196078432;29;58,40098039215686;2978,45;24;1,0
c_1963;f;31,687074829931973;83;14,133061224489795;2077,56;64;0,0
c_1964;m;52,75;12;13,91125;222,58;5;0,0
c_1965;f;54,77142857142857;54;14,24457142857143;1495,68;44;0,0
c_1966;f;72,6029411764706;50;15,018088235294117;1021,23;34;0,0
c_1967;f;18,454545454545453;6;17,070909090909087;187,77999999999997;7;1,0
c_1968;f;24,862068965517242;23;28,802931034482757;1670,57;17;1,0
c_1969;f;29,666666666666668;34;47,15266666666666;2121,87;23;1,0
c_197;m;41,6937984496124;115;13,482945736434107;3478,6;116;0,0
c_1970;m;19,666666666666668;3;14,450000000000001;43,35;2;0,0
c_1971;f;21,681159420289855;27;36,852753623188406;2542,84;31;1,0
c_1972;m;18,814814814814813;27;56,73925925925926;3063,92;24;1,0
c_1973;m;24,8;15;70,59533333333334;1058,93;6;1,0
c_1974;m;59,95;5;16,4435;328,87;10;0,0
c_1975;f;70,67241379310344;85;16,88948275862069;1959,18;51;0,0
c_1976;f;33,73809523809524;18;16,872142857142858;708,63;16;0,0
c_1977;m;44,5875;33;14,57175;1165,74;44;0,0
c_1978;m;22,6;4;84,696;423,48;3;1,0
c_1979;f;20,9375;9;49,773125;796,37;7;1,0
c_198;f;32,25;8;15,775833333333333;378,62;17;0,0
c_1980;f;23,75;23;36,30777777777777;1307,08;16;1,0
c_1981;f;50,75;18;13,42125;536,85;19;0,0
c_1982;f;72,60975609756098;26;13,59170731707317;557,26;27;0,0
c_1983;m;49,81188118811881;34;15,554257425742575;1570,98;44;0,0
c_1984;f;25,5;10;47,55291666666667;1141,27;13;1,0
c_1985;m;22,71794871794872;13;16,34051282051282;637,28;17;0,0
c_1986;m;37,73809523809524;14;11,425714285714285;479,88;18;0,0
c_1987;f;49,60769230769231;54;12,666769230769232;1646,68;68;0,0
c_1988;m;44,77777777777778;14;11,801666666666668;212,43;10;0,0
c_1989;m;73,88372093023256;13;17,61232558139535;757,33;19;0,0
c_199;m;24,55;14;36,66;1466,3999999999999;18;1,0
c_1990;m;69,61111111111111;24;13,866388888888888;499,19;19;0,0
c_1991;m;31,64814814814815;43;13,846388888888889;1495,41;58;0,0
c_1992;f;65,0;2;26,49;52,98;2;0,0
c_1993;m;39,86585365853659;28;12,622560975609755;1035,05;33;0,0
c_1994;m;31,625698324022345;83;13,322569832402234;2384,74;81;0,0
c_1995;m;43,754901960784316;38;12,201470588235294;1244,55;42;0,0
c_1996;m;36,71806167400881;96;13,797224669603523;3131,97;105;0,0
c_1997;f;60,666666666666664;21;18,096666666666668;542,9;14;0,0
c_1998;m;26,833333333333332;7;35,736111111111114;643,25;11;1,0
c_1999;m;81,86666666666666;7;17,303333333333335;259,55;9;0,0
c_2;m;45,65405405405406;98;12,195945945945946;2256,25;95;0,0
c_20;f;27,35;16;22,942500000000003;458,85;13;1,0
c_200;f;79,69444444444444;25;14,767777777777777;531,64;18;0,0
c_2000;m;57,75609756097561;35;16,274390243902438;667,25;18;0,0
c_2001;f;69,44827586206897;21;18,11241379310345;525,26;18;0,0
c_2002;f;81,63333333333334;48;15,831833333333332;949,91;32;0,0
c_2003;m;48,47826086956522;19;17,222608695652173;792,24;24;0,0
c_2004;m;19,675675675675677;26;63,01189189189189;2331,44;20;1,0
c_2005;f;32,532467532467535;30;13,426363636363636;1033,83;44;0,0
c_2006;f;34,58064516129032;52;13,813870967741936;1712,92;66;0,0
c_2007;f;17,785714285714285;18;37,52952380952381;1576,24;19;1,0
c_2008;m;76,56666666666666;13;18,509666666666664;555,29;14;0,0
c_2009;m;27,705882352941178;41;59,50254901960785;3034,63;21;1,0
c_201;f;22,875;5;44,94125;359,53;3;1,0
c_2010;m;46,65765765765766;81;14,248558558558559;3163,18;101;0,0
c_2011;m;56,7;59;16,817875;1345,43;36;0,0
c_2012;f;22,77777777777778;7;41,577777777777776;374,2;6;1,0
c_2013;m;54,629629629629626;20;14,843703703703703;400,78;16;0,0
c_2014;m;33,682432432432435;73;16,082635135135135;2380,23;77;0,0
c_2015;m;61,640776699029125;75;17,17145631067961;1768,6599999999999;53;0,0
c_2016;f;65,66666666666667;4;13,272222222222222;119,45;6;0,0
c_2017;f;55,73684210526316;21;18,83342105263158;715,67;20;0,0
c_2018;m;29,6;8;75,292;752,92;7;1,0
c_2019;m;26,796296296296298;22;29,953888888888887;1617,51;24;1,0
c_202;m;51,0;3;17,216;86,08;5;0,0
c_2020;f;48,673611111111114;110;13,394548611111112;3857,63;125;0,0
c_2021;m;37,64069264069264;101;11,712727272727273;2705,64;111;0,0
c_2022;f;51,55172413793103;11;18,690689655172413;542,03;14;0,0
c_2023;f;17,4375;10;51,200625;819,21;10;1,0
c_2024;f;27,833333333333332;11;21,305;639,15;15;0,0
c_2025;f;26,6;22;24,500545454545453;1347,53;30;1,0
c_2026;f;17,727272727272727;8;26,313636363636363;289,45;4;1,0
c_2027;f;21,5;14;32,156470588235294;1093,32;23;1,0
c_2028;f;43,63953488372093;70;13,565232558139535;2333,22;92;0,0
c_2029;m;45,440677966101696;22;13,711694915254238;808,99;37;0,0
c_203;f;56,75247524752475;73;16,100594059405942;1626,16;49;0,0
c_2030;m;61,8;19;14,666999999999998;293,34;8;0,0
c_2031;m;42,67137809187279;104;13,304416961130743;3765,15;123;0,0
c_2032;f;33,696969696969695;57;12,275757575757575;1620,3999999999999;62;0,0
c_2033;f;65,69135802469135;69;15,519382716049382;1257,07;38;0,0
c_2034;f;82,25;3;22,825;91,3;3;0,0
c_2035;f;45,483870967741936;16;12,208709677419355;378,47;19;0,0
c_2036;f;75,78703703703704;82;14,937314814814815;1613,23;54;0,0
c_2037;m;50,42857142857143;7;18,337857142857143;256,73;10;0,0
c_2038;f;32,714285714285715;27;17,532857142857143;859,11;25;0,0
c_2039;f;39,67834394904459;134;12,508025477707006;3927,52;137;0,0
c_204;f;37,72527472527472;30;12,114505494505496;1102,42;44;0,0
c_2040;m;59,708333333333336;34;12,600416666666668;907,23;39;0,0
c_2041;f;46,89473684210526;23;11,205263157894738;425,8;15;0,0
c_2042;f;24,70967741935484;13;22,043548387096774;683,35;14;1,0
c_2043;m;63,7;12;13,972999999999999;279,46;12;0,0
c_2044;f;69,7128712871287;87;18,77970297029703;1896,75;47;0,0
c_2045;m;55,57142857142857;16;19,169183673469387;939,29;25;0,0
c_2046;f;52,707317073170735;30;16,41170731707317;672,88;19;0,0
c_2047;f;38,578947368421055;56;12,124661654135338;1612,58;70;0,0
c_2048;m;34,603896103896105;51;13,740584415584417;2116,05;83;0,0
c_2049;m;17,333333333333332;10;34,632;519,48;9;1,0
c_205;f;47,57446808510638;22;13,305744680851063;625,37;29;0,0
c_2050;f;51,625;10;13,5221875;432,71;19;0,0
c_2051;f;17,714285714285715;41;65,84928571428571;3687,56;26;1,0
c_2052;m;39,73076923076923;24;13,813461538461539;1077,45;39;0,0
c_2053;f;17,6;16;36,18899999999999;1085,6699999999998;13;1,0
c_2054;f;31,545454545454547;24;13,28651515151515;876,91;33;0,0
c_2055;f;71,69369369369369;77;17,048828828828828;1892,4199999999998;49;0,0
c_2056;m;51,675;77;16,32925;1959,51;60;0,0
c_2057;m;25,88235294117647;24;64,37823529411764;2188,86;14;1,0
c_2058;m;33,63690476190476;73;10,622083333333332;1784,51;69;0,0
c_2059;f;29,782608695652176;6;11,722608695652173;269,62;10;0,0
c_206;f;32,739495798319325;57;11,314537815126052;1346,43;50;0,0
c_2060;f;55,5945945945946;24;14,962432432432433;553,61;18;0,0
c_2061;m;29,414634146341463;23;23,402439024390244;959,5;26;0,0
c_2062;f;44,7;30;13,250285714285715;927,52;31;0,0
c_2063;m;41,48936170212766;16;12,554680851063829;590,0699999999999;28;0,0
c_2064;f;75,675;18;13,724;548,96;17;0,0
c_2065;m;30,641025641025642;13;13,45025641025641;524,56;18;0,0
c_2066;f;34,5875;31;12,13175;970,54;48;0,0
c_2067;m;43,75471698113208;38;12,198584905660377;1293,05;44;0,0
c_2068;m;44,68141592920354;39;15,994513274336285;1807,38;48;0,0
c_2069;m;35,516129032258064;53;14,183467741935484;1758,75;69;0,0
c_207;f;30,0;4;17,490000000000002;69,96000000000001;2;0,0
c_2070;m;18,796296296296298;24;30,71666666666667;1658,7;18;1,0
c_2071;f;31,679012345679013;36;14,525679012345678;1176,58;33;0,0
c_2072;m;62,775510204081634;34;20,012244897959185;980,6;25;0,0
c_2073;f;73,62626262626263;64;15,298989898989898;1514,6;49;0,0
c_2074;f;27,90625;15;27,6603125;885,13;15;1,0
c_2075;f;33,51923076923077;19;12,924807692307693;672,09;31;0,0
c_2076;f;42,67719298245614;121;13,402526315789473;3819,72;125;0,0
c_2077;f;37,739583333333336;161;12,543697916666666;4816,78;175;0,0
c_2078;f;27,636363636363637;25;47,35363636363637;1562,67;17;1,0
c_2079;m;62,60377358490566;34;16,781698113207547;889,43;24;0,0
c_208;f;17,954545454545453;10;25,66090909090909;564,54;12;1,0
c_2080;m;17,771428571428572;28;53,55171428571428;1874,31;18;1,0
c_2081;m;55,470588235294116;15;15,338235294117647;260,75;11;0,0
c_2082;m;18,4375;15;26,754375;856,14;19;1,0
c_2083;f;87,51428571428572;33;18,683142857142855;653,91;19;0,0
c_2084;f;49,625;54;14,650661764705882;1992,49;65;0,0
c_2085;m;18,8;9;60,088;600,88;5;1,0
c_2086;f;38,73134328358209;57;12,245746268656717;1640,93;57;0,0
c_2087;m;35,72727272727273;109;11,683409090909091;3084,42;117;0,0
c_2088;f;63,61194029850746;47;16,56089552238806;1109,58;31;0,0
c_2089;m;21,666666666666668;3;29,773999999999997;446,60999999999996;5;1,0
c_209;f;49,6625;88;12,572416666666667;3017,38;109;0,0
c_2090;m;17,857142857142858;41;35,370285714285714;2475,92;27;1,0
c_2091;m;55,72857142857143;106;17,731142857142856;2482,36;56;0,0
c_2092;f;38,62589928057554;57;12,30841726618705;1710,87;72;0,0
c_2093;f;36,73451327433628;51;13,284690265486727;1501,17;56;0,0
c_2094;f;34,61538461538461;7;13,745000000000001;357,37;10;0,0
c_2095;m;46,70967741935484;14;14,84290322580645;460,13;18;0,0
c_2096;f;67,63888888888889;20;14,023333333333333;504,84;15;0,0
c_2097;m;23,625;6;49,17;393,36;3;1,0
c_2098;f;57,693693693693696;75;15,283063063063064;1696,42;52;0,0
c_2099;f;57,7;125;17,967;2695,0499999999997;62;0,0
c_21;m;64,578125;95;18,07859375;2314,06;62;0,0
c_210;m;50,2;4;11,208;56,04;4;0,0
c_2100;m;30,75;32;14,842941176470587;1009,3199999999999;31;0,0
c_2101;m;33,680851063829785;42;15,644361702127659;1470,57;53;0,0
c_2102;f;60,653333333333336;50;18,3084;1373,1299999999999;35;0,0
c_2103;f;48,66834170854271;82;12,170804020100501;2421,99;99;0,0
c_2104;m;18,25;3;35,96;143,84;3;1,0
c_2105;f;70,33333333333333;5;28,22888888888889;254,06;7;0,0
c_2106;f;50,73529411764706;52;15,263823529411766;1037,94;31;0,0
c_2107;f;58,76923076923077;19;16,679230769230767;433,65999999999997;10;0,0
c_2108;m;37,32432432432432;10;11,57972972972973;428,45;25;0,0
c_2109;f;66,86666666666666;34;15,053333333333333;677,4;16;0,0
c_211;f;30,8;30;16,173199999999998;808,66;22;0,0
c_2110;f;52,63636363636363;42;16,817636363636364;924,97;27;0,0
c_2111;f;62,723684210526315;116;15,68013157894737;2383,38;65;0,0
c_2112;m;26,346153846153847;10;26,058846153846154;677,53;20;1,0
c_2113;m;30,714285714285715;38;12,801666666666666;1075,34;41;0,0
c_2114;m;65,6;16;16,207;324,14;13;0,0
c_2115;f;46,71604938271605;33;13,950246913580248;1129,97;32;0,0
c_2116;m;53,65384615384615;61;15,94;1243,32;40;0,0
c_2117;f;33,78260869565217;30;13,127971014492754;905,83;26;0,0
c_2118;m;31,70618556701031;91;13,113453608247422;2544,0099999999998;84;0,0
c_2119;f;78,70270270270271;88;17,865135135135134;1983,03;54;0,0
c_212;f;33,644295302013425;57;15,041812080536912;2241,23;60;0,0
c_2120;m;20,285714285714285;6;41,901428571428575;293,31;5;1,0
c_2121;m;38,56603773584906;17;16,305283018867925;864,18;32;0,0
c_2122;m;50,59139784946237;73;16,518064516129034;1536,18;54;0,0
c_2123;f;23,714285714285715;14;33,03857142857143;462,54;7;1,0
c_2124;f;83,31818181818181;12;17,62272727272727;387,7;15;0,0
c_2125;m;58,52;21;13,6724;341,81;15;0,0
c_2126;m;17,571428571428573;10;29,71142857142857;415,96;8;1,0
c_2127;f;61,32;14;12,7024;317,56;18;0,0
c_2128;f;44,214285714285715;6;14,122142857142858;197,71;11;0,0
c_2129;m;34,5625;17;12,5296875;400,95;18;0,0
c_213;f;30,59683794466403;106;12,547391304347824;3174,49;116;0,0
c_2130;m;35,62068965517241;73;12,717356321839079;2212,8199999999997;86;0,0
c_2131;f;47,578947368421055;45;11,247263157894738;1068,49;48;0,0
c_2132;m;17,918367346938776;37;37,440612244897956;1834,59;21;1,0
c_2133;m;48,38709677419355;14;14,958709677419353;463,71999999999997;21;0,0
c_2134;m;20,6;8;81,58133333333333;1223,72;7;1,0
c_2135;m;27,5;10;17,784375;569,1;17;0,0
c_2136;f;31,75;25;14,724423076923076;765,67;23;0,0
c_2137;m;48,721774193548384;94;12,361612903225806;3065,68;104;0,0
c_2138;f;23,537037037037038;19;18,422777777777778;994,83;25;0,0
c_2139;f;28,529411764705884;33;54,03019607843137;2755,54;27;1,0
c_214;f;61,77272727272727;45;19,516363636363636;1717,44;36;0,0
c_2140;f;44,656716417910445;147;12,957263681592039;5208,82;178;0,0
c_2141;m;40,65979381443299;73;12,627731958762885;2449,7799999999997;88;0,0
c_2142;m;31,764478764478763;113;12,663397683397685;3279,82;112;0,0
c_2143;f;61,45454545454545;7;16,39727272727273;180,37;6;0,0
c_2144;f;89,98039215686275;28;15,395882352941175;785,1899999999999;17;0,0
c_2145;m;36,666666666666664;68;12,21982456140351;2089,59;73;0,0
c_2146;f;51,54838709677419;78;17,041451612903224;2113,14;61;0,0
c_2147;m;45,61395348837209;98;13,563302325581397;2916,11;98;0,0
c_2148;f;61,63636363636363;17;18,78409090909091;413,25;13;0,0
c_2149;f;31,759493670886076;36;15,072911392405063;1190,76;35;0,0
c_215;f;66,70238095238095;120;18,697440476190476;3141,17;78;0,0
c_2150;f;37,0;2;15,815555555555555;142,34;9;0,0
c_2151;m;21,64516129032258;26;53,49548387096774;1658,36;12;1,0
c_2152;f;78,75;10;18,12;289,92;7;0,0
c_2153;m;43,610236220472444;101;13,176141732283464;3346,74;119;0,0
c_2154;f;80,51428571428572;22;14,338285714285714;501,84;18;0,0
c_2155;f;63,608333333333334;104;16,81875;2018,25;58;0,0
c_2156;m;43,737226277372265;111;12,752153284671534;3494,09;124;0,0
c_2157;m;50,68055555555556;58;17,304861111111112;1245,95;40;0,0
c_2158;m;28,746987951807228;44;41,39192771084337;3435,5299999999997;36;1,0
c_2159;f;51,67256637168141;89;17,681858407079645;1998,05;54;0,0
c_216;f;26,65625;25;32,29625;1033,48;18;1,0
c_2160;f;63,94117647058823;11;15,505882352941178;263,6;5;0,0
c_2161;m;57,656716417910445;55;17,309253731343283;1159,72;32;0,0
c_2162;f;32,375;12;12,3175;295,62;16;0,0
c_2163;f;59,6605504587156;79;18,821376146788992;2051,53;57;0,0
c_2164;f;49,483870967741936;43;13,876774193548387;1720,72;80;0,0
c_2165;f;60,7906976744186;70;19,30453488372093;1660,19;40;0,0
c_2166;f;57,6;8;13,121666666666666;393,65;17;0,0
c_2167;f;61,645161290322584;13;14,495806451612903;449,37;13;0,0
c_2168;f;35,970588235294116;18;12,892647058823528;438,34999999999997;14;0,0
c_2169;f;18,5;5;38,54;308,32;4;1,0
c_217;m;26,666666666666668;42;78,67647058823529;4012,5;20;1,0
c_2170;f;78,75;9;26,37;316,44;7;0,0
c_2171;m;53,73529411764706;17;16,895588235294117;574,4499999999999;13;0,0
c_2172;f;18,0;5;40,698;203,49;2;1,0
c_2173;m;65,22222222222223;4;29,526666666666667;265,74;7;0,0
c_2174;m;52,666666666666664;22;15,432592592592593;416,68;15;0,0
c_2175;f;19,133333333333333;10;28,686;860,58;9;1,0
c_2176;f;38,785714285714285;11;13,958571428571428;390,84;10;0,0
c_2177;f;48,857142857142854;29;13,914571428571428;974,02;28;0,0
c_2178;m;53,476190476190474;12;12,527619047619046;263,08;13;0,0
c_2179;m;79,75510204081633;30;16,142448979591837;790,98;24;0,0
c_218;m;59,55;57;17,4495;1395,96;46;0,0
c_2180;f;35,61363636363637;52;11,656287878787879;1538,6299999999999;65;0,0
c_2181;f;29,428571428571427;3;52,42714285714286;366,99;4;1,0
c_2182;f;29,73076923076923;18;46,076153846153844;1197,98;13;1,0
c_2183;m;57,526315789473685;30;15,329999999999998;582,54;25;0,0
c_2184;m;50,80952380952381;10;12,554761904761904;263,65;10;0,0
c_2185;f;53,49230769230769;39;18,36953846153846;1194,02;35;0,0
c_2186;m;54,5;28;15,630263157894738;593,95;18;0,0
c_2187;f;40,68376068376068;59;16,465982905982905;1926,52;53;0,0
c_2188;f;35,63636363636363;37;13,635584415584416;1049,94;43;0,0
c_2189;f;38,58490566037736;25;12,168301886792452;644,92;27;0,0
c_219;f;48,73118279569893;39;12,987311827956988;1207,82;41;0,0
c_2190;f;46,82051282051282;24;13,617820512820513;1062,19;30;0,0
c_2191;m;49,645161290322584;48;12,346774193548388;1531,0;54;0,0
c_2192;f;65,76190476190476;39;15,966984126984126;1005,92;28;0,0
c_2193;m;57,67307692307692;28;15,945961538461537;829,1899999999999;29;0,0
c_2194;m;70,8157894736842;16;18,87157894736842;717,12;16;0,0
c_2195;m;45,58064516129032;53;13,258629032258064;1644,07;71;0,0
c_2196;f;32,68292682926829;18;16,061951219512196;658,54;26;0,0
c_2197;m;22,608695652173914;16;23,135652173913044;532,12;10;1,0
c_2198;f;41,67372881355932;95;13,630381355932203;3216,77;117;0,0
c_2199;f;23,625;39;44,78035714285714;2507,7;28;1,0
c_22;m;28,714285714285715;10;29,03;406,42;8;1,0
c_220;m;61,57333333333333;45;15,148266666666665;1136,12;40;0,0
c_2200;f;47,616279069767444;34;10,539186046511627;906,37;47;0,0
c_2201;f;29,54901960784314;29;32,758039215686274;1670,66;31;1,0
c_2202;m;17,6;15;36,636;732,72;10;1,0
c_2203;m;24,625;30;50,054500000000004;2002,18;21;1,0
c_2204;m;46,51136363636363;24;13,194431818181817;1161,11;46;0,0
c_2205;f;64,72727272727273;15;18,030454545454546;396,67;11;0,0
c_2206;f;42,38461538461539;9;12,173846153846153;158,26;8;0,0
c_2207;f;51,60606060606061;23;18,88969696969697;623,36;19;0,0
c_2208;m;61,734693877551024;85;15,111632653061225;1480,94;44;0,0
c_2209;f;48,72043010752688;83;14,830430107526881;2758,46;89;0,0
c_221;m;73,49122807017544;42;17,52385964912281;998,86;33;0,0
c_2210;f;34,578125;27;15,0084375;960,54;34;0,0
c_2211;f;22,529411764705884;16;37,72941176470588;641,4;9;1,0
c_2212;m;21,7027027027027;48;62,751351351351346;4643,599999999999;30;1,0
c_2213;m;39,73170731707317;58;12,518455284552845;1539,77;53;0,0
c_2214;f;28,555555555555557;28;59,735;2150,46;17;1,0
c_2215;f;82,53488372093024;14;17,92139534883721;770,62;23;0,0
c_2216;m;30,686046511627907;64;15,593488372093022;2682,08;77;0,0
c_2217;f;56,55555555555556;44;15,434603174603174;972,38;32;0,0
c_2218;f;51,824858757062145;135;17,84960451977401;3159,38;74;0,0
c_2219;f;21,764705882352942;14;62,56823529411765;1063,66;7;1,0
c_222;m;30,72222222222222;26;16,50351851851852;891,1899999999999;25;0,0
c_2220;m;31,654605263157894;123;13,833717105263156;4205,45;151;0,0
c_2221;m;24,59090909090909;18;65,93045454545455;1450,47;12;1,0
c_2222;m;23,615384615384617;10;56,63230769230769;736,22;6;1,0
c_2223;f;53,0;12;27,571578947368423;523,86;8;0,0
c_2224;m;49,58620689655172;32;12,867701149425287;1119,49;42;0,0
c_2225;f;72,76;36;17,3572;867,86;25;0,0
c_2226;m;52,5;2;13,11;26,22;1;0,0
c_2227;m;35,58974358974359;96;13,061068376068375;3056,29;114;0,0
c_2228;m;18,75;8;25,044999999999998;400,71999999999997;10;1,0
c_2229;f;50,583333333333336;12;17,714166666666667;212,57;7;0,0
c_223;f;53,54545454545455;9;18,614545454545453;204,76;7;0,0
c_2230;m;34,711934156378604;95;11,993292181069958;2914,37;105;0,0
c_2231;f;41,64069264069264;93;13,432424242424242;3102,89;115;0,0
c_2232;f;45,52482269503546;48;11,413262411347517;1609,27;87;0,0
c_2233;f;35,42857142857143;18;10,956428571428571;460,17;27;0,0
c_2234;m;20,819148936170212;33;40,0268085106383;3762,52;37;1,0
c_2235;m;48,751479289940825;65;12,627159763313609;2133,99;82;0,0
c_2236;f;42,74603174603175;26;13,589365079365079;856,13;28;0,0
c_2237;m;40,516129032258064;15;12,804193548387097;396,93;17;0,0
c_2238;f;51,693333333333335;41;17,103866666666665;1282,79;37;0,0
c_2239;m;32,628571428571426;17;14,804285714285713;518,15;17;0,0
c_224;f;26,0;4;30,990000000000002;247,92000000000002;2;1,0
c_2240;m;76,63358778625954;102;18,358015267175574;2404,9;59;0,0
c_2241;f;59,75;42;18,152638888888887;1306,99;32;0,0
c_2242;f;30,71698113207547;122;13,807849056603773;3659,08;117;0,0
c_2243;m;63,6;25;14,537166666666668;872,23;27;0,0
c_2244;m;84,63636363636364;17;20,265151515151516;668,75;14;0,0
c_2245;m;45,509803921568626;22;13,857450980392157;706,73;32;0,0
c_2246;f;17,848484848484848;25;35,43954545454545;2339,0099999999998;30;1,0
c_2247;f;34,73076923076923;19;14,539615384615384;378,03;10;0,0
c_2248;f;52,71212121212121;37;15,332272727272727;1011,93;28;0,0
c_2249;f;21,25;7;35,0625;280,5;7;1,0
c_225;f;21,630434782608695;32;29,925434782608693;1376,57;23;1,0
c_2250;f;37,61764705882353;39;13,54686274509804;1381,78;49;0,0
c_2251;m;53,63157894736842;18;11,747894736842106;223,21;10;0,0
c_2252;f;18,5625;9;47,25375;756,06;10;1,0
c_2253;m;54,71212121212121;55;16,674242424242426;1100,5;33;0,0
c_2254;m;23,458333333333332;13;29,547916666666666;709,15;15;1,0
c_2255;f;51,64912280701754;36;13,338070175438595;760,27;27;0,0
c_2256;f;30,526315789473685;7;7,879473684210526;149,71;9;0,0
c_2257;m;46,602739726027394;31;11,298493150684932;824,79;38;0,0
c_2258;m;17,717391304347824;30;50,044130434782616;2302,03;17;1,0
c_2259;m;33,60576923076923;47;12,834807692307692;1334,82;58;0,0
c_226;m;37,67383512544803;132;12,70415770609319;3544,46;128;0,0
c_2260;f;31,714285714285715;9;15,731071428571427;440,46999999999997;11;0,0
c_2261;f;41,52272727272727;21;13,847499999999998;609,29;26;0,0
c_2262;m;45,765957446808514;29;11,496276595744682;1080,65;42;0,0
c_2263;m;71,29411764705883;11;14,368823529411763;244,26999999999998;14;0,0
c_2264;f;25,64814814814815;33;62,50296296296296;3375,16;24;1,0
c_2265;m;53,73134328358209;163;16,275024875621888;3271,2799999999997;84;0,0
c_2266;f;34,68478260869565;44;12,98054347826087;1194,21;50;0,0
c_2267;f;44,598765432098766;75;13,874444444444444;2247,66;85;0,0
c_2268;m;64,92;19;17,7308;443,27;10;0,0
c_2269;m;24,0;2;16,183333333333334;97,1;3;0,0
c_227;f;23,41176470588235;11;54,27294117647059;922,64;13;1,0
c_2270;f;44,69465648854962;62;13,181984732824427;1726,84;66;0,0
c_2271;m;38,80555555555556;16;17,223055555555554;620,03;16;0,0
c_2272;f;18,62857142857143;15;27,630571428571425;967,0699999999999;15;1,0
c_2273;f;34,791666666666664;29;18,66638888888889;1343,98;29;0,0
c_2274;f;77,52631578947368;11;14,862631578947367;282,39;10;0,0
c_2275;m;44,611111111111114;18;11,833888888888888;639,03;23;0,0
c_2276;f;43,68544600938967;86;12,42962441314554;2647,5099999999998;93;0,0
c_2277;m;36,73529411764706;38;11,854558823529413;806,11;33;0,0
c_2278;f;41,71739130434783;27;12,538260869565217;576,76;26;0,0
c_2279;f;63,76635514018692;70;16,326822429906542;1746,97;45;0,0
c_228;f;52,80152671755725;97;19,389465648854962;2540,02;56;0,0
c_2280;f;29,655172413793103;21;68,45137931034482;1985,09;15;1,0
c_2281;f;35,69135802469136;34;11,236790123456789;910,18;35;0,0
c_2282;f;69,66666666666667;16;12,603703703703705;340,3;11;0,0
c_2283;m;45,4;6;15,322;229,82999999999998;11;0,0
c_2284;m;41,626168224299064;123;13,759408099688471;4416,7699999999995;161;0,0
c_2285;f;44,75555555555555;53;16,055555555555557;2167,5;58;0,0
c_2286;f;43,78313253012048;24;12,74144578313253;1057,54;32;0,0
c_2287;f;54,529411764705884;15;15,754117647058823;267,82;12;0,0
c_2288;m;42,73;82;12,5746;2514,92;90;0,0
c_2289;f;54,7007299270073;121;15,499124087591241;2123,38;64;0,0
c_229;f;34,56842105263158;38;14,835157894736842;1409,34;52;0,0
c_2290;f;23,0;1;44,989999999999995;89,97999999999999;2;1,0
c_2291;f;31,649484536082475;44;12,221134020618557;1185,45;50;0,0
c_2292;f;83,6896551724138;54;17,1883908045977;1495,3899999999999;42;0,0
c_2293;f;21,775;11;18,73875;749,55;23;1,0
c_2294;m;48,598290598290596;51;13,206239316239316;1545,1299999999999;59;0,0
c_2295;f;28,627906976744185;20;33,60720930232558;1445,11;28;1,0
c_2296;f;34,61363636363637;15;14,341136363636364;631,01;26;0,0
c_2297;f;39,833333333333336;22;13,527916666666666;974,01;27;0,0
c_2298;m;49,72390572390572;121;12,349090909090908;3667,68;138;0,0
c_2299;f;66,671875;45;18,9334375;1211,74;29;0,0
c_23;m;24,63157894736842;13;56,823684210526324;1079,65;9;1,0
c_230;m;24,416666666666668;11;43,9675;1055,22;15;1,0
c_2300;m;38,641975308641975;27;12,070370370370371;977,7;40;0,0
c_2301;m;46,575;21;15,17475;606,99;22;0,0
c_2302;f;29,571428571428573;7;67,52428571428571;472,66999999999996;3;1,0
c_2303;f;40,62162162162162;19;15,148108108108108;560,48;16;0,0
c_2304;m;24,823529411764707;13;48,13117647058824;818,23;9;1,0
c_2305;f;42,666666666666664;105;12,710676328502416;2631,11;103;0,0
c_2306;f;59,266666666666666;8;21,003333333333334;315,05;5;0,0
c_2307;f;47,59574468085106;28;14,812340425531914;696,18;23;0,0
c_2308;m;37,644128113879006;107;13,270604982206406;3729,04;128;0,0
c_2309;f;17,666666666666668;34;43,7721568627451;2232,38;25;1,0
c_231;m;59,724137931034484;18;14,780344827586207;428,63;13;0,0
c_2310;f;56,700934579439256;73;15,787383177570094;1689,25;49;0,0
c_2311;m;69,5909090909091;39;14,77727272727273;650,2;24;0,0
c_2312;f;36,63870967741936;70;13,72458064516129;2127,31;81;0,0
c_2313;f;26,742424242424242;40;56,24181818181818;3711,96;31;1,0
c_2314;f;46,73076923076923;41;13,772596153846154;1432,35;45;0,0
c_2315;m;67,6;22;17,16;514,8;16;0,0
c_2316;m;19,46153846153846;10;37,21076923076923;483,73999999999995;8;1,0
c_2317;f;49,693548387096776;28;11,906290322580643;738,1899999999999;26;0,0
c_2318;m;63,509433962264154;33;14,292641509433961;757,51;28;0,0
c_2319;f;17,652173913043477;37;39,123260869565215;1799,6699999999998;22;1,0
c_232;m;74,625;15;15,514687499999999;496,46999999999997;18;0,0
c_2320;f;35,61486486486486;62;14,970067567567568;2215,57;75;0,0
c_2321;f;55,642105263157895;75;17,789157894736842;1689,97;44;0,0
c_2322;f;54,516129032258064;24;22,041290322580643;683,28;19;0,0
c_2323;f;32,4375;18;13,61125;435,56;21;0,0
c_2324;m;55,63855421686747;57;26,14686746987952;2170,19;40;0,0
c_2325;f;40,6530612244898;20;14,743673469387755;722,4399999999999;25;0,0
c_2326;f;45,59016393442623;25;10,960819672131148;668,61;36;0,0
c_2327;f;67,36363636363636;7;18,94;208,34;9;0,0
c_2328;f;50,80263157894737;45;12,670526315789473;962,96;34;0,0
c_2329;f;25,76;24;81,3312;2033,28;11;1,0
c_233;m;17,66176470588235;32;26,160882352941172;1778,9399999999998;33;1,0
c_2330;m;42,56962025316456;66;13,148354430379747;2077,44;93;0,0
c_2331;f;67,70370370370371;22;13,892962962962963;375,11;13;0,0
c_2332;f;45,675;47;13,907333333333332;1668,8799999999999;54;0,0
c_2333;f;44,76;24;11,3964;854,73;34;0,0
c_2334;f;54,5921052631579;68;15,797894736842103;1200,6399999999999;36;0,0
c_2335;f;25,75;20;22,72730769230769;1181,82;23;1,0
c_2336;f;41,61607142857143;49;11,76142857142857;1317,28;56;0,0
c_2337;m;71,76190476190476;12;12,365714285714287;259,68;8;0,0
c_2338;m;19,75;18;71,9795;1439,5900000000001;8;1,0
c_2339;f;44,7563025210084;43;14,687058823529412;1747,76;54;0,0
c_234;m;82,57142857142857;13;11,165357142857143;312,63;18;0,0
c_2340;m;79,71544715447155;73;16,301463414634146;2005,08;46;0,0
c_2341;f;22,295454545454547;16;24,024772727272726;1057,09;30;1,0
c_2342;m;37,666666666666664;25;11,551666666666668;693,1;27;0,0
c_2343;f;31,8;9;13,380285714285714;468,31;14;0,0
c_2344;m;51,6219512195122;57;17,98341463414634;1474,6399999999999;43;0,0
c_2345;f;40,53448275862069;23;25,62;1485,96;33;0,0
c_2346;f;67,6218487394958;88;16,052268907563025;1910,22;53;0,0
c_2347;f;41,68539325842696;37;11,417640449438203;1016,17;38;0,0
c_2348;m;47,61333333333334;27;17,602800000000002;1320,21;37;0,0
c_2349;f;35,714285714285715;18;11,19;313,32;13;0,0
c_235;m;64,80851063829788;28;15,91127659574468;747,8299999999999;21;0,0
c_2350;m;26,59259259259259;26;60,83481481481481;3285,08;31;1,0
c_2351;m;42,57142857142857;46;12,601714285714287;1323,18;58;0,0
c_2352;m;83,51351351351352;27;14,76027027027027;546,13;24;0,0
c_2353;f;50,674418604651166;31;13,402558139534882;576,31;21;0,0
c_2354;m;45,583333333333336;95;13,551519607843137;2764,5099999999998;100;0,0
c_2355;f;56,36363636363637;7;17,247272727272726;189,72;8;0,0
c_2356;f;46,72;17;15,453999999999999;772,6999999999999;24;0,0
c_2357;f;29,649122807017545;27;27,581754385964913;1572,16;26;1,0
c_2358;m;71,6103896103896;61;17,044415584415585;1312,42;40;0,0
c_2359;m;24,685714285714287;11;20,96142857142857;733,65;15;1,0
c_236;m;44,54761904761905;17;11,48047619047619;482,18;20;0,0
c_2360;m;28,857142857142858;13;71,23642857142856;1994,62;12;1,0
c_2361;f;37,65217391304348;42;13,018695652173914;1197,72;45;0,0
c_2362;m;47,721311475409834;27;18,36;1119,96;29;0,0
c_2363;f;68,63636363636364;5;7,137272727272728;78,51;5;0,0
c_2364;f;21,786324786324787;56;34,42452991452991;4027,67;45;1,0
c_2365;f;23,875;25;50,2675;2010,7;15;1,0
c_2366;m;64,73170731707317;25;24,078780487804877;987,23;18;0,0
c_2367;m;56,84782608695652;54;17,746739130434783;1632,7;42;0,0
c_2368;m;43,785714285714285;22;15,332619047619048;643,97;19;0,0
c_2369;f;22,857142857142858;4;148,24142857142857;1037,69;3;1,0
c_237;m;61,675213675213676;72;22,588974358974358;2642,91;57;0,0
c_2370;m;36,6978021978022;82;12,257912087912088;2230,94;85;0,0
c_2371;f;24,57894736842105;10;17,32315789473684;329,14;9;0,0
c_2372;m;23,678571428571427;15;51,549642857142864;1443,39;13;1,0
c_2373;f;44,78481012658228;35;14,517341772151898;1146,87;29;0,0
c_2374;m;66,79310344827586;25;16,7448275862069;485,6;11;0,0
c_2375;m;47,628691983122366;116;14,28603375527426;3385,79;114;0,0
c_2376;m;44,608108108108105;55;12,403783783783783;1835,76;77;0,0
c_2377;f;84,62068965517241;70;15,603333333333333;1357,49;46;0,0
c_2378;f;22,46153846153846;10;49,82307692307692;647,6999999999999;9;1,0
c_2379;m;48,784946236559136;31;14,412150537634409;1340,33;40;0,0
c_238;f;32,69767441860465;84;15,49546511627907;2665,22;77;0,0
c_2380;m;30,63843648208469;125;13,020781758957655;3997,38;133;0,0
c_2381;m;41,7536231884058;23;14,824347826086957;1022,88;34;0,0
c_2382;f;49,64705882352941;14;11,076764705882354;376,61;18;0,0
c_2383;f;21,75;4;28,69125;459,06;10;1,0
c_2384;m;23,666666666666668;14;46,776666666666664;1122,6399999999999;9;1,0
c_2385;m;57,666666666666664;10;16,544666666666664;248,17;6;0,0
c_2386;m;49,9009900990099;39;12,68059405940594;1280,74;36;0,0
c_2387;f;49,57990867579909;85;11,183242009132421;2449,13;106;0,0
c_2388;m;32,596774193548384;51;13,129596774193548;1628,07;56;0,0
c_2389;m;30,605263157894736;46;16,08;1222,08;43;0,0
c_239;f;48,793103448275865;56;14,45648275862069;2096,19;64;0,0
c_2390;f;51,666666666666664;10;24,814;372,21;9;0,0
c_2391;f;19,65;29;64,4605;2578,42;20;1,0
c_2392;m;25,5;20;22,109074074074073;1193,8899999999999;31;1,0
c_2393;f;53,52173913043478;14;12,68086956521739;291,65999999999997;14;0,0
c_2394;f;45,640243902439025;78;14,44018292682927;2368,19;82;0,0
c_2395;m;19,634146341463413;20;20,748048780487803;850,67;20;1,0
c_2396;f;20,5;4;14,476666666666667;173,72;6;0,0
c_2397;f;33,791044776119406;21;12,928507462686568;866,21;31;0,0
c_2398;f;31,768421052631577;34;12,167368421052632;1155,9;42;0,0
c_2399;f;48,747252747252745;32;13,794945054945053;1255,34;31;0,0
c_24;f;49,68674698795181;88;13,596385542168674;2257,0;81;0,0
c_240;m;23,0;1;11,06;11,06;1;0,0
c_2400;f;33,50847457627118;27;11,793389830508474;695,81;38;0,0
c_2401;m;57,6;13;15,320000000000002;536,2;15;0,0
c_2402;f;72,76470588235294;23;14,992156862745098;764,6;20;0,0
c_2403;f;66,67088607594937;54;15,194683544303798;1200,38;36;0,0
c_2404;m;55,68181818181818;18;16,065454545454546;353,44;12;0,0
c_2405;m;49,641379310344824;62;13,428827586206896;1947,18;65;0,0
c_2406;f;58,972972972972975;29;20,21054054054054;747,79;17;0,0
c_2407;f;73,86440677966101;27;14,307966101694914;844,17;27;0,0
c_2408;f;25,681818181818183;17;45,46590909090909;1000,25;8;1,0
c_2409;f;43,548780487804876;35;13,359390243902439;1095,47;45;0,0
c_241;m;41,76190476190476;31;13,01452380952381;1093,22;38;0,0
c_2410;m;30,72159090909091;76;12,35539772727273;2174,55;89;0,0
c_2411;f;76,5909090909091;24;16,58340909090909;729,67;20;0,0
c_2412;m;64,47272727272727;42;17,613818181818182;968,76;35;0,0
c_2413;m;22,57894736842105;12;30,313157894736843;575,95;12;1,0
c_2414;m;51,60377358490566;41;18,203773584905658;964,8;28;0,0
c_2415;m;26,75;11;26,770625;428,33;8;1,0
c_2416;f;73,64;42;17,3264;866,32;27;0,0
c_2417;m;51,46153846153846;12;15,084615384615384;196,1;7;0,0
c_2418;f;34,57831325301205;81;11,614036144578314;1927,93;77;0,0
c_2419;m;32,8125;8;11,42125;182,74;6;0,0
c_242;f;41,627272727272725;44;12,155272727272727;1337,08;56;0,0
c_2420;f;21,754716981132077;38;60,233773584905656;3192,39;22;1,0
c_2421;f;76,61764705882354;23;19,075882352941175;648,5799999999999;15;0,0
c_2422;f;31,767045454545453;81;13,696022727272727;2410,5;82;0,0
c_2423;m;26,653846153846153;11;25,150384615384613;653,91;13;1,0
c_2424;m;56,55555555555556;8;15,71388888888889;282,85;9;0,0
c_2425;f;61,76923076923077;35;15,078717948717948;588,0699999999999;17;0,0
c_2426;f;35,621212121212125;32;11,753636363636364;775,74;40;0,0
c_2427;m;31,61392405063291;72;12,083987341772152;1909,27;72;0,0
c_2428;f;47,8041237113402;41;16,242268041237114;1575,5;47;0,0
c_2429;m;39,65829145728643;95;11,891859296482412;2366,48;97;0,0
c_243;m;31,6859756097561;137;13,41640243902439;4400,58;149;0,0
c_2430;f;43,67741935483871;45;11,279354838709677;1048,98;50;0,0
c_2431;f;44,5625;8;19,38;310,08;7;0,0
c_2432;m;46,60919540229885;38;11,800459770114944;1026,64;48;0,0
c_2433;f;24,818181818181817;4;14,759999999999998;324,71999999999997;11;0,0
c_2434;f;33,45238095238095;34;12,181785714285715;1023,27;49;0,0
c_2435;f;45,872727272727275;21;15,258000000000001;839,19;24;0,0
c_2436;m;53,75;5;19,05375;152,43;5;0,0
c_2437;f;84,64444444444445;33;18,654;839,43;19;0,0
c_2438;f;89,6470588235294;20;16,115882352941174;547,9399999999999;19;0,0
c_2439;f;43,42424242424242;12;11,243636363636364;371,04;20;0,0
c_244;f;52,81818181818182;7;20,349090909090908;223,84;5;0,0
c_2440;f;71,61111111111111;72;16,052555555555557;1444,73;50;0,0
c_2441;m;54,73154362416108;113;16,461275167785235;2452,73;58;0,0
c_2442;f;52,74193548387097;84;14,814408602150538;1377,74;44;0,0
c_2443;f;20,75;29;57,50475;2300,19;20;1,0
c_2444;m;25,3953488372093;23;36,61674418604651;1574,52;27;1,0
c_2445;m;25,62962962962963;10;31,003333333333334;837,09;11;1,0
c_2446;f;33,81578947368421;66;13,259736842105264;2015,48;73;0,0
c_2447;f;61,666666666666664;50;18,19904761904762;1146,54;32;0,0
c_2448;f;43,708333333333336;15;12,118333333333332;581,68;24;0,0
c_2449;f;46,62719298245614;98;13,113903508771928;2989,97;119;0,0
c_245;m;47,47540983606557;27;12,597704918032788;768,46;34;0,0
c_2450;f;45,625;15;18,12333333333333;434,96;13;0,0
c_2451;m;74,66412213740458;82;15,99824427480916;2095,77;66;0,0
c_2452;m;72,71428571428571;14;16,145;226,03;6;0,0
c_2453;m;25,633333333333333;14;28,903666666666666;867,11;13;1,0
c_2454;f;51,5;18;18,772;375,44;12;0,0
c_2455;f;69,60344827586206;108;17,017241379310345;1974,0;60;0,0
c_2456;m;70,70370370370371;26;16,12111111111111;870,54;19;0,0
c_2457;m;35,6875;29;11,80046875;755,23;31;0,0
c_2458;f;59,833333333333336;10;17,250555555555554;310,51;7;0,0
c_2459;f;17,789473684210527;14;27,581578947368417;1048,1;22;1,0
c_246;m;56,68586387434555;134;15,122356020942409;2888,37;77;0,0
c_2460;f;35,68613138686131;62;13,323138686131387;1825,27;68;0,0
c_2461;m;27,58823529411765;16;53,40411764705882;907,8699999999999;8;1,0
c_2462;f;17,75609756097561;34;49,7809756097561;2041,02;16;1,0
c_2463;m;45,80821917808219;28;10,666712328767122;778,67;31;0,0
c_2464;m;47,61434977578475;110;13,73730941704036;3063,42;111;0,0
c_2465;f;29,545454545454547;12;22,39212121212121;738,9399999999999;21;0,0
c_2466;f;45,625;48;14,61375;1519,83;45;0,0
c_2467;f;24,654545454545456;34;56,9990909090909;3134,95;27;1,0
c_2468;m;42,50694444444444;57;10,759236111111111;1549,33;80;0,0
c_2469;m;22,78181818181818;25;69,20018181818182;3806,01;19;1,0
c_247;m;33,75647668393783;90;13,457098445595854;2597,22;88;0,0
c_2470;f;67,4;5;22,945999999999998;114,72999999999999;3;0,0
c_2471;m;29,644444444444446;24;37,49688888888889;1687,36;26;1,0
c_2472;f;33,75;4;13,32;106,56;2;0,0
c_2473;f;35,833333333333336;49;14,212592592592593;1534,96;45;0,0
c_2474;m;33,75675675675676;11;12,263783783783783;453,76;16;0,0
c_2475;f;53,62337662337662;66;16,507792207792207;1271,1;35;0,0
c_2476;m;47,484848484848484;19;20,758181818181818;685,02;18;0,0
c_2477;f;17,533333333333335;31;41,69266666666666;1876,1699999999998;23;1,0
c_2478;m;41,6890243902439;79;13,460426829268291;2207,5099999999998;74;0,0
c_2479;f;33,72727272727273;5;17,413636363636364;191,55;4;0,0
c_248;f;33,666666666666664;34;12,93712121212121;853,8499999999999;36;0,0
c_2480;m;45,608695652173914;91;12,330289855072463;2552,37;106;0,0
c_2481;m;29,84313725490196;36;56,60882352941176;2887,0499999999997;21;1,0
c_2482;f;30,55855855855856;42;12,642702702702701;1403,34;53;0,0
c_2483;f;49,666666666666664;10;17,582666666666668;527,48;14;0,0
c_2484;m;58,71875;37;17,08109375;1093,19;24;0,0
c_2485;m;78,82608695652173;17;16,67478260869565;383,52;11;0,0
c_2486;m;55,625;8;17,73875;141,91;6;0,0
c_2487;f;63,5;12;20,62666666666667;247,52;7;0,0
c_2488;m;71,7;13;16,4585;329,17;10;0,0
c_2489;f;55,54545454545455;11;13,82181818181818;152,04;5;0,0
c_249;m;59,666666666666664;36;18,276904761904763;767,63;22;0,0
c_2490;m;22,0;4;31,903333333333336;382,84000000000003;12;1,0
c_2491;m;26,75;9;41,82833333333333;501,94;6;1,0
c_2492;f;72,63636363636364;9;20,327272727272728;447,2;12;0,0
c_2493;f;23,816326530612244;42;39,61030612244898;3881,81;37;1,0
c_2494;m;19,666666666666668;21;38,378571428571426;1611,8999999999999;23;1,0
c_2495;f;64,5;4;12,3375;49,35;3;0,0
c_2496;m;63,8125;35;15,222083333333332;730,66;20;0,0
c_2497;f;19,285714285714285;5;30,104285714285712;210,73;6;1,0
c_2498;f;54,707692307692305;46;17,26923076923077;1122,5;28;0,0
c_2499;m;17,789473684210527;19;40,94315789473684;1555,84;14;1,0
c_25;f;54,666666666666664;13;14,718666666666667;220,78;8;0,0
c_250;m;28,651515151515152;33;33,80984848484848;2231,45;29;1,0
c_2500;m;48,504672897196265;43;13,029719626168225;1394,18;58;0,0
c_2501;m;63,483870967741936;21;16,773548387096774;519,98;16;0,0
c_2502;f;57,62068965517241;24;14,735172413793103;854,64;28;0,0
c_2503;m;28,736842105263158;30;45,7428947368421;1738,23;19;1,0
c_2504;m;45,786407766990294;31;14,899708737864078;1534,67;50;0,0
c_2505;f;39,7;149;13,695972222222222;4930,55;147;0,0
c_2506;f;29,428571428571427;10;23,962142857142858;335,47;8;1,0
c_2507;m;40,65833333333333;111;12,515375;3003,69;115;0,0
c_2508;m;28,714285714285715;19;21,49206349206349;1354,0;24;0,0
c_2509;m;80,84615384615384;12;16,682307692307692;216,87;5;0,0
c_251;m;61,5531914893617;33;18,325531914893617;861,3;26;0,0
c_2510;f;52,77777777777778;8;14,041111111111112;126,37;4;0,0
c_2511;m;43,53086419753087;103;12,19827160493827;2964,18;129;0,0
c_2512;f;45,72932330827068;57;10,617894736842105;1412,18;65;0,0
c_2513;m;40,885714285714286;16;22,151142857142855;775,29;11;0,0
c_2514;f;85,83333333333333;11;17,200555555555557;309,61;9;0,0
c_2515;f;44,629629629629626;13;10,132962962962962;273,59;11;0,0
c_2516;m;19,666666666666668;6;44,61333333333334;267,68;3;1,0
c_2517;f;43,63157894736842;11;15,48;588,24;20;0,0
c_2518;m;43,607287449392715;125;12,482388663967612;3083,15;128;0,0
c_2519;f;25,625;12;46,788125;748,61;8;1,0
c_252;f;48,89719626168224;46;17,779626168224297;1902,4199999999998;42;0,0
c_2520;m;25,672727272727272;41;74,51254545454545;4098,19;22;1,0
c_2521;f;26,515151515151516;25;37,058787878787875;1222,9399999999998;16;1,0
c_2522;f;55,842592592592595;72;19,559074074074076;2112,38;48;0,0
c_2523;m;27,5;4;61,865;247,46;3;1,0
c_2524;f;48,77300613496933;65;13,635766871165645;2222,63;68;0,0
c_2525;m;39,615671641791046;115;14,300820895522387;3832,62;130;0,0
c_2526;f;39,542857142857144;53;13,511785714285715;1891,65;75;0,0
c_2527;f;28,833333333333332;22;65,839;1975,17;11;1,0
c_2528;f;17,795454545454547;21;24,37681818181818;1072,58;20;1,0
c_2529;f;66,86842105263158;29;15,125263157894736;574,76;16;0,0
c_253;m;17,75409836065574;25;28,767704918032784;1754,83;28;1,0
c_2530;m;62,476190476190474;15;17,740952380952383;372,56;15;0,0
c_2531;m;20,894736842105264;15;35,489999999999995;1348,62;17;1,0
c_2532;f;26,6;6;27,040000000000003;405,6;11;1,0
c_2533;f;49,611111111111114;20;13,52;486,71999999999997;16;0,0
c_2534;m;33,666666666666664;26;13,594;815,64;35;0,0
c_2535;m;18,68421052631579;25;49,594210526315784;1884,58;21;1,0
c_2536;f;64,81818181818181;11;16,17;177,87;5;0,0
c_2537;f;54,42;22;14,0092;700,46;30;0,0
c_2538;m;48,60909090909091;142;12,768727272727274;4213,68;156;0,0
c_2539;m;42,82258064516129;22;13,09016129032258;811,59;29;0,0
c_254;f;31,692857142857143;121;11,395321428571428;3190,69;117;0,0
c_2540;f;17,462962962962962;33;39,79296296296297;2148,82;30;1,0
c_2541;f;18,6;4;42,152;210,76;4;1,0
c_2542;f;84,75;19;16,457857142857144;460,82;14;0,0
c_2543;m;69,47169811320755;19;21,069433962264153;1116,68;33;0,0
c_2544;m;17,0;2;71,69500000000001;143,39000000000001;2;1,0
c_2545;m;23,58823529411765;34;32,56823529411765;2768,3;47;1,0
c_2546;f;23,636363636363637;16;39,25363636363637;863,58;10;1,0
c_2547;m;53,723076923076924;47;20,21630769230769;1314,06;26;0,0
c_2548;m;27,615384615384617;15;67,58461538461539;1757,2;13;1,0
c_2549;m;62,55;10;17,737000000000002;354,74;11;0,0
c_255;m;37,71255060728745;102;14,00995951417004;3460,46;107;0,0
c_2550;f;38,625;25;13,744722222222222;989,62;35;0,0
c_2551;f;30,701612903225808;118;14,280806451612902;3541,64;119;0,0
c_2552;m;46,458333333333336;47;14,934270833333334;1433,69;54;0,0
c_2553;m;71,69767441860465;32;20,404418604651163;877,39;19;0,0
c_2554;m;46,57534246575342;35;11,315753424657533;826,05;36;0,0
c_2555;f;28,84375;17;48,7921875;1561,35;17;1,0
c_2556;f;35,58986175115207;92;13,421612903225805;2912,49;111;0,0
c_2557;m;41,71875;26;13,64265625;873,13;31;0,0
c_2558;m;48,69072164948454;72;14,084742268041238;2732,44;98;0,0
c_2559;f;19,571428571428573;31;55,83047619047619;2344,88;23;1,0
c_256;f;58,67479674796748;102;17,389756097560976;2138,94;55;0,0
c_2560;f;46,44444444444444;12;10,54;189,72;10;0,0
c_2561;m;37,80434782608695;20;12,581521739130435;578,75;20;0,0
c_2562;m;21,9375;9;46,434374999999996;742,9499999999999;7;1,0
c_2563;f;46,583333333333336;43;14,061916666666667;1687,43;66;0,0
c_2564;m;61,795918367346935;38;12,284897959183674;601,96;20;0,0
c_2565;f;61,806451612903224;25;20,289677419354838;628,98;15;0,0
c_2566;f;51,0;3;9,043333333333333;81,39;3;0,0
c_2567;m;84,54545454545455;17;16,78318181818182;738,46;19;0,0
c_2568;f;51,62162162162162;22;13,782702702702702;509,96;16;0,0
c_2569;f;35,63513513513514;140;12,371756756756756;3662,04;144;0,0
c_257;m;25,84;15;28,496;712,4;10;1,0
c_2570;f;42,755102040816325;23;18,39938775510204;901,5699999999999;19;0,0
c_2571;m;61,7037037037037;74;16,066296296296294;1735,1599999999999;52;0,0
c_2572;f;43,51724137931034;36;13,853908045977011;1205,29;52;0,0
c_2573;m;47,5735294117647;33;13,946323529411766;948,35;42;0,0
c_2574;m;44,76428571428571;53;12,194142857142857;1707,18;61;0,0
c_2575;m;19,91304347826087;12;47,63826086956522;1095,68;9;1,0
c_2576;m;51,76190476190476;24;15,147380952380951;636,1899999999999;16;0,0
c_2577;m;75,8348623853211;87;17,62724770642202;1921,37;42;0,0
c_2578;f;60,766666666666666;24;15,592666666666666;467,78;15;0,0
c_2579;m;39,65909090909091;88;12,85359090909091;2827,79;97;0,0
c_258;m;62,9344262295082;23;16,86377049180328;1028,69;21;0,0
c_2580;m;76,57894736842105;31;15,806842105263158;600,66;20;0,0
c_2581;m;47,43478260869565;17;10,978913043478261;505,03000000000003;26;0,0
c_2582;m;57,663716814159294;89;16,536637168141592;1868,6399999999999;52;0,0
c_2583;m;59,604395604395606;74;15,64912087912088;1424,07;53;0,0
c_2584;m;63,857142857142854;23;20,405;571,34;13;0,0
c_2585;m;32,680851063829785;42;13,600425531914894;1278,44;43;0,0
c_2586;f;68,75333333333333;107;15,617466666666665;2342,62;71;0,0
c_2587;m;66,78205128205128;27;22,286923076923074;1738,3799999999999;30;0,0
c_2588;m;32,70422535211268;33;12,129154929577464;861,17;35;0,0
c_2589;f;17,72972972972973;42;49,519864864864864;3664,47;28;1,0
c_259;f;86,36363636363636;9;20,687272727272727;227,56;8;0,0
c_2590;f;55,57446808510638;23;13,015744680851064;611,74;23;0,0
c_2591;f;19,428571428571427;6;58,382857142857134;408,67999999999995;4;1,0
c_2592;f;29,80392156862745;37;37,16196078431373;1895,26;27;1,0
c_2593;m;23,658536585365855;29;64,68707317073171;2652,17;20;1,0
c_2594;f;24,737704918032787;33;47,84377049180328;2918,47;26;1,0
c_2595;m;47,6356783919598;149;12,46145728643216;4959,66;178;0,0
c_2596;f;36,70238095238095;74;12,883035714285715;2164,35;86;0,0
c_2597;m;18,794117647058822;17;65,01147058823528;2210,39;13;1,0
c_2598;f;39,81333333333333;36;14,1628;1062,21;28;0,0
c_2599;f;34,71875;29;11,53875;738,48;28;0,0
c_26;m;24,776119402985074;25;28,121940298507464;1884,17;28;1,0
c_260;m;33,6890243902439;80;14,257256097560976;2338,19;76;0,0
c_2600;f;41,95454545454545;9;12,663181818181819;278,59000000000003;13;0,0
c_2601;m;24,571428571428573;2;18,982857142857142;132,88;5;0,0
c_2602;f;41,75;32;14,7725;1418,16;35;0,0
c_2603;m;54,70253164556962;108;18,769620253164558;2965,6;67;0,0
c_2604;m;65,6390977443609;84;17,0793984962406;2271,56;66;0,0
c_2605;m;56,56603773584906;44;16,087924528301887;852,66;29;0,0
c_2606;f;42,60909090909091;46;12,547454545454546;1380,22;64;0,0
c_2607;f;17,653846153846153;28;59,058076923076925;3071,02;25;1,0
c_2608;m;45,652542372881356;51;11,176101694915253;1318,78;46;0,0
c_2609;m;18,828125;45;37,14546875;2377,31;19;1,0
c_261;f;58,675;99;16,376416666666664;1965,1699999999998;57;0,0
c_2610;f;39,67857142857143;11;13,905;389,34;11;0,0
c_2611;f;34,65217391304348;111;12,404652173913044;2853,07;117;0,0
c_2612;m;26,714285714285715;6;81,97857142857141;573,8499999999999;4;1,0
c_2613;m;46,601036269430054;78;12,384974093264248;2390,2999999999997;90;0,0
c_2614;m;72,8;42;16,599;1327,92;33;0,0
c_2615;f;55,6551724137931;24;16,587241379310345;481,03;13;0,0
c_2616;f;45,65693430656934;48;12,67;1735,79;55;0,0
c_2617;m;64,72916666666667;23;13,073958333333332;627,55;26;0,0
c_2618;f;35,6;18;10,5926;529,63;28;0,0
c_2619;f;53,96296296296296;17;23,135185185185183;624,65;11;0,0
c_262;f;17,653846153846153;14;34,974999999999994;909,3499999999999;10;1,0
c_2620;m;29,689655172413794;23;55,26620689655172;1602,72;14;1,0
c_2621;f;57,61538461538461;13;13,649230769230769;177,44;8;0,0
c_2622;f;59,71111111111111;40;13,901555555555554;625,5699999999999;23;0,0
c_2623;f;70,86;31;15,3158;765,79;23;0,0
c_2624;f;36,64233576642336;67;12,988905109489052;1779,48;66;0,0
c_2625;m;17,466666666666665;7;25,195333333333334;377,93;8;1,0
c_2626;m;45,4;8;15,468;232,02;9;0,0
c_2627;m;17,70873786407767;68;36,943689320388344;3805,2;43;1,0
c_2628;f;56,666666666666664;17;17,130000000000003;359,73;10;0,0
c_2629;m;28,523809523809526;11;28,565238095238094;599,87;11;1,0
c_263;m;57,628865979381445;56;16,29701030927835;1580,81;43;0,0
c_2630;f;70,74193548387096;24;15,19516129032258;471,05;12;0,0
c_2631;m;60,529411764705884;12;14,700588235294118;249,91;11;0,0
c_2632;f;45,6448087431694;65;13,7475956284153;2515,81;85;0,0
c_2633;f;27,681818181818183;11;37,04590909090909;815,01;8;1,0
c_2634;m;29,0;2;49,99;149,97;3;1,0
c_2635;f;55,6271186440678;24;18,055423728813558;1065,27;28;0,0
c_2636;m;73,92592592592592;12;17,799629629629628;480,59;11;0,0
c_2637;m;55,72435897435897;102;16,512435897435896;2575,94;67;0,0
c_2638;f;50,68131868131868;73;16,36978021978022;1489,65;44;0,0
c_2639;m;50,75471698113208;27;18,120188679245285;960,37;24;0,0
c_264;f;39,664;54;13,50592;1688,24;60;0,0
c_2640;f;43,94117647058823;15;14,266764705882352;485,07;12;0,0
c_2641;f;52,57142857142857;7;14,464285714285714;101,25;5;0,0
c_2642;f;31,845070422535212;31;14,17887323943662;1006,6999999999999;33;0,0
c_2643;f;18,545454545454547;14;30,199545454545454;664,39;10;1,0
c_2644;f;46,81683168316832;89;13,228118811881188;2672,08;94;0,0
c_2645;f;32,53164556962025;32;11,54126582278481;911,76;43;0,0
c_2646;f;50,704918032786885;39;18,38213114754098;1121,31;27;0,0
c_2647;f;60,6875;14;15,040625;481,3;17;0,0
c_2648;f;21,59090909090909;12;35,99227272727273;791,8299999999999;12;1,0
c_2649;m;55,0;5;13,6925;273,85;10;0,0
c_265;f;42,806451612903224;14;10,59483870967742;328,44;14;0,0
c_2650;f;71,69565217391305;59;14,202753623188405;979,99;34;0,0
c_2651;m;30,294117647058822;13;10,541764705882354;358,42;23;0,0
c_2652;m;51,596858638743456;134;17,10539267015707;3267,13;86;0,0
c_2653;m;37,66129032258065;27;14,575;903,65;33;0,0
c_2654;m;27,510204081632654;18;19,28530612244898;944,98;24;0,0
c_2655;f;29,5;9;33,318125;533,09;10;1,0
c_2656;f;22,5;14;45,8155;916,31;10;1,0
c_2657;m;69,05263157894737;9;10,993157894736843;208,87;5;0,0
c_2658;m;17,526315789473685;5;28,60736842105263;543,54;11;1,0
c_2659;f;17,571428571428573;11;18,691142857142854;654,1899999999999;15;1,0
c_266;m;55,766666666666666;25;14,842999999999998;445,28999999999996;14;0,0
c_2660;m;20,636363636363637;11;66,83636363636364;735,2;5;1,0
c_2661;f;44,63636363636363;17;11,80151515151515;389,45;17;0,0
c_2662;f;61,833333333333336;49;14,831333333333333;889,88;26;0,0
c_2663;m;22,806451612903224;20;43,59774193548387;1351,53;13;1,0
c_2664;f;24,82;25;27,968200000000003;1398,41;20;1,0
c_2665;m;42,53125;9;15,0103125;480,33;18;0,0
c_2666;m;49,583333333333336;15;15,399166666666666;739,16;28;0,0
c_2667;f;39,597457627118644;87;13,489152542372882;3183,44;115;0,0
c_2668;m;55,43478260869565;20;15,906086956521738;365,84;13;0,0
c_2669;m;61,84313725490196;29;18,85235294117647;961,47;22;0,0
c_267;f;48,739583333333336;76;11,257708333333333;2161,48;85;0,0
c_2670;m;31,794117647058822;14;12,740294117647059;433,17;17;0,0
c_2671;m;35,596774193548384;20;13,266935483870967;822,55;36;0,0
c_2672;f;17,678571428571427;24;54,526428571428575;1526,74;10;1,0
c_2673;m;37,80487804878049;30;12,334024390243902;1011,39;36;0,0
c_2674;f;67,70370370370371;18;13,44074074074074;362,9;15;0,0
c_2675;m;56,71052631578947;18;16,408684210526314;623,53;18;0,0
c_2676;f;27,488372093023255;19;46,93604651162791;2018,25;24;1,0
c_2677;f;45,64192139737991;92;12,145545851528384;2781,33;96;0,0
c_2678;f;27,609756097560975;27;66,50926829268293;2726,88;20;1,0
c_2679;m;33,74193548387097;107;12,92766129032258;3206,06;105;0,0
c_268;f;35,4;23;12,54642857142857;878,25;46;0,0
c_2680;f;45,61748633879781;74;12,506994535519127;2288,78;100;0,0
c_2681;f;49,92857142857143;6;13,659285714285714;191,23;7;0,0
c_2682;m;45,608695652173914;17;11,942826086956522;549,37;21;0,0
c_2683;m;61,62809917355372;72;16,534545454545455;2000,68;54;0,0
c_2684;f;22,71875;20;47,45625;1518,6;9;1,0
c_2685;f;19,5625;10;47,95;767,2;8;1,0
c_2686;f;24,73076923076923;11;53,405;1388,53;12;1,0
c_2687;m;69,575;32;20,11475;804,59;22;0,0
c_2688;f;53,720338983050844;84;17,218050847457626;2031,73;56;0,0
c_2689;m;51,75;57;18,143947368421053;1378,94;36;0,0
c_269;f;25,676470588235293;25;73,74588235294118;2507,36;15;1,0
c_2690;m;32,59090909090909;13;10,332727272727272;227,32;12;0,0
c_2691;f;33,7;48;15,18772727272727;1670,6499999999999;51;0,0
c_2692;f;45,69892473118279;40;13,53204301075269;1258,48;45;0,0
c_2693;m;83,75;5;18,703125;299,25;10;0,0
c_2694;m;39,618705035971225;67;14,260863309352517;1982,26;63;0,0
c_2695;f;19,76923076923077;29;64,36423076923077;3346,94;19;1,0
c_2696;f;43,888888888888886;13;18,100555555555555;651,62;16;0,0
c_2697;m;45,76923076923077;28;14,042153846153846;912,74;26;0,0
c_2698;m;58,765957446808514;39;14,284255319148937;671,36;21;0,0
c_2699;f;32,689320388349515;84;15,166990291262136;3124,4;90;0,0
c_27;f;26,692307692307693;13;38,26538461538461;497,45;5;1,0
c_270;m;68,5909090909091;20;15,169545454545455;333,73;12;0,0
c_2700;m;18,875;2;21,03;168,24;8;1,0
c_2701;f;21,5;4;44,49;177,96;3;1,0
c_2702;m;21,571428571428573;11;38,07809523809524;799,64;9;1,0
c_2703;f;37,67298578199052;91;13,851184834123222;2922,6;95;0,0
c_2704;m;52,6875;79;14,891015625;1906,05;56;0,0
c_2705;m;42,75;36;14,349761904761905;1205,38;39;0,0
c_2707;f;29,576923076923077;25;45,365;1179,49;12;1,0
c_2708;m;70,25;3;25,555;102,22;3;0,0
c_2709;m;61,72222222222222;16;20,441944444444445;735,91;16;0,0
c_271;m;75,88888888888889;13;13,142777777777777;236,57;7;0,0
c_2710;m;36,63;51;14,1885;1418,85;50;0,0
c_2711;f;38,6328125;51;15,313749999999999;1960,1599999999999;58;0,0
c_2712;f;50,9;8;19,876;198,76000000000002;3;0,0
c_2713;f;51,71604938271605;54;17,296666666666667;1401,03;39;0,0
c_2714;f;26,666666666666668;15;64,18249999999999;1540,3799999999999;10;1,0
c_2715;m;24,818181818181817;11;72,44818181818182;796,9300000000001;5;1,0
c_2716;m;56,375;6;10,4075;83,26;6;0,0
c_2717;m;71,88888888888889;9;14,835925925925926;400,57;10;0,0
c_2718;f;71,60176991150442;85;19,478053097345132;2201,02;53;0,0
c_2719;m;19,633333333333333;13;26,593666666666664;797,81;12;1,0
c_272;f;68,62;68;14,4256;1442,56;48;0,0
c_2720;m;61,720338983050844;78;19,241610169491523;2270,5099999999998;50;0,0
c_2721;m;44,65068493150685;68;12,833150684931505;1873,6399999999999;79;0,0
c_2722;m;35,52777777777778;45;13,3975;1446,93;67;0,0
c_2723;m;31,1;12;11,79;235,79999999999998;5;0,0
c_2724;f;43,535714285714285;37;14,121428571428572;1186,2;41;0,0
c_2725;m;54,656716417910445;35;16,42582089552239;1100,53;30;0,0
c_2726;f;34,666666666666664;17;12,445128205128205;485,36;16;0,0
c_2727;m;31,51063829787234;23;10,751489361702127;505,32;25;0,0
c_2728;f;42,75;54;15,303333333333333;1836,3999999999999;54;0,0
c_2729;f;25,5;8;92,269;922,69;5;1,0
c_273;m;55,516129032258064;63;18,81838709677419;1750,11;54;0,0
c_2730;f;55,833333333333336;6;9,975;59,849999999999994;2;0,0
c_2731;f;25,333333333333332;3;39,596666666666664;356,37;3;1,0
c_2732;f;57,6953642384106;114;16,185033112582783;2443,94;71;0,0
c_2733;m;29,571428571428573;35;49,368775510204074;2419,0699999999997;25;1,0
c_2734;m;19,45;13;51,2715;1025,43;12;1,0
c_2735;m;28,78125;18;43,2778125;1384,89;14;1,0
c_2736;f;65,70588235294117;8;20,851764705882353;354,48;7;0,0
c_2737;m;23,48;14;54,221199999999996;1355,53;17;1,0
c_2738;m;49,655913978494624;46;12,998924731182797;1208,9;40;0,0
c_2739;f;62,9;7;24,796;247,96;3;0,0
c_274;m;68,23076923076923;17;14,674615384615382;381,53999999999996;20;0,0
c_2740;m;50,54545454545455;17;19,684242424242424;649,5799999999999;17;0,0
c_2741;f;88,66129032258064;57;15,805;979,91;31;0,0
c_2742;f;29,857142857142858;8;29,42642857142857;411,96999999999997;6;1,0
c_2743;f;19,756756756756758;20;38,59513513513514;1428,02;19;1,0
c_2744;f;26,871794871794872;22;19,560769230769232;1525,74;24;0,0
c_2745;m;35,58050847457627;105;12,719703389830508;3001,85;124;0,0
c_2746;m;26,697674418604652;24;45,68697674418605;1964,54;22;1,0
c_2747;m;43,701550387596896;115;13,502170542635659;3483,56;102;0,0
c_2748;f;44,725806451612904;24;11,703064516129032;725,59;26;0,0
c_2749;f;41,638297872340424;29;14,970425531914893;1407,22;41;0,0
c_275;f;70,16666666666667;9;23,069166666666664;276,83;10;0,0
c_2750;f;65,69333333333333;125;17,398;2609,7;76;0,0
c_2751;f;42,69072164948454;74;14,20860824742268;2756,47;77;0,0
c_2752;m;18,318181818181817;16;74,0490909090909;1629,08;18;1,0
c_2753;m;34,63157894736842;9;9,224210526315789;175,26;10;0,0
c_2754;f;35,78846153846154;27;15,854615384615384;824,4399999999999;20;0,0
c_2755;f;60,68181818181818;18;16,89727272727273;371,74;13;0,0
c_2756;m;31,71551724137931;50;13,117758620689656;1521,66;57;0,0
c_2757;m;65,68376068376068;101;19,575470085470084;2290,33;54;0,0
c_2758;m;53,63636363636363;5;12,70090909090909;139,70999999999998;6;0,0
c_2759;m;29,833333333333332;20;39,544333333333334;1186,33;16;1,0
c_276;m;34,42857142857143;10;11,270714285714286;315,58;17;0,0
c_2760;f;40,64957264957265;42;13,016581196581196;1522,94;54;0,0
c_2761;f;69,77272727272727;20;15,424772727272726;678,6899999999999;19;0,0
c_2762;m;40,63815789473684;66;12,163815789473682;1848,8999999999999;71;0,0
c_2763;f;53,47826086956522;9;14,959999999999999;344,08;14;0,0
c_2764;m;35,68027210884354;61;11,22795918367347;1650,51;67;0,0
c_2765;f;37,536458333333336;81;13,233593749999999;2540,85;115;0,0
c_2766;f;25,863636363636363;16;63,57863636363636;1398,73;10;1,0
c_2767;f;43,62307692307692;50;12,303615384615386;1599,47;60;0,0
c_2768;f;32,68316831683168;86;11,876336633663366;2399,02;94;0,0
c_2769;m;33,653333333333336;32;14,087333333333333;1056,55;37;0,0
c_277;f;21,633333333333333;15;30,556333333333335;916,69;14;1,0
c_2770;f;43,625;32;13,209861111111111;951,11;35;0,0
c_2771;m;42,125;7;13,703125;219,25;14;0,0
c_2772;m;80,65346534653466;84;15,717128712871286;1587,4299999999998;52;0,0
c_2773;m;24,56;22;37,6674;1883,3700000000001;23;1,0
c_2774;m;57,648648648648646;20;13,973513513513513;517,02;19;0,0
c_2775;f;45,60606060606061;31;15,407575757575756;1525,35;51;0,0
c_2776;f;28,0;1;10,73;21,46;2;0,0
c_2777;f;49,689189189189186;35;15,323513513513515;1133,94;27;0,0
c_2778;m;56,666666666666664;6;14,421666666666667;86,53;3;0,0
c_2779;f;66,64285714285714;12;12,661428571428571;177,26;7;0,0
c_278;f;34,76470588235294;27;9,859411764705882;670,4399999999999;30;0,0
c_2780;m;49,63157894736842;70;14,258771929824562;2438,25;86;0,0
c_2781;m;73,76530612244898;80;16,146326530612242;1582,34;47;0,0
c_2782;f;25,933333333333334;18;31,290333333333333;938,71;14;1,0
c_2783;m;35,62921348314607;43;11,743370786516856;1045,16;44;0,0
c_2784;f;73,6938775510204;40;19,487551020408162;954,89;25;0,0
c_2785;f;17,818181818181817;10;22,35727272727273;491,86;6;1,0
c_2786;f;47,656488549618324;113;14,153664122137403;3708,2599999999998;120;0,0
c_2787;f;53,74074074074074;21;15,387407407407407;415,46;12;0,0
c_2788;f;38,6578947368421;17;10,64;404,32;17;0,0
c_2789;m;42,75342465753425;28;11,69986301369863;854,09;30;0,0
c_279;f;35,733333333333334;7;8,126;121,89;7;0,0
c_2790;m;19,78787878787879;16;20,46121212121212;675,22;15;1,0
c_2791;m;17,640625;33;61,12546875;3912,03;25;1,0
c_2792;f;20,9;10;73,604;1472,08;7;1,0
c_2793;m;88,0;2;10,99;21,98;2;0,0
c_2794;f;28,55;36;40,556333333333335;2433,38;31;1,0
c_2795;f;43,696;98;12,102559999999999;3025,64;109;0,0
c_2796;m;51,68181818181818;55;15,394545454545455;1016,04;29;0,0
c_2797;f;65,90322580645162;9;15,44032258064516;478,65;14;0,0
c_2798;f;63,59375;18;12,815625;410,1;18;0,0
c_2799;f;55,708333333333336;30;15,493333333333332;743,68;21;0,0
c_28;f;51,76190476190476;31;16,81095238095238;706,06;20;0,0
c_280;f;72,6470588235294;15;9,936470588235293;168,92;9;0,0
c_2800;f;35,53225806451613;36;13,632741935483871;845,23;29;0,0
c_2801;m;57,68707482993197;106;16,99238095238095;2497,88;68;0,0
c_2802;m;58,54545454545455;20;17,62818181818182;387,82;12;0,0
c_2803;m;49,64685314685315;107;12,325804195804196;3525,18;126;0,0
c_2804;f;18,666666666666668;27;37,496078431372545;1912,3;21;1,0
c_2805;m;22,75;19;48,002250000000004;1920,0900000000001;20;1,0
c_2806;f;22,58823529411765;8;31,64588235294118;537,98;11;1,0
c_2807;f;77,67088607594937;57;16,87379746835443;1333,03;37;0,0
c_2808;f;21,541666666666668;14;54,862500000000004;1316,7;13;1,0
c_2809;m;40,642857142857146;84;11,930535714285714;2672,44;95;0,0
c_281;m;46,54385964912281;27;12,738947368421053;726,12;31;0,0
c_2810;m;43,67213114754098;23;17,145081967213113;1045,85;25;0,0
c_2811;f;34,63492063492063;122;12,797111111111112;4031,09;143;0,0
c_2812;f;41,674698795180724;123;11,977751004016064;2982,46;114;0,0
c_2813;f;22,84375;16;50,5359375;1617,15;16;1,0
c_2814;m;27,333333333333332;10;48,51;727,65;10;1,0
c_2815;f;33,57446808510638;51;15,04627659574468;1414,35;52;0,0
c_2816;f;24,82051282051282;21;42,543846153846154;1659,21;13;1,0
c_2817;m;62,0;2;15,066666666666665;45,199999999999996;3;0,0
c_2818;f;24,63157894736842;10;46,44684210526316;882,49;9;1,0
c_2819;f;55,916666666666664;11;18,447708333333335;885,49;18;0,0
c_282;f;24,666666666666668;26;39,79090909090909;1313,1;16;1,0
c_2820;m;22,636363636363637;25;49,79136363636364;2190,82;19;1,0
c_2821;m;74,6140350877193;43;17,83824561403509;1016,78;33;0,0
c_2822;m;69,92307692307692;10;15,311538461538463;199,05;7;0,0
c_2823;f;53,68217054263566;72;16,751007751937987;2160,88;61;0,0
c_2824;f;38,63157894736842;27;13,776842105263157;1047,04;41;0,0
c_2825;m;24,727272727272727;33;59,98431818181818;2639,31;21;1,0
c_2826;m;35,67256637168141;43;15,208230088495576;1718,53;56;0,0
c_2827;f;64,76086956521739;24;15,685217391304347;721,52;23;0,0
c_2828;f;34,79245283018868;23;11,346603773584906;601,37;27;0,0
c_2829;f;54,516129032258064;19;20,35741935483871;631,08;16;0,0
c_283;m;25,633333333333333;54;44,52811111111111;4007,5299999999997;40;1,0
c_2830;m;62,375;5;16,845;134,76;5;0,0
c_2831;m;18,82758620689655;20;44,642413793103444;1294,6299999999999;12;1,0
c_2832;m;39,80555555555556;37;12,495833333333334;1349,55;43;0,0
c_2833;f;46,645161290322584;27;14,20483870967742;880,7;26;0,0
c_2834;m;36,67857142857143;108;13,482261904761904;3397,5299999999997;129;0,0
c_2835;m;81,59016393442623;48;17,483934426229506;1066,52;32;0,0
c_2836;f;17,776119402985074;18;16,564925373134326;1109,85;29;1,0
c_2837;f;34,549019607843135;21;11,446666666666665;583,78;25;0,0
c_2838;f;20,666666666666668;14;23,343333333333334;840,36;14;1,0
c_2839;m;54,916666666666664;12;10,605;127,26;4;0,0
c_284;f;17,96969696969697;22;28,146363636363635;928,8299999999999;16;1,0
c_2840;f;32,69140625;93;13,7434765625;3518,33;110;0,0
c_2841;m;42,724137931034484;18;10,491379310344827;608,5;26;0,0
c_2842;f;17,9;10;15,066999999999998;150,67;3;0,0
c_2843;f;26,548387096774192;24;24,26854838709677;1504,6499999999999;29;1,0
c_2844;f;17,814814814814813;18;42,6925925925926;1152,7;14;1,0
c_2845;f;17,958333333333332;14;29,3875;705,3;11;1,0
c_2846;f;28,647058823529413;8;30,248823529411766;514,23;10;1,0
c_2847;f;23,0;6;82,82333333333334;496,94;3;1,0
c_2848;m;42,55263157894737;36;12,831315789473683;975,18;40;0,0
c_2849;m;32,768115942028984;50;13,09804347826087;1807,53;52;0,0
c_285;f;54,76086956521739;15;13,211739130434783;607,74;28;0,0
c_2850;m;68,73584905660377;22;17,234905660377358;913,45;19;0,0
c_2851;f;35,645833333333336;45;12,428854166666667;1193,17;43;0,0
c_2852;m;67,48648648648648;19;14,419999999999998;533,54;22;0,0
c_2853;m;42,71875;26;13,50671875;864,43;34;0,0
c_2854;m;17,69333333333333;20;16,820133333333334;1261,51;31;1,0
c_2855;f;51,63157894736842;11;9,390526315789474;178,42000000000002;9;0,0
c_2856;m;27,043478260869566;14;25,970869565217388;1194,6599999999999;18;1,0
c_2857;f;31,5;14;12,849642857142857;359,79;18;0,0
c_2858;f;35,60294117647059;94;14,190980392156863;2894,96;109;0,0
c_2859;f;30,71195652173913;81;12,69608695652174;2336,08;87;0,0
c_286;f;19,5;6;63,173333333333325;379,03999999999996;3;1,0
c_2860;m;60,695035460992905;108;17,238794326241134;2430,67;62;0,0
c_2861;m;30,668367346938776;95;14,93785714285714;2927,8199999999997;88;0,0
c_2862;m;24,0;7;45,94615384615384;597,3;5;1,0
c_2863;m;42,371428571428574;18;17,326285714285714;606,42;25;0,0
c_2864;f;19,789473684210527;32;56,87;2161,06;18;1,0
c_2865;m;41,642201834862384;48;12,118623853211009;1320,93;60;0,0
c_2866;f;29,77777777777778;6;36,59111111111111;329,32;4;1,0
c_2867;f;47,609375;25;12,42984375;795,51;28;0,0
c_2868;m;27,666666666666668;8;55,974666666666664;839,62;6;1,0
c_2869;m;33,675438596491226;43;12,826140350877193;1462,18;56;0,0
c_287;m;21,0;1;14,645;58,58;4;0,0
c_2870;m;57,629629629629626;12;10,773333333333333;290,88;11;0,0
c_2871;f;32,672413793103445;118;12,964525862068966;3007,77;113;0,0
c_2872;m;28,6;27;30,03688888888889;1351,66;21;1,0
c_2873;f;34,69565217391305;14;14,269565217391303;328,2;12;0,0
c_2874;f;47,69711538461539;85;13,081634615384615;2720,98;98;0,0
c_2875;m;47,666666666666664;89;13,277619047619048;3067,13;105;0,0
c_2876;f;29,76923076923077;37;36,33826923076923;1889,59;25;1,0
c_2877;m;34,68041237113402;46;14,677113402061856;1423,68;51;0,0
c_2878;m;62,63636363636363;27;14,349090909090908;473,52;15;0,0
c_2879;m;26,655172413793103;16;29,060689655172414;842,76;12;1,0
c_288;m;41,55670103092783;39;14,022680412371134;1360,2;54;0,0
c_2880;f;19,428571428571427;8;28,490000000000002;398,86;8;1,0
c_2881;m;29,5;6;30,72625;491,62;8;1,0
c_2882;f;24,6875;7;40,511874999999996;648,1899999999999;5;1,0
c_2883;f;49,8375;40;17,386;1390,8799999999999;37;0,0
c_2884;m;29,733333333333334;15;79,64066666666666;1194,61;5;1,0
c_2885;m;48,37837837837838;12;11,567297297297298;427,99;27;0,0
c_2886;m;51,602409638554214;64;17,323855421686748;1437,88;41;0,0
c_2887;f;33,52;11;28,87;721,75;13;1,0
c_2888;f;17,0;1;13,784285714285714;96,49;7;0,0
c_2889;m;54,744680851063826;21;14,220851063829787;668,38;19;0,0
c_289;f;26,615384615384617;27;54,69025641025641;2132,92;24;1,0
c_2890;f;39,5;39;12,480405405405405;923,55;41;0,0
c_2891;m;51,645161290322584;21;18,13532258064516;1124,3899999999999;27;0,0
c_2892;f;76,625;38;14,351249999999999;574,05;20;0,0
c_2893;f;21,7;4;61,924;619,24;5;1,0
c_2894;f;17,307692307692307;7;22,76923076923077;296,0;10;1,0
c_2895;m;58,84848484848485;28;25,14121212121212;829,66;13;0,0
c_2896;m;21,666666666666668;3;43,279999999999994;259,67999999999995;2;1,0
c_2897;f;32,58940397350993;63;14,176291390728476;2140,62;80;0,0
c_2898;f;23,626262626262626;38;38,58434343434343;3819,85;45;1,0
c_2899;f;27,82857142857143;69;49,65761904761905;5214,05;42;1,0
c_29;m;28,883116883116884;24;25,336363636363636;1950,8999999999999;27;1,0
c_290;m;36,68072289156626;61;13,060783132530121;2168,09;74;0,0
c_2900;m;42,704918032786885;115;13,48467213114754;3290,2599999999998;112;0,0
c_2901;f;72,89473684210526;23;17,30263157894737;657,5;18;0,0
c_2902;f;33,48148148148148;32;12,934938271604938;1047,73;46;0,0
c_2903;f;54,648648648648646;67;14,989189189189188;1663,8;50;0,0
c_2904;f;41,741379310344826;41;13,810172413793104;1601,98;54;0,0
c_2905;f;63,705882352941174;41;25,992941176470588;1767,52;35;0,0
c_2906;f;27,512820512820515;29;50,029999999999994;1951,1699999999998;19;1,0
c_2907;m;28,25;4;48,21;192,84;3;1,0
c_2908;m;39,65714285714286;14;11,989714285714285;419,64;18;0,0
c_2909;m;17,56;12;24,1404;603,51;14;1,0
c_291;f;41,63559322033898;40;11,777627118644068;1389,76;60;0,0
c_2910;f;23,75;31;44,970749999999995;1798,83;19;1,0
c_2911;f;19,516129032258064;23;30,53096774193548;946,4599999999999;16;1,0
c_2912;m;62,65151515151515;39;16,78181818181818;1107,6;36;0,0
c_2913;m;38,51162790697674;19;12,503488372093022;537,65;24;0,0
c_2914;f;41,708955223880594;47;14,441119402985073;1935,11;54;0,0
c_2915;f;32,58474576271186;46;13,24550847457627;1562,97;66;0,0
c_2916;m;54,656565656565654;59;16,387070707070706;1622,32;48;0,0
c_2917;m;33,67910447761194;113;14,431940298507461;3867,7599999999998;126;0,0
c_2918;m;45,65408805031446;71;14,52566037735849;2309,58;74;0,0
c_2919;m;52,6530612244898;73;17,251836734693878;1690,68;45;0,0
c_292;f;50,8421052631579;11;19,79;376,01;6;0,0
c_2920;m;33,50925925925926;44;13,010185185185184;1405,1;66;0,0
c_2921;f;63,625;41;18,131666666666664;870,3199999999999;21;0,0
c_2922;m;33,48192771084337;35;12,725060240963856;1056,18;50;0,0
c_2923;f;25,703703703703702;25;29,506666666666664;1593,36;27;1,0
c_2924;m;66,72727272727273;77;18,24772727272727;2007,25;54;0,0
c_2925;m;54,57142857142857;17;16,734761904761903;351,43;12;0,0
c_2926;f;30,603174603174605;27;12,705714285714286;800,46;32;0,0
c_2927;f;39,62068965517241;12;14,184482758620689;411,34999999999997;18;0,0
c_2928;f;79,58333333333333;10;20,546666666666667;246,56;5;0,0
c_2929;m;42,60674157303371;32;14,316516853932583;1274,1699999999998;44;0,0
c_293;m;25,525;27;40,751;1630,04;21;1,0
c_2930;f;47,5;18;11,504318181818181;506,19;30;0,0
c_2931;f;26,833333333333332;6;35,39;212,34;2;1,0
c_2932;m;23,714285714285715;17;43,30904761904761;909,4899999999999;11;1,0
c_2933;m;59,586666666666666;35;14,331199999999999;1074,84;44;0,0
c_2934;m;62,80434782608695;19;19,909130434782607;915,8199999999999;17;0,0
c_2935;m;63,68;14;13,691199999999998;342,28;14;0,0
c_2936;m;40,729729729729726;22;14,274054054054053;1056,28;31;0,0
c_2937;m;22,4;3;16,338;81,69;3;0,0
c_2938;f;54,625;12;13,42875;214,86;6;0,0
c_2939;f;34,52671755725191;46;12,341832061068702;1616,78;74;0,0
c_294;m;17,615384615384617;39;38,49923076923077;2001,96;26;1,0
c_2940;f;39,57142857142857;47;16,183458646616543;2152,4;68;0,0
c_2941;m;41,69444444444444;18;17,561111111111114;632,2;20;0,0
c_2942;m;61,763636363636365;84;19,93618181818182;2192,98;45;0,0
c_2943;m;45,67883211678832;49;13,21963503649635;1811,09;56;0,0
c_2944;m;56,8125;15;15,923124999999999;254,76999999999998;7;0,0
c_2945;f;53,333333333333336;13;19,48190476190476;409,12;15;0,0
c_2946;m;50,68571428571428;16;18,28542857142857;639,99;17;0,0
c_2947;f;30,157894736842106;12;31,01631578947368;589,31;9;1,0
c_2948;f;26,875;8;26,51375;212,11;3;1,0
c_2949;f;23,647058823529413;11;38,56705882352941;655,64;9;1,0
c_295;m;38,750972762645915;106;12,605369649805446;3239,58;110;0,0
c_2950;m;17,458333333333332;12;30,1975;724,74;13;1,0
c_2951;m;48,75;97;14,099429824561405;3214,67;97;0,0
c_2952;m;57,59649122807018;83;16,08736842105263;1833,96;59;0,0
c_2953;f;19,714285714285715;14;20,607857142857142;288,51;6;1,0
c_2954;f;51,57446808510638;39;15,510425531914894;728,99;26;0,0
c_2955;m;56,0;6;20,50583333333333;492,14;7;0,0
c_2956;m;27,973684210526315;18;40,25;1529,5;13;1,0
c_2957;f;20,789473684210527;16;57,68473684210526;1096,01;9;1,0
c_2958;f;26,714285714285715;15;73,3;1539,3;9;1,0
c_2959;m;57,81578947368421;53;15,762105263157896;1197,92;34;0,0
c_296;m;17,456521739130434;19;19,26;885,96;31;1,0
c_2960;m;35,75912408759124;61;11,36;1556,32;58;0,0
c_2961;m;50,678899082568805;83;15,395045871559633;1678,06;51;0,0
c_2962;m;59,84090909090909;23;14,8125;651,75;18;0,0
c_2963;f;64,66326530612245;88;17,723265306122446;1736,8799999999999;45;0,0
c_2964;f;72,52631578947368;13;16,215263157894736;308,09;11;0,0
c_2965;f;66,93103448275862;8;9,794137931034482;284,03;10;0,0
c_2966;f;24,78846153846154;23;32,441153846153846;1686,94;24;1,0
c_2967;m;55,75757575757576;10;19,704848484848483;650,26;13;0,0
c_2968;m;58,733333333333334;38;17,895555555555553;805,3;21;0,0
c_2969;m;42,63768115942029;27;13,597826086956522;938,25;34;0,0
c_297;m;19,782608695652176;36;37,70391304347826;2601,5699999999997;36;1,0
c_2970;m;74,76923076923077;11;12,454615384615384;323,82;10;0,0
c_2971;m;26,666666666666668;22;29,662444444444443;1334,81;21;1,0
c_2972;m;44,78481012658228;31;12,814050632911393;1012,3100000000001;37;0,0
c_2973;m;27,608695652173914;10;41,18695652173913;947,3;11;1,0
c_2974;f;65,734375;35;16,53703125;1058,37;31;0,0
c_2975;f;29,408450704225352;32;21,53845070422535;1529,23;42;0,0
c_2976;f;72,6;8;11,827;118,27;8;0,0
c_2977;m;19,0;5;18,587;185,87;10;1,0
c_2978;f;44,675438596491226;97;11,941491228070175;2722,66;110;0,0
c_2979;m;48,80898876404494;37;14,891797752808987;1325,37;39;0,0
c_298;f;18,0;11;24,167391304347827;555,85;8;1,0
c_2980;m;49,676923076923075;22;12,743384615384615;828,3199999999999;31;0,0
c_2981;f;30,48507462686567;58;12,332164179104478;1652,51;76;0,0
c_2982;f;31,628205128205128;128;13,726121794871796;4282,55;138;0,0
c_2983;m;39,88405797101449;30;13,247246376811594;914,06;27;0,0
c_2984;f;46,69465648854962;53;13,615419847328244;1783,62;61;0,0
c_2985;m;57,63157894736842;17;16,896842105263158;321,04;10;0,0
c_2986;m;56,8;16;20,0536;501,34;11;0,0
c_2987;m;51,833333333333336;27;17,006333333333334;1020,38;28;0,0
c_2988;f;34,8125;5;14,79375;236,7;8;0,0
c_2989;f;18,764705882352942;26;73,81382352941176;2509,67;15;1,0
c_299;f;29,608695652173914;21;24,7;1136,2;24;1,0
c_2990;m;45,34375;12;11,3321875;362,63;21;0,0
c_2991;m;34,66023166023166;115;13,56046332046332;3512,16;116;0,0
c_2992;f;47,70967741935484;21;13,824677419354838;857,13;37;0,0
c_2993;m;57,49425287356322;65;17,05448275862069;1483,74;50;0,0
c_2994;m;48,736363636363635;43;15,07390909090909;1658,1299999999999;54;0,0
c_2995;f;33,666666666666664;41;11,681111111111111;1156,43;45;0,0
c_2996;m;41,58571428571429;108;12,285321428571429;3439,89;133;0,0
c_2997;m;43,52542372881356;79;14,248022598870056;2521,9;96;0,0
c_2998;m;18,976190476190474;23;47,77047619047619;2006,36;13;1,0
c_2999;m;58,77272727272727;17;16,13090909090909;354,88;11;0,0
c_3;m;42,47826086956522;35;14,16391304347826;977,31;38;0,0
c_30;f;21,526315789473685;13;43,52736842105263;827,02;12;1,0
c_300;f;26,55;9;24,1775;483,54999999999995;12;1,0
c_3000;f;36,68803418803419;111;14,31448717948718;3349,59;114;0,0
c_3001;f;54,5;6;18,15625;145,25;5;0,0
c_3002;m;42,69736842105263;31;14,302894736842106;1087,02;33;0,0
c_3003;f;22,615384615384617;20;60,27076923076923;1567,04;13;1,0
c_3004;m;17,666666666666668;35;34,676833333333335;2080,61;27;1,0
c_3005;f;49,5;59;11,931370967741936;1479,49;69;0,0
c_3006;m;30,796875;30;15,20875;973,36;28;0,0
c_3007;f;29,384615384615383;6;16,403846153846153;213,25;10;0,0
c_3008;f;18,3;7;45,589999999999996;455,9;7;1,0
c_3009;m;17,6;19;34,855000000000004;1045,65;17;1,0
c_301;f;17,76923076923077;8;35,75923076923077;464,87;5;1,0
c_3010;f;34,75714285714286;32;13,832857142857142;968,3;29;0,0
c_3011;m;25,69333333333333;53;52,587066666666665;3944,0299999999997;30;1,0
c_3012;f;38,76923076923077;19;12,36153846153846;482,09999999999997;18;0,0
c_3013;f;21,666666666666668;43;34,62957264957265;4051,66;47;1,0
c_3014;m;51,62820512820513;49;16,02846153846154;1250,22;40;0,0
c_3015;f;23,523809523809526;13;36,242380952380955;761,09;15;1,0
c_3016;f;24,58823529411765;11;40,141176470588235;682,4;9;1,0
c_3018;f;53,583333333333336;12;14,338333333333333;172,06;6;0,0
c_3019;f;29,333333333333332;8;32,82833333333333;590,91;13;1,0
c_302;f;20,689655172413794;39;35,950172413793105;2085,11;23;1,0
c_3020;m;60,625;20;12,9865625;415,57;18;0,0
c_3021;f;67,8;48;17,642857142857142;1235,0;30;0,0
c_3022;f;37,6625;93;15,448041666666665;3707,5299999999997;102;0,0
c_3023;m;51,714285714285715;12;24,986666666666668;524,72;8;0,0
c_3024;f;28,5;4;44,99;179,96;2;1,0
c_3025;m;34,904564315352694;76;13,127178423236515;3163,65;89;0,0
c_3026;m;53,0;5;19,405714285714286;135,84;3;0,0
c_3027;m;22,807692307692307;14;29,94;778,44;12;1,0
c_3028;f;42,732394366197184;119;13,098169014084508;4649,85;132;0,0
c_3029;f;44,60818713450293;74;13,503684210526316;2309,13;92;0,0
c_303;f;29,25;6;38,678333333333335;464,14;8;1,0
c_3030;m;32,655072463768114;134;13,79431884057971;4759,04;165;0,0
c_3031;f;47,61818181818182;62;14,084000000000001;2323,86;79;0,0
c_3032;m;35,83754512635379;94;13,48173285198556;3734,44;103;0,0
c_3033;f;26,457142857142856;19;47,21771428571428;1652,62;20;1,0
c_3034;f;40,62068965517241;30;11,948965517241378;693,04;27;0,0
c_3035;m;57,636986301369866;91;15,575479452054795;2274,02;70;0,0
c_3036;m;59,7037037037037;20;15,866666666666665;428,4;16;0,0
c_3037;m;72,68987341772151;117;17,889430379746837;2826,53;72;0,0
c_3038;m;20,0;3;58,163333333333334;174,49;2;1,0
c_3039;f;58,4;5;16,2124;405,31;15;0,0
c_304;f;33,55555555555556;49;14,469145299145298;1692,8899999999999;61;0,0
c_3040;f;49,421052631578945;8;18,423684210526318;350,05;11;0,0
c_3041;f;25,76;15;29,3764;734,41;12;1,0
c_3042;f;61,48275862068966;15;14,426206896551724;418,36;20;0,0
c_3043;m;54,83870967741935;18;21,892258064516128;678,66;14;0,0
c_3044;m;38,734375;30;15,423281249999999;987,0899999999999;31;0,0
c_3045;m;24,71875;23;45,995;1471,84;17;1,0
c_3046;f;63,526315789473685;46;14,55280701754386;829,51;28;0,0
c_3047;f;52,526315789473685;29;17,033947368421053;647,29;21;0,0
c_3048;m;78,57575757575758;34;15,478636363636364;1021,59;37;0,0
c_3049;m;53,651162790697676;34;15,694186046511629;674,85;23;0,0
c_305;f;25,333333333333332;3;32,32333333333333;96,97;2;1,0
c_3050;f;34,57142857142857;23;13,735873015873016;865,36;35;0,0
c_3051;f;40,916666666666664;14;15,288333333333332;366,91999999999996;9;0,0
c_3052;m;53,76923076923077;41;17,16057692307692;892,3499999999999;23;0,0
c_3053;f;28,806451612903224;15;37,067096774193544;1149,08;13;1,0
c_3054;f;36,855421686746986;40;12,694819277108435;1053,67;40;0,0
c_3055;m;28,785714285714285;33;48,616249999999994;2722,5099999999998;27;1,0
c_3056;m;55,0;6;16,419999999999998;98,52;2;0,0
c_3057;m;21,848484848484848;23;45,31969696969697;1495,55;13;1,0
c_3058;m;63,2;5;21,637999999999998;108,19;2;0,0
c_3059;f;59,0625;18;17,5175;560,56;12;0,0
c_306;f;34,55357142857143;23;10,710714285714285;599,8;25;0,0
c_3060;m;50,67123287671233;63;14,478630136986302;1056,94;38;0,0
c_3061;f;73,54838709677419;75;18,76311827956989;1744,97;55;0,0
c_3062;f;29,642857142857142;10;39,17;548,38;10;1,0
c_3063;f;30,0;13;49,43;1235,75;7;1,0
c_3064;m;65,72;43;14,906266666666667;1117,97;31;0,0
c_3065;f;44,83098591549296;29;14,302112676056337;1015,4499999999999;31;0,0
c_3066;m;31,653061224489797;24;11,164897959183675;547,08;20;0,0
c_3067;f;28,047619047619047;9;29,024285714285714;609,51;7;1,0
c_3068;m;31,568627450980394;23;13,021960784313725;664,12;29;0,0
c_3069;m;64,81818181818181;17;21,38090909090909;940,76;20;0,0
c_307;f;70,96969696969697;18;13,28969696969697;438,56;12;0,0
c_3070;m;36,559322033898304;62;14,706186440677966;1735,33;68;0,0
c_3071;f;42,611111111111114;37;13,01361111111111;936,98;35;0,0
c_3072;f;31,684426229508198;96;12,696803278688524;3098,02;114;0,0
c_3073;m;45,567567567567565;18;13,64864864864865;505,0;16;0,0
c_3074;m;21,6;23;26,347500000000004;1053,9;25;1,0
c_3075;m;45,54871794871795;85;14,10897435897436;2751,25;105;0,0
c_3076;m;30,685185185185187;26;12,472962962962962;673,54;27;0,0
c_3077;f;43,46666666666667;11;11,834;355,02;18;0,0
c_3078;m;87,67857142857143;62;16,782738095238095;1409,75;38;0,0
c_3079;m;64,76923076923077;43;15,018461538461537;780,9599999999999;26;0,0
c_308;f;17,836734693877553;39;58,80612244897959;2881,5;19;1,0
c_3080;m;20,64;5;23,0084;575,21;9;1,0
c_3081;m;17,545454545454547;8;27,879090909090905;306,66999999999996;6;1,0
c_3082;m;51,642276422764226;99;18,431626016260164;2267,09;65;0,0
c_3083;f;80,76595744680851;67;16,064574468085105;1510,07;46;0,0
c_3084;m;77,73809523809524;35;20,375;855,75;19;0,0
c_3085;f;41,70697674418604;87;12,51506976744186;2690,74;90;0,0
c_3086;m;38,43589743589744;17;15,195641025641025;592,63;24;0,0
c_3087;f;39,6768558951965;99;13,80890829694323;3162,24;102;0,0
c_3088;f;20,770491803278688;36;40,3083606557377;2458,81;26;1,0
c_3089;f;17,625;14;83,13916666666667;1995,3400000000001;10;1,0
c_309;f;64,6015625;96;16,986015625;2174,21;63;0,0
c_3090;f;47,69968051118211;127;13,115079872204472;4105,0199999999995;135;0,0
c_3091;m;44,68862275449102;74;12,451616766467067;2079,42;73;0,0
c_3092;m;38,644444444444446;38;13,895777777777777;1250,62;52;0,0
c_3093;f;31,6875;23;10,640416666666667;510,74;25;0,0
c_3094;f;24,555555555555557;6;37,586666666666666;338,28;4;1,0
c_3095;m;40,88;22;10,816200000000002;540,8100000000001;19;0,0
c_3096;f;75,42857142857143;6;14,723571428571429;206,13;8;0,0
c_3097;f;81,63636363636364;16;14,525454545454545;319,56;10;0,0
c_3098;m;42,687150837988824;80;12,3336312849162;2207,72;84;0,0
c_3099;m;23,22222222222222;9;19,366666666666664;348,59999999999997;6;1,0
c_31;m;35,80555555555556;14;14,34222222222222;516,3199999999999;13;0,0
c_310;f;40,78846153846154;16;11,705;608,66;25;0,0
c_3100;f;47,56;20;18,0936;904,68;26;0,0
c_3101;m;72,74509803921569;86;15,869509803921568;1618,69;45;0,0
c_3102;m;57,62686567164179;44;15,042388059701493;1007,84;31;0,0
c_3103;f;40,76190476190476;15;15,327619047619047;321,88;9;0,0
c_3104;m;36,66009852216749;85;12,566059113300492;2550,91;96;0,0
c_3105;m;33,737226277372265;50;13,103868613138687;1795,23;61;0,0
c_3106;m;59,60655737704918;30;17,654590163934426;1076,93;29;0,0
c_3107;m;35,689655172413794;46;12,285172413793102;1425,08;54;0,0
c_3108;m;65,8;25;16,8476;421,19;9;0,0
c_3109;m;19,725490196078432;14;23,927647058823528;1220,31;21;1,0
c_311;f;68,58666666666667;55;17,7068;1328,01;36;0,0
c_3110;f;44,71764705882353;36;13,738823529411764;1167,8;33;0,0
c_3111;m;40,723076923076924;46;18,04923076923077;2346,4;56;0,0
c_3112;m;53,18181818181818;11;15,216363636363637;334,76;19;0,0
c_3113;m;57,66101694915254;106;16,6028813559322;1959,1399999999999;59;0,0
c_3114;m;51,333333333333336;5;11,924999999999999;71,55;4;0,0
c_3115;f;24,875;4;56,027499999999996;448,21999999999997;3;1,0
c_3116;f;48,67777777777778;47;12,84088888888889;1155,68;44;0,0
c_3117;f;49,56190476190476;40;10,518952380952381;1104,49;48;0,0
c_3118;f;21,789473684210527;30;51,581842105263156;1960,11;16;1,0
c_3119;m;20,764705882352942;11;58,36882352941176;992,27;8;1,0
c_312;f;21,842105263157894;16;46,473684210526315;883,0;8;1,0
c_3120;m;55,666666666666664;61;17,152564102564103;1337,9;37;0,0
c_3121;m;22,62962962962963;23;42,94481481481481;1159,51;12;1,0
c_3122;f;29,763157894736842;20;40,42947368421053;1536,32;16;1,0
c_3123;m;23,692307692307693;10;22,711923076923078;590,51;11;1,0
c_3124;m;38,6640625;101;12,2258203125;3129,81;116;0,0
c_3125;m;31,69047619047619;35;12,9834126984127;1635,91;50;0,0
c_3126;f;35,74242424242424;19;12,791515151515151;844,24;28;0,0
c_3127;m;46,8235294117647;6;16,014705882352942;272,25;10;0,0
c_3128;f;52,62105263157895;63;15,04778947368421;1429,54;47;0,0
c_3129;f;39,5;38;12,869117647058824;875,1;39;0,0
c_313;f;34,592592592592595;12;13,354444444444445;360,57;16;0,0
c_3130;m;44,71052631578947;30;15,433157894736842;1172,92;36;0,0
c_3131;f;75,75892857142857;79;18,226071428571426;2041,32;49;0,0
c_3132;f;23,48;20;55,081199999999995;1377,03;16;1,0
c_3133;m;49,54545454545455;32;12,771249999999998;1123,87;51;0,0
c_3134;m;19,864864864864863;18;35,943513513513516;1329,91;14;1,0
c_3135;f;38,58450704225352;49;13,915070422535212;1975,94;74;0,0
c_3136;f;37,0;2;14,6775;176,13;12;0,0
c_3137;m;32,776315789473685;33;13,495131578947367;1025,6299999999999;31;0,0
c_3138;m;54,71910112359551;59;20,063932584269665;1785,69;36;0,0
c_3139;f;26,894736842105264;7;27,962631578947367;531,29;7;1,0
c_314;f;80,70833333333333;16;16,232499999999998;389,58;12;0,0
c_3140;f;19,64;11;36,8796;921,99;12;1,0
c_3141;f;35,8125;35;12,126000000000001;970,08;36;0,0
c_3142;m;17,724137931034484;18;47,615517241379315;1380,8500000000001;14;1,0
c_3143;f;53,67213114754098;56;15,204262295081966;927,4599999999999;32;0,0
c_3144;f;52,64;80;15,69824;1962,28;63;0,0
c_3145;f;26,775;28;49,759;1990,36;17;1,0
c_3146;m;57,71851851851852;105;19,854518518518518;2680,3599999999997;57;0,0
c_3147;f;44,6530612244898;20;14,727142857142857;721,63;25;0,0
c_3148;m;28,580645161290324;16;43,0358064516129;1334,11;12;1,0
c_3149;m;44,46774193548387;30;15,153870967741934;939,54;33;0,0
c_315;m;50,6015625;102;16,247265625;2079,65;65;0,0
c_3150;m;51,68852459016394;52;17,328688524590163;1057,05;31;0,0
c_3151;f;23,56;13;27,4004;685,01;11;1,0
c_3152;f;49,63392857142857;103;12,543125;2809,66;108;0,0
c_3153;f;40,75;63;13,513951612903226;1675,73;58;0,0
c_3154;f;39,55813953488372;24;14,885581395348838;640,08;23;0,0
c_3155;m;25,666666666666668;15;39,81333333333333;716,64;10;1,0
c_3156;m;43,60843373493976;74;11,920361445783133;1978,78;88;0,0
c_3157;f;84,86792452830188;15;16,38433962264151;868,37;23;0,0
c_3158;f;23,658536585365855;29;62,42048780487804;2559,24;21;1,0
c_3159;m;50,75;6;28,74;229,92;4;0,0
c_316;f;55,59016393442623;50;16,518196721311472;1007,6099999999999;34;0,0
c_3160;f;39,81818181818182;5;11,547272727272729;127,02000000000001;5;0,0
c_3161;f;31,642857142857142;14;16,038214285714286;449,07;14;0,0
c_3162;f;58,60526315789474;46;17,08342105263158;1298,34;38;0,0
c_3163;f;49,641304347826086;76;13,696630434782607;2520,18;88;0,0
c_3164;m;43,46875;15;11,8475;379,12;18;0,0
c_3165;f;26,516129032258064;14;29,919032258064515;927,49;17;1,0
c_3166;m;49,63333333333333;71;13,077066666666667;1961,56;82;0,0
c_3167;f;56,51063829787234;26;18,278936170212766;859,11;26;0,0
c_3168;f;57,73170731707317;35;18,49170731707317;758,16;18;0,0
c_3169;f;42,607142857142854;10;12,061785714285715;337,73;14;0,0
c_317;f;23,657894736842106;8;40,205789473684206;1527,82;13;1,0
c_3170;f;51,61764705882353;60;15,987352941176471;1630,71;50;0,0
c_3171;f;31,548780487804876;42;12,71670731707317;1042,77;37;0,0
c_3172;f;43,75;67;15,057121212121212;1987,54;61;0,0
c_3173;m;74,66666666666667;4;12,383333333333333;74,3;3;0,0
c_3174;m;20,5;3;38,980000000000004;155,92000000000002;3;1,0
c_3175;m;49,76923076923077;40;11,680641025641027;911,09;35;0,0
c_3176;m;28,58823529411765;34;37,9335294117647;1934,61;23;1,0
c_3177;m;43,80612244897959;27;15,227448979591836;1492,29;40;0,0
c_3178;f;28,571428571428573;17;17,751142857142856;621,29;19;0,0
c_3179;f;27,526315789473685;11;57,2042105263158;1086,88;9;1,0
c_318;f;71,65217391304348;19;12,776086956521738;293,84999999999997;11;0,0
c_3180;f;64,70370370370371;20;15,316296296296297;413,54;14;0,0
c_3181;m;25,4;18;56,092;1682,76;20;1,0
c_3182;f;17,727272727272727;9;21,724545454545453;716,91;10;1,0
c_3183;m;37,7027027027027;81;12,922702702702702;2390,7;78;0,0
c_3184;m;57,63414634146341;37;15,79951219512195;647,78;22;0,0
c_3185;m;17,73913043478261;21;77,59826086956522;1784,76;9;1,0
c_3186;m;23,6;9;50,141999999999996;501,41999999999996;6;1,0
c_3187;m;25,571428571428573;12;43,01857142857143;602,26;7;1,0
c_3188;f;40,66115702479339;105;13,275495867768596;3212,67;116;0,0
c_3189;f;54,6231884057971;48;16,801159420289856;1159,28;28;0,0
c_319;m;49,729166666666664;56;11,856770833333334;1138,25;49;0,0
c_3190;f;34,64705882352941;7;14,11176470588235;239,89999999999998;12;0,0
c_3191;f;37,3968253968254;30;15,265396825396826;961,72;40;0,0
c_3192;f;29,526315789473685;12;61,533157894736846;1169,13;11;1,0
c_3193;f;43,696969696969695;36;13,097272727272726;864,42;34;0,0
c_3194;m;47,6625;35;10,431875;834,55;40;0,0
c_3195;m;17,652173913043477;16;18,717391304347824;861,0;29;1,0
c_3196;f;63,559322033898304;40;18,53593220338983;1093,62;33;0,0
c_3197;m;71,71428571428571;6;12,62142857142857;88,35;5;0,0
c_3198;f;17,82;37;42,052600000000005;2102,63;17;1,0
c_3199;f;78,65384615384616;66;18,18096153846154;1890,82;48;0,0
c_32;m;34,72727272727273;111;11,69520979020979;3344,83;133;0,0
c_320;m;68,72058823529412;34;14,121911764705882;960,29;26;0,0
c_3200;m;33,674418604651166;15;12,041860465116278;517,8;21;0,0
c_3201;f;34,656976744186046;72;12,147616279069767;2089,39;81;0,0
c_3202;m;67,61688311688312;88;17,427402597402597;2683,82;72;0,0
c_3203;m;56,672413793103445;42;16,750344827586208;971,52;30;0,0
c_3204;f;20,76;14;57,70439999999999;1442,61;12;1,0
c_3205;m;27,23076923076923;20;25,695;668,07;8;1,0
c_3206;m;62,89333333333333;29;16,42;1231,5;25;0,0
c_3207;f;73,5;2;11,879999999999999;118,8;5;0,0
c_3208;f;66,7560975609756;19;20,134146341463413;825,5;24;0,0
c_3209;f;39,67368421052632;45;13,43357894736842;1276,19;49;0,0
c_321;m;48,601851851851855;84;11,27925925925926;2436,32;110;0,0
c_3210;f;38,75555555555555;47;15,314444444444444;1378,3;36;0,0
c_3211;m;30,692307692307693;37;17,625213675213676;2062,15;49;0,0
c_3212;f;66,67924528301887;21;16,265283018867922;862,06;23;0,0
c_3213;m;18,692307692307693;9;28,596923076923076;743,52;16;1,0
c_3214;m;22,875;13;37,12375;593,98;8;1,0
c_3215;m;17,615384615384617;43;37,69092307692308;2449,91;31;1,0
c_3216;m;62,666666666666664;55;16,742361111111112;1205,45;33;0,0
c_3217;m;51,36363636363637;10;18,629545454545454;409,84999999999997;15;0,0
c_3218;f;91,66666666666667;6;11,581666666666665;69,49;3;0,0
c_3219;m;48,68604651162791;114;13,010077519379845;3356,6;118;0,0
c_322;f;40,6;5;12,947999999999999;129,48;6;0,0
c_3220;m;42,470588235294116;18;13,736470588235292;467,03999999999996;19;0,0
c_3221;m;50,69512195121951;47;20,17853658536585;1654,6399999999999;36;0,0
c_3222;f;52,666666666666664;12;18,718333333333334;224,62;5;0,0
c_3223;m;50,8125;21;18,5384375;593,23;15;0,0
c_3224;m;26,72093023255814;26;55,8253488372093;2400,49;20;1,0
c_3225;f;27,466666666666665;19;48,39533333333333;1451,86;17;1,0
c_3226;m;23,72972972972973;21;39,83378378378378;1473,85;20;1,0
c_3227;m;22,72222222222222;9;32,053333333333335;576,96;10;1,0
c_3228;f;43,5;8;11,862222222222222;213,51999999999998;9;0,0
c_3229;f;57,9;15;18,257333333333335;547,72;9;0,0
c_323;f;82,62790697674419;28;15,534883720930232;668,0;21;0,0
c_3230;m;17,90909090909091;5;43,67909090909091;480,46999999999997;6;1,0
c_3231;f;22,82894736842105;32;18,10657894736842;1376,1;26;0,0
c_3232;m;50,53521126760563;50;17,990281690140844;1277,31;35;0,0
c_3233;f;55,6;26;14,166400000000001;708,32;25;0,0
c_3234;f;43,670731707317074;86;13,012621951219513;2134,07;79;0,0
c_3235;m;50,7593984962406;99;17,81451127819549;2369,33;58;0,0
c_3236;f;54,70542635658915;97;18,09472868217054;2334,22;58;0,0
c_3237;f;54,710144927536234;47;20,05463768115942;1383,77;30;0,0
c_3238;f;26,5;9;39,36857142857143;551,16;8;1,0
c_3239;f;37,6566265060241;71;13,220361445783132;2194,58;79;0,0
c_324;f;58,75;8;23,52375;188,19;3;0,0
c_3240;f;72,65432098765432;59;16,492345679012345;1335,8799999999999;39;0,0
c_3241;f;17,53846153846154;11;58,139230769230764;1511,62;15;1,0
c_3242;m;67,72222222222223;18;16,43277777777778;295,79;7;0,0
c_3243;m;18,6;13;26,715666666666664;801,4699999999999;18;1,0
c_3244;m;47,714285714285715;40;20,486806722689074;2437,93;51;0,0
c_3245;f;27,6875;37;27,758375;2220,67;33;1,0
c_3246;m;52,56521739130435;13;14,695652173913043;338,0;12;0,0
c_3247;f;48,85401459854015;51;14,225839416058395;1948,94;59;0,0
c_3248;m;51,793103448275865;22;18,176896551724138;527,13;12;0,0
c_3249;f;39,51648351648352;41;13,036043956043956;1186,28;54;0,0
c_325;m;45,7972972972973;42;13,675945945945946;1012,02;30;0,0
c_3250;f;41,5398773006135;70;12,56638036809816;2048,32;96;0,0
c_3251;f;19,575757575757574;23;30,516666666666666;1007,05;16;1,0
c_3252;m;69,61538461538461;21;17,47153846153846;454,26;13;0,0
c_3253;f;62,632;96;20,145439999999997;2518,18;64;0,0
c_3254;f;46,74285714285714;13;16,974857142857143;594,12;17;0,0
c_3255;f;24,48780487804878;11;23,509756097560974;963,9;22;1,0
c_3256;f;17,5;20;48,90454545454545;1075,8999999999999;12;1,0
c_3257;f;51,642857142857146;30;17,927142857142854;752,9399999999999;25;0,0
c_3258;m;25,789473684210527;17;27,99631578947368;1063,86;15;1,0
c_3259;m;59,44444444444444;21;17,686944444444446;636,73;22;0,0
c_326;f;35,64900662251656;60;15,709006622516556;2372,06;71;0,0
c_3260;f;74,25;9;12,446666666666667;149,36;9;0,0
c_3261;m;63,375;8;25,69125;205,53;5;0,0
c_3262;f;17,666666666666668;18;31,23095238095238;655,85;11;1,0
c_3263;f;36,67245657568238;143;13,093970223325062;5276,87;171;0,0
c_3264;f;44,70860927152318;66;12,927549668874171;1952,06;71;0,0
c_3265;f;38,80769230769231;28;10,602307692307694;551,32;23;0,0
c_3266;f;71,68181818181819;10;12,215000000000002;268,73;10;0,0
c_3267;f;23,763157894736842;27;35,64394736842105;1354,47;16;1,0
c_3268;m;58,735849056603776;25;14,031320754716981;743,66;27;0,0
c_3269;f;29,658536585365855;21;27,860243902439024;1142,27;19;1,0
c_327;m;35,50561797752809;36;11,478089887640449;1021,55;54;0,0
c_3270;f;41,65876777251185;82;12,489099526066349;2635,2;107;0,0
c_3271;f;71,72222222222223;15;15,293333333333331;275,28;10;0,0
c_3272;m;22,6;12;37,149;742,98;9;1,0
c_3273;m;53,607142857142854;20;14,198214285714286;397,55;15;0,0
c_3274;m;49,736666666666665;115;11,652766666666666;3495,83;121;0,0
c_3275;m;63,5;27;14,037647058823529;477,28;19;0,0
c_3276;m;39,62280701754386;43;13,021052631578947;1484,3999999999999;48;0,0
c_3277;f;59,85333333333333;41;21,074133333333332;1580,56;35;0,0
c_3278;f;37,892857142857146;20;12,172857142857142;681,68;23;0,0
c_3279;f;46,5968992248062;50;12,898837209302325;1663,95;62;0,0
c_328;f;41,75757575757576;15;11,487272727272726;379,08;14;0,0
c_3280;m;26,842105263157894;28;40,40508771929825;2303,09;27;1,0
c_3281;m;48,55357142857143;22;13,421071428571429;751,58;29;0,0
c_3282;f;55,7027027027027;28;12,894864864864866;477,11;15;0,0
c_3283;m;64,76470588235294;16;16,85705882352941;286,57;7;0,0
c_3284;m;69,57142857142857;22;17,187857142857144;481,26;17;0,0
c_3285;m;32,58139534883721;105;13,50339534883721;2903,23;106;0,0
c_3286;m;40,584070796460175;47;16,503097345132744;1864,85;58;0,0
c_3287;m;40,72727272727273;44;13,681515151515152;1354,47;50;0,0
c_3288;m;39,62;52;13,110199999999999;1311,02;49;0,0
c_3289;f;67,7764705882353;73;20,908823529411766;1777,25;45;0,0
c_329;f;54,904761904761905;35;17,983174603174604;1132,94;23;0,0
c_3290;m;24,647058823529413;37;84,36215686274511;4302,47;22;1,0
c_3291;f;26,65979381443299;48;24,75360824742268;2401,1;43;1,0
c_3292;m;57,75;4;20,715;82,86;2;0,0
c_3293;m;46,4390243902439;13;14,11560975609756;578,74;27;0,0
c_3294;f;51,67032967032967;73;14,146923076923075;1287,37;41;0,0
c_3295;m;17,745454545454546;36;50,08018181818181;2754,41;25;1,0
c_3296;f;65,75342465753425;50;17,19123287671233;1254,96;29;0,0
c_3297;f;46,8391959798995;81;12,820954773869346;2551,37;82;0,0
c_3298;m;63,73770491803279;53;15,792622950819673;963,35;30;0,0
c_3299;m;22,0;1;15,785;63,14;4;0,0
c_33;m;39,663716814159294;48;13,952743362831859;1576,66;57;0,0
c_330;m;68,72463768115942;82;15,965;2203,17;53;0,0
c_3300;f;37,654545454545456;83;11,968954545454546;2633,17;96;0,0
c_3301;f;31,666666666666668;91;13,1136329588015;3501,34;131;0,0
c_3302;f;69,74074074074075;27;13,216666666666665;356,84999999999997;13;0,0
c_3303;m;48,885714285714286;11;14,370571428571427;502,96999999999997;18;0,0
c_3304;f;32,74193548387097;70;14,31258064516129;1774,76;53;0,0
c_3305;f;35,671052631578945;66;13,025789473684211;1979,92;70;0,0
c_3306;m;29,571428571428573;9;59,83428571428572;837,6800000000001;9;1,0
c_3307;m;69,81818181818181;16;18,029090909090908;396,64;10;0,0
c_3308;f;30,0;1;7,010000000000001;21,03;3;0,0
c_3309;f;52,6;28;14,811666666666666;444,34999999999997;17;0,0
c_331;m;43,64102564102564;15;11,561538461538461;450,9;21;0,0
c_3310;f;75,73529411764706;24;17,103235294117646;581,51;18;0,0
c_3311;f;21,7;18;38,768;1163,04;14;1,0
c_3312;m;81,97142857142858;33;11,467428571428572;401,36;14;0,0
c_3313;m;21,73469387755102;30;56,64163265306122;2775,44;18;1,0
c_3314;f;56,523809523809526;28;16,302063492063493;1027,03;34;0,0
c_3315;m;49,794117647058826;11;15,317647058823528;520,8;15;0,0
c_3316;m;55,285714285714285;10;23,825;333,55;10;0,0
c_3317;f;49,66831683168317;92;13,302920792079208;2687,19;92;0,0
c_3318;m;25,7;7;38,485;384,85;4;1,0
c_3319;f;73,46153846153847;9;15,277692307692309;198,61;8;0,0
c_332;f;48,675409836065576;116;12,316524590163935;3756,54;137;0,0
c_3320;m;45,5948275862069;64;13,759224137931033;1596,07;57;0,0
c_3321;f;33,608108108108105;24;12,717972972972973;941,13;40;0,0
c_3322;f;21,61904761904762;21;26,414285714285718;1109,4;20;1,0
c_3323;m;55,71764705882353;57;17,93305882352941;1524,31;43;0,0
c_3324;f;60,708333333333336;21;16,89125;405,39;12;0,0
c_3325;m;35,685;83;14,09945;2819,89;87;0,0
c_3326;m;22,466666666666665;13;23,400666666666666;702,02;21;1,0
c_3327;m;45,0;1;15,175;30,35;2;0,0
c_3328;m;43,77777777777778;33;12,902361111111112;928,97;31;0,0
c_3329;m;17,70212765957447;10;20,086382978723403;944,06;20;1,0
c_333;f;66,66666666666667;3;16,23;97,38;2;0,0
c_3330;f;65,60606060606061;18;17,150303030303032;565,96;18;0,0
c_3331;f;36,602094240837694;80;14,481465968586388;2765,96;104;0,0
c_3332;f;70,85714285714286;15;13,793571428571427;386,21999999999997;9;0,0
c_3333;f;43,54385964912281;49;13,640350877192983;1555,0;59;0,0
c_3334;m;42,632;44;13,21144;1651,43;61;0,0
c_3335;m;64,41176470588235;15;13,660294117647059;464,45;23;0,0
c_3336;f;50,473684210526315;9;24,920526315789473;946,98;25;0,0
c_3337;m;72,63636363636364;12;12,767575757575758;421,33;19;0,0
c_3338;m;17,72340425531915;22;30,8768085106383;1451,21;24;1,0
c_3339;f;20,657894736842106;28;44,22;1680,36;21;1,0
c_334;f;22,64;15;55,4336;1385,84;11;1,0
c_3340;f;70,57142857142857;3;15,727142857142857;110,09;4;0,0
c_3341;f;51,698412698412696;59;14,818730158730158;933,5799999999999;29;0,0
c_3342;m;64,875;6;11,02;88,16;6;0,0
c_3343;f;22,904761904761905;33;39,547936507936505;2491,52;22;1,0
c_3344;m;39,74107142857143;37;14,40982142857143;1613,9;53;0,0
c_3345;f;21,69047619047619;36;44,49761904761905;1868,8999999999999;17;1,0
c_3346;f;38,73;43;12,152000000000001;1215,2;48;0,0
c_3347;f;30,690851735015773;122;13,342870662460566;4229,69;142;0,0
c_3348;f;63,833333333333336;50;19,461833333333335;2335,42;60;0,0
c_3349;f;80,52;18;24,3208;608,02;13;0,0
c_335;f;59,7;10;25,392000000000003;253,92000000000002;4;0,0
c_3350;f;55,785714285714285;15;29,215714285714284;1227,06;18;0,0
c_3351;m;44,57303370786517;38;15,28685393258427;1360,53;51;0,0
c_3352;m;54,333333333333336;9;13,419166666666667;161,03;8;0,0
c_3353;m;30,721311475409838;23;15,919180327868853;971,07;37;0,0
c_3354;f;33,743589743589745;17;11,398205128205129;444,53000000000003;24;0,0
c_3355;f;17,714285714285715;18;73,55;2059,4;14;1,0
c_3356;m;22,6;15;29,43;1324,35;22;1,0
c_3357;m;49,56306306306306;101;12,871306306306305;2857,43;113;0,0
c_3358;m;47,5632183908046;80;11,545919540229885;2008,99;89;0,0
c_3359;f;26,88888888888889;6;62,25333333333333;560,28;3;1,0
c_336;f;66,6774193548387;120;17,19148387096774;2664,68;73;0,0
c_3360;f;38,56818181818182;17;12,906590909090909;567,89;24;0,0
c_3361;m;48,747747747747745;36;14,524774774774775;1612,25;51;0,0
c_3362;f;39,5;42;20,162093023255814;1733,94;48;0,0
c_3363;f;46,74285714285714;34;14,085571428571429;985,99;33;0,0
c_3364;f;69,68067226890756;96;17,45394957983193;2077,02;52;0,0
c_3365;m;77,61538461538461;19;11,977692307692308;311,42;16;0,0
c_3366;f;83,7948717948718;93;17,29965811965812;2024,06;50;0,0
c_3367;f;65,68085106382979;19;32,37765957446808;1521,75;19;0,0
c_3368;m;20,47826086956522;12;30,279130434782612;696,4200000000001;12;1,0
c_3369;f;56,75;10;14,343333333333334;172,12;6;0,0
c_337;m;54,76923076923077;9;21,180769230769233;275,35;4;0,0
c_3370;f;19,6;7;79,274;792,74;6;1,0
c_3371;f;76,58095238095238;66;15,677904761904763;1646,18;56;0,0
c_3372;m;34,59756097560975;31;15,987804878048781;1311,0;42;0,0
c_3373;f;82,73469387755102;36;17,46612244897959;855,8399999999999;25;0,0
c_3374;f;38,65217391304348;49;13,490434782608697;1551,4;52;0,0
c_3375;f;72,60975609756098;36;17,32219512195122;710,21;19;0,0
c_3376;m;39,58490566037736;22;12,065471698113209;639,47;25;0,0
c_3377;f;40,729166666666664;44;11,872604166666667;1139,77;41;0,0
c_3378;m;49,61538461538461;74;12,366978021978023;2250,79;94;0,0
c_3379;m;19,71875;19;38,3728125;1227,93;13;1,0
c_338;f;76,77631578947368;32;16,535131578947368;1256,67;33;0,0
c_3380;f;52,75;12;20,690833333333334;248,29000000000002;4;0,0
c_3381;f;69,42857142857143;7;21,717142857142857;152,02;4;0,0
c_3382;m;63,62162162162162;57;17,655405405405407;1306,5;38;0,0
c_3383;f;17,5;4;20,39;163,12;4;1,0
c_3384;f;48,655913978494624;113;12,063154121863798;3365,62;127;0,0
c_3385;m;85,5945945945946;23;14,725405405405406;544,84;18;0,0
c_3386;m;35,375;5;8,34125;66,73;5;0,0
c_3387;f;68,67272727272727;24;16,394545454545455;901,7;24;0,0
c_3388;m;32,51851851851852;10;13,326666666666666;359,82;13;0,0
c_3389;m;52,57692307692308;32;14,901923076923076;774,9;31;0,0
c_339;f;41,594202898550726;37;13,883478260869566;957,96;38;0,0
c_3390;m;27,833333333333332;4;55,833333333333336;335,0;3;1,0
c_3391;f;31,759162303664922;90;11,784869109947643;2250,91;91;0,0
c_3392;m;53,5;4;13,96;55,84;2;0,0
c_3393;f;65,48;34;12,2654;613,27;29;0,0
c_3394;f;43,705882352941174;33;16,68806722689076;1985,88;52;0,0
c_3395;m;44,58288770053476;82;12,072673796791445;2257,59;97;0,0
c_3396;m;47,1;8;10,845;216,9;7;0,0
c_3397;f;38,629629629629626;111;12,103539094650205;2941,16;116;0,0
c_3398;f;32,766129032258064;47;13,887419354838709;1722,04;56;0,0
c_3399;m;61,63157894736842;10;13,567894736842103;257,78999999999996;9;0,0
c_34;f;67,64285714285714;29;18,99738095238095;797,89;19;0,0
c_340;m;17,666666666666668;26;35,93848484848485;1185,97;16;1,0
c_3400;f;56,67567567567568;77;16,518558558558556;1833,56;50;0,0
c_3401;m;48,58870967741935;56;13,134677419354839;1628,7;68;0,0
c_3402;f;17,625;13;42,01125;672,18;7;1,0
c_3403;f;41,56060606060606;24;16,577272727272724;1094,1;41;0,0
c_3404;m;32,6078431372549;23;12,377450980392156;631,25;28;0,0
c_3405;m;52,72164948453608;74;15,522886597938145;1505,72;41;0,0
c_3406;f;20,583333333333332;14;40,893750000000004;981,45;9;1,0
c_3407;m;21,545454545454547;10;21,335454545454546;469,38;11;1,0
c_3408;m;72,64367816091954;76;16,53344827586207;1438,41;47;0,0
c_3409;m;22,634615384615383;36;49,073846153846155;2551,84;25;1,0
c_341;m;48,66412213740458;61;12,625725190839695;1653,97;69;0,0
c_3410;m;25,566666666666666;14;23,522333333333332;705,67;16;1,0
c_3411;f;22,73076923076923;13;20,248076923076926;526,45;11;1,0
c_3412;f;18,714285714285715;7;91,09857142857143;637,69;4;1,0
c_3413;m;29,0;5;21,071999999999996;105,35999999999999;2;0,0
c_3414;f;21,545454545454547;15;42,10909090909091;926,4;15;1,0
c_3415;m;41,61904761904762;17;11,553333333333333;485,24;28;0,0
c_3416;m;40,65277777777778;50;13,847083333333334;1993,98;72;0,0
c_3417;f;83,81818181818181;8;14,903636363636364;163,94;8;0,0
c_3418;f;53,724137931034484;48;16,93206896551724;982,06;25;0,0
c_3419;f;46,88135593220339;51;15,123050847457627;1784,52;43;0,0
c_342;f;58,68;68;15,2181;1521,81;42;0,0
c_3420;m;42,58536585365854;17;11,450975609756098;469,49;19;0,0
c_3421;m;17,88888888888889;15;26,465925925925923;1429,1599999999999;19;1,0
c_3422;m;32,780701754385966;47;10,297280701754387;1173,89;52;0,0
c_3423;f;27,444444444444443;13;40,23666666666667;1086,39;16;1,0
c_3424;m;18,857142857142858;10;88,73142857142857;1242,24;8;1,0
c_3425;m;17,61904761904762;8;39,55619047619047;830,68;8;1,0
c_3426;f;41,88;7;9,673200000000001;241,83;13;0,0
c_3427;f;24,666666666666668;24;42,839090909090906;1413,6899999999998;19;1,0
c_3428;m;46,63768115942029;19;11,754637681159421;811,07;33;0,0
c_3429;f;20,454545454545453;14;20,48242424242424;675,92;18;1,0
c_343;f;39,65;30;14,186375000000002;1134,91;38;0,0
c_3430;f;48,68167202572347;120;14,892508038585207;4631,57;136;0,0
c_3431;m;66,60176991150442;82;17,97141592920354;2030,77;61;0,0
c_3432;m;20,595744680851062;38;39,0631914893617;1835,97;24;1,0
c_3433;f;39,66783216783217;131;13,106048951048951;3748,33;132;0,0
c_3434;m;47,94444444444444;17;14,252361111111112;1026,17;24;0,0
c_3435;m;27,833333333333332;6;42,946666666666665;257,68;3;1,0
c_3436;f;58,22222222222222;8;14,996666666666666;134,97;7;0,0
c_3437;m;53,81896551724138;60;16,803275862068965;1949,18;48;0,0
c_3438;m;32,53125;16;15,9;508,8;14;0,0
c_3439;m;55,166666666666664;4;10,6;63,6;5;0,0
c_344;m;56,78048780487805;126;18,36451219512195;3011,7799999999997;75;0,0
c_3440;m;54,733333333333334;39;19,156166666666664;1149,37;27;0,0
c_3441;f;67,60714285714286;48;17,00625;952,35;27;0,0
c_3442;m;22,676470588235293;20;64,17470588235294;2181,94;11;1,0
c_3444;f;42,672;50;14,4572;1807,15;66;0,0
c_3445;m;36,699186991869915;53;15,871463414634146;1952,19;64;0,0
c_3446;m;17,652173913043477;15;20,637826086956522;949,34;22;1,0
c_3447;f;66,67532467532467;35;16,857662337662337;1298,04;34;0,0
c_3448;m;46,608695652173914;31;12,766376811594203;880,88;40;0,0
c_3449;f;34,5609756097561;74;12,22310975609756;2004,59;87;0,0
c_345;f;47,76086956521739;19;15,111739130434783;695,14;28;0,0
c_3450;f;45,66887417218543;60;11,658145695364238;1760,38;71;0,0
c_3451;f;18,928571428571427;8;12,940714285714288;181,17000000000002;6;0,0
c_3452;m;28,523809523809526;10;28,431904761904757;597,0699999999999;12;1,0
c_3453;f;42,81578947368421;77;12,869078947368422;2934,15;93;0,0
c_3454;m;52,69335302806499;5570;16,785514032496305;113637,93;1093;2,0
c_3455;m;57,65079365079365;37;13,59047619047619;856,1999999999999;33;0,0
c_3456;f;18,742424242424242;48;50,85681818181818;3356,5499999999997;25;1,0
c_3457;m;31,642553191489363;94;15,071829787234043;3541,88;112;0,0
c_3458;f;35,7;74;12,684999999999999;2029,6;75;0,0
c_3459;f;87,7;10;20,967999999999996;209,67999999999998;6;0,0
c_346;m;53,53846153846154;17;14,296153846153846;371,7;18;0,0
c_3460;f;65,74193548387096;16;21,328387096774193;661,18;16;0,0
c_3461;f;41,74866310160428;69;13,879572192513368;2595,48;76;0,0
c_3462;f;65,6890756302521;76;19,458235294117646;2315,5299999999997;51;0,0
c_3463;m;26,736842105263158;31;34,41719298245614;1961,78;22;1,0
c_3464;f;47,76271186440678;22;17,017966101694917;1004,0600000000001;24;0,0
c_3465;f;38,78378378378378;17;12,899189189189189;477,27;13;0,0
c_3466;m;39,8421052631579;21;9,309736842105263;353,77;15;0,0
c_3467;m;17,673076923076923;37;59,165;3076,58;30;1,0
c_3468;f;40,72;20;14,0604;703,02;23;0,0
c_3469;m;68,61111111111111;14;16,282777777777778;293,09;10;0,0
c_347;m;71,86792452830188;35;16,503018867924528;874,66;18;0,0
c_3470;f;60,516129032258064;28;17,039032258064513;528,2099999999999;20;0,0
c_3471;m;27,923076923076923;4;11,757692307692308;152,85;7;0,0
c_3472;m;66,54838709677419;36;18,82225806451613;1166,98;29;0,0
c_3473;m;47,72222222222222;77;12,454611111111111;2241,83;78;0,0
c_3474;m;46,544;57;13,057360000000001;1632,17;71;0,0
c_3475;m;36,638888888888886;65;13,130694444444444;1890,82;65;0,0
c_3476;m;17,733333333333334;20;61,93366666666667;1858,01;15;1,0
c_3477;f;53,4;11;14,400666666666668;216,01000000000002;9;0,0
c_3478;f;34,70175438596491;22;11,437719298245614;651,95;27;0,0
c_3479;f;38,821917808219176;86;13,916118721461189;3047,63;96;0,0
c_348;m;37,66197183098591;93;13,537464788732395;2883,48;107;0,0
c_3480;f;48,73770491803279;60;13,186885245901639;2413,2;73;0,0
c_3481;f;54,705882352941174;20;15,123235294117645;514,1899999999999;17;0,0
c_3482;m;33,55497382198953;86;12,351623036649213;2359,16;99;0,0
c_3483;f;22,75;33;30,30611111111111;2182,04;35;1,0
c_3484;f;29,586206896551722;24;26,394482758620686;1530,8799999999999;29;1,0
c_3485;f;19,608695652173914;13;36,72304347826087;844,63;10;1,0
c_3486;f;62,0;2;18,64;37,28;2;0,0
c_3487;m;25,666666666666668;7;34,55444444444444;310,99;5;1,0
c_3488;f;64,69491525423729;32;15,235254237288135;898,88;30;0,0
c_3489;f;39,875;11;10,500416666666666;252,01;12;0,0
c_349;m;67,64516129032258;19;19,576129032258066;606,86;16;0,0
c_3490;f;79,6590909090909;29;20,106590909090908;884,6899999999999;23;0,0
c_3491;f;26,732394366197184;53;50,05507042253521;3553,91;29;1,0
c_3492;f;40,30769230769231;6;9,45;122,85;9;0,0
c_3493;f;64,58974358974359;29;15,367435897435898;599,33;20;0,0
c_3494;m;45,75342465753425;67;13,496712328767122;1970,52;73;0,0
c_3495;m;32,67741935483871;93;12,100184331797234;2625,74;96;0,0
c_3496;f;64,71428571428571;27;14,980857142857143;524,33;17;0,0
c_3497;m;19,675675675675677;41;37,086216216216215;2744,38;27;1,0
c_3498;m;31,57312252964427;102;12,547193675889329;3174,44;127;0,0
c_3499;m;67,5;6;17,752499999999998;142,01999999999998;6;0,0
c_35;f;69,68181818181819;79;18,099090909090908;1990,8999999999999;55;0,0
c_350;m;19,066666666666666;7;18,100666666666665;271,51;8;1,0
c_3500;m;47,7008547008547;101;13,973162393162392;3269,72;100;0,0
c_3501;f;29,846153846153847;14;50,066923076923075;1301,74;10;1,0
c_3502;f;26,483870967741936;23;42,66483870967742;1322,61;17;1,0
c_3503;m;41,68556701030928;87;11,941340206185567;2316,62;89;0,0
c_3504;m;18,74074074074074;31;53,602407407407405;2894,5299999999997;27;1,0
c_3505;f;19,444444444444443;13;64,2761111111111;1156,97;10;1,0
c_3506;m;33,61842105263158;67;12,35046052631579;1877,27;74;0,0
c_3507;m;42,627450980392155;48;11,261176470588236;1148,64;50;0,0
c_3508;m;49,689655172413794;27;12,971379310344828;752,34;29;0,0
c_3509;m;21,522727272727273;16;23,417045454545452;1030,35;20;1,0
c_351;m;22,523809523809526;10;42,63809523809524;895,4;11;1,0
c_3510;m;63,52173913043478;14;19,816086956521737;455,77;11;0,0
c_3511;f;65,0;12;14,10888888888889;253,96;6;0,0
c_3512;f;40,5375;43;14,02825;1122,26;44;0,0
c_3513;f;35,701492537313435;89;14,063233830845771;2826,71;94;0,0
c_3514;f;55,65625;53;19,3728125;1859,79;45;0,0
c_3515;f;32,67567567567568;12;13,925675675675675;515,25;19;0,0
c_3516;f;29,666666666666668;2;73,99000000000001;221,97000000000003;3;1,0
c_3517;f;50,83132530120482;50;18,672530120481927;1549,82;33;0,0
c_3518;m;58,62222222222222;46;17,955333333333332;1615,98;44;0,0
c_3519;m;47,505050505050505;89;12,33358585858586;2442,05;101;0,0
c_352;m;18,676470588235293;17;50,65147058823529;1722,1499999999999;17;1,0
c_3520;f;27,56;14;42,8252;1070,63;13;1,0
c_3521;f;42,563380281690144;33;12,49;886,79;41;0,0
c_3522;f;27,714285714285715;28;39,266666666666666;1649,2;19;1,0
c_3523;m;78,61111111111111;11;15,167222222222222;273,01;10;0,0
c_3524;m;40,57913669064748;108;12,627949640287769;3510,5699999999997;139;0,0
c_3525;m;66,6140350877193;41;20,07456140350877;1144,25;26;0,0
c_3527;f;76,85;13;15,9385;318,77;10;0,0
c_3528;m;52,645161290322584;26;17,07177419354839;1058,45;30;0,0
c_3529;f;37,68421052631579;14;13,901315789473685;528,25;16;0,0
c_353;m;91,5576923076923;38;18,700576923076923;972,43;27;0,0
c_3530;f;17,741935483870968;47;51,38467741935484;3185,85;29;1,0
c_3531;f;37,65693430656934;56;13,512116788321169;1851,16;70;0,0
c_3532;m;20,5;8;20,565714285714286;287,92;7;1,0
c_3533;m;66,91666666666667;12;9,829166666666667;117,95;5;0,0
c_3534;f;52,74285714285714;83;19,113047619047617;2006,87;45;0,0
c_3535;f;54,63333333333333;28;19,471666666666668;584,15;14;0,0
c_3536;f;65,70289855072464;95;15,476739130434783;2135,79;63;0,0
c_3537;f;23,375;6;14,68;117,44;5;0,0
c_3538;f;42,65;33;13,126249999999999;1050,1;41;0,0
c_3539;m;33,51923076923077;22;12,28173076923077;638,65;28;0,0
c_354;m;17,775510204081634;30;33,76163265306122;1654,32;22;1,0
c_3540;f;55,73154362416108;87;19,34006711409396;2881,67;64;0,0
c_3541;f;33,62765957446808;28;12,026808510638297;1130,52;53;0,0
c_3542;f;34,74691358024691;68;15,504999999999999;2511,81;73;0,0
c_3543;m;42,76923076923077;14;15,651923076923076;406,95;18;0,0
c_3544;f;54,67763157894737;134;15,674605263157895;2382,54;69;0,0
c_3545;m;69,5;15;13,5615;271,23;13;0,0
c_3546;m;19,89090909090909;42;63,482727272727274;3491,55;21;1,0
c_3547;m;50,7037037037037;16;19,284074074074073;520,67;13;0,0
c_3548;f;50,470588235294116;5;11,59235294117647;197,07;9;0,0
c_3549;f;52,76978417266187;112;16,75820143884892;2329,39;64;0,0
c_355;m;50,6375;59;16,914375;1353,1499999999999;37;0,0
c_3550;f;36,7972972972973;30;14,859054054054052;1099,57;37;0,0
c_3551;f;65,58823529411765;29;13,156176470588235;447,31;20;0,0
c_3552;m;18,735294117647058;12;22,862941176470585;777,3399999999999;15;1,0
c_3553;f;56,68131868131868;42;21,086923076923075;1918,9099999999999;43;0,0
c_3554;f;58,76470588235294;106;15,985;2173,96;59;0,0
c_3555;f;41,75;25;14,825277777777778;1067,42;33;0,0
c_3556;f;34,568627450980394;18;15,44627450980392;787,76;30;0,0
c_3557;m;63,774193548387096;24;13,161612903225807;408,01;13;0,0
c_3558;m;18,661016949152543;40;34,90101694915254;2059,16;30;1,0
c_3559;m;51,657407407407405;77;16,453888888888887;1777,02;47;0,0
c_356;m;38,76744186046512;13;14,281627906976745;614,11;20;0,0
c_3560;f;26,791666666666668;30;48,34604166666667;2320,61;19;1,0
c_3561;m;30,925925925925927;12;11,567407407407407;312,32;11;0,0
c_3562;f;45,64505119453925;128;11,280170648464164;3305,09;142;0,0
c_3563;f;76,80392156862744;24;21,12156862745098;1077,2;24;0,0
c_3564;m;33,666666666666664;41;13,334444444444443;1320,11;47;0,0
c_3565;m;18,540983606557376;38;34,48311475409836;2103,47;36;1,0
c_3566;f;41,71212121212121;27;13,067878787878788;862,48;37;0,0
c_3567;f;22,814814814814813;30;30,058518518518515;1623,1599999999999;25;1,0
c_3568;f;47,733333333333334;16;12,163555555555556;547,36;19;0,0
c_3569;m;42,706422018348626;87;12,728853211009174;2774,89;92;0,0
c_357;m;17,768115942028984;19;14,938260869565218;1030,74;36;0,0
c_3570;f;53,54385964912281;47;14,832982456140352;845,48;34;0,0
c_3571;f;63,15384615384615;13;14,435641025641026;562,99;15;0,0
c_3572;f;72,6875;11;17,341874999999998;277,46999999999997;7;0,0
c_3573;f;25,653333333333332;42;32,821333333333335;2461,6;33;1,0
c_3574;m;41,6;23;14,443999999999999;577,76;19;0,0
c_3575;f;40,630434782608695;55;12,57963768115942;1735,99;68;0,0
c_3576;f;71,88888888888889;7;14,363333333333335;129,27;6;0,0
c_3577;m;42,66990291262136;39;14,125922330097088;1454,97;46;0,0
c_3578;m;21,307692307692307;15;29,257692307692306;760,6999999999999;17;1,0
c_3579;m;69,7741935483871;19;15,899032258064516;492,87;17;0,0
c_358;f;47,6;21;9,9216;496,08;28;0,0
c_3580;m;17,59259259259259;35;60,42944444444444;3263,19;28;1,0
c_3581;m;55,583333333333336;17;13,339722222222223;480,23;16;0,0
c_3582;m;27,641025641025642;17;40,59897435897436;1583,36;16;1,0
c_3583;m;17,666666666666668;16;50,07222222222222;901,3;10;1,0
c_3584;f;40,611111111111114;15;11,878333333333334;427,62;21;0,0
c_3585;f;42,77142857142857;15;15,722285714285713;550,28;19;0,0
c_3586;m;66,6625;46;15,907124999999999;1272,57;33;0,0
c_3587;m;41,61904761904762;32;13,819523809523808;1160,84;41;0,0
c_3588;m;57,65;101;15,182583333333332;1821,9099999999999;61;0,0
c_3589;m;63,67058823529412;48;14,810705882352941;1258,91;39;0,0
c_359;f;33,667857142857144;105;13,469000000000001;3771,32;132;0,0
c_3590;m;24,980392156862745;16;20,94;1067,94;20;1,0
c_3591;f;64,0;5;20,764285714285712;145,35;3;0,0
c_3592;m;56,833333333333336;23;13,635666666666667;409,07;13;0,0
c_3593;f;70,45;15;17,4035;348,07;12;0,0
c_3594;m;51,747368421052634;69;17,981578947368423;1708,25;36;0,0
c_3595;f;58,666666666666664;26;19,77121212121212;652,4499999999999;18;0,0
c_3596;f;29,72093023255814;13;20,81906976744186;895,2199999999999;16;0,0
c_3597;f;22,529411764705884;9;20,036470588235293;340,62;8;1,0
c_3598;f;30,628205128205128;32;14,155384615384614;1104,12;45;0,0
c_3599;f;22,783783783783782;18;32,733783783783785;1211,15;14;1,0
c_36;f;25,785714285714285;6;24,174285714285713;338,44;8;1,0
c_360;f;56,642857142857146;22;16,24809523809524;682,42;20;0,0
c_3600;m;46,63157894736842;9;11,191052631578946;425,26;19;0,0
c_3601;m;68,81944444444444;36;17,296944444444442;1245,3799999999999;27;0,0
c_3602;f;56,79661016949152;48;16,447118644067796;970,38;24;0,0
c_3603;m;18,666666666666668;8;55,11888888888889;496,07;4;1,0
c_3604;m;47,786458333333336;84;13,508125;2593,56;77;0,0
c_3605;f;59,7;7;15,689999999999998;156,89999999999998;4;0,0
c_3606;f;17,923076923076923;5;21,048461538461538;273,63;6;1,0
c_3607;f;44,666666666666664;72;13,810977011494254;2403,11;71;0,0
c_3608;m;35,85263157894737;47;16,55263157894737;1572,5;41;0,0
c_3609;f;17,966666666666665;17;74,37166666666667;2231,15;14;1,0
c_361;f;45,672955974842765;72;12,605283018867924;2004,24;76;0,0
c_3610;f;25,72;11;27,5604;689,01;13;1,0
c_3611;f;25,62162162162162;23;47,81297297297297;1769,08;19;1,0
c_3612;m;33,66360856269113;125;13,584067278287462;4441,99;153;0,0
c_3613;m;68,875;8;13,865;110,92;4;0,0
c_3614;m;27,606060606060606;17;23,509090909090908;775,8;16;1,0
c_3615;f;17,0;1;46,175;92,35;2;1,0
c_3616;f;61,166666666666664;6;23,625;141,75;2;0,0
c_3617;f;71,75;26;13,672500000000001;710,97;23;0,0
c_3618;m;49,0;4;9,85;78,8;4;0,0
c_3619;f;81,5934065934066;82;16,388131868131868;1491,32;47;0,0
c_362;m;72,1;5;27,972999999999995;279,72999999999996;9;0,0
c_3620;f;42,5;9;12,518125;200,29;8;0,0
c_3621;f;53,611111111111114;28;14,820833333333333;533,55;19;0,0
c_3622;f;50,2;3;15,931999999999999;79,66;4;0,0
c_3623;m;82,65;35;16,3155;652,62;20;0,0
c_3624;m;35,61904761904762;13;12,146190476190476;255,07;12;0,0
c_3625;m;28,818181818181817;8;56,09545454545455;617,0500000000001;7;1,0
c_3626;f;59,6390977443609;93;18,581954887218046;2471,4;67;0,0
c_3627;m;37,63358778625954;50;13,655267175572519;1788,84;69;0,0
c_3628;m;58,714285714285715;7;22,14428571428571;155,01;3;0,0
c_3629;m;35,75471698113208;23;16,077358490566038;852,1;21;0,0
c_363;f;38,65359477124183;71;13,641437908496732;2087,14;67;0,0
c_3630;m;30,682926829268293;54;13,07658536585366;1608,42;54;0,0
c_3631;f;18,5;2;68,78;275,12;2;1,0
c_3632;m;46,57446808510638;16;12,970851063829787;609,63;20;0,0
c_3633;m;18,6;6;23,031;230,31;6;1,0
c_3634;m;58,644444444444446;35;15,758222222222223;709,12;23;0,0
c_3635;f;17,545454545454547;9;57,83;636,13;5;1,0
c_3636;f;46,68131868131868;40;12,955494505494507;1178,95;45;0,0
c_3637;m;42,67460317460318;58;13,158412698412699;1657,96;65;0,0
c_3638;f;75,5;9;15,359285714285715;215,03;7;0,0
c_3639;f;43,611111111111114;12;12,030277777777776;433,09;24;0,0
c_364;m;51,5;25;16,035;481,04999999999995;16;0,0
c_3640;m;46,7037037037037;21;12,347222222222221;666,75;25;0,0
c_3641;m;28,80597014925373;31;53,24597014925373;3567,48;31;1,0
c_3642;f;69,6624203821656;125;17,318152866242038;2718,95;80;0,0
c_3643;f;18,6;7;58,222;582,22;6;1,0
c_3644;m;30,61111111111111;99;13,028803418803419;3048,74;109;0,0
c_3645;f;35,611702127659576;87;14,139468085106381;2658,22;104;0,0
c_3646;m;45,733333333333334;52;14,014222222222221;1261,28;38;0,0
c_3647;m;41,45454545454545;16;15,226969696969697;502,49;23;0,0
c_3648;m;62,69230769230769;10;18,361538461538462;238,7;6;0,0
c_3649;f;74,625;23;18,64575;745,8299999999999;21;0,0
c_365;f;34,647619047619045;104;15,004142857142856;3150,87;99;0,0
c_3650;f;25,741935483870968;18;58,5141935483871;1813,94;14;1,0
c_3651;f;25,6;4;52,718;263,59000000000003;3;1,0
c_3652;f;46,2;6;14,445999999999998;144,45999999999998;8;0,0
c_3653;m;59,73033707865169;61;17,203033707865167;1531,07;43;0,0
c_3654;f;43,660714285714285;67;12,685892857142857;2131,23;80;0,0
c_3655;m;38,54545454545455;37;13,769772727272727;1211,74;46;0,0
c_3656;f;24,62962962962963;12;51,41444444444445;1388,19;10;1,0
c_3657;f;69,82051282051282;28;15,516923076923076;605,16;20;0,0
c_3658;m;23,6;18;33,47425;1338,97;18;1,0
c_3659;m;19,0;13;37,4675;899,22;9;1,0
c_366;m;43,69642857142857;49;15,270892857142856;1710,34;51;0,0
c_3660;f;28,72222222222222;15;42,861666666666665;771,51;6;1,0
c_3661;f;34,69090909090909;14;14,056727272727272;773,12;27;0,0
c_3662;m;53,74285714285714;59;18,855142857142855;1319,86;33;0,0
c_3663;m;55,65;16;15,031;300,62;10;0,0
c_3664;f;79,39024390243902;26;19,12024390243902;783,93;29;0,0
c_3665;f;32,65925925925926;51;14,540814814814814;1963,01;69;0,0
c_3666;m;23,5974025974026;31;32,050389610389615;2467,88;42;1,0
c_3667;m;19,875;14;49,5725;793,16;8;1,0
c_3668;f;53,77777777777778;9;19,865555555555556;178,79;4;0,0
c_3669;m;23,813953488372093;32;55,22906976744186;2374,85;17;1,0
c_367;m;17,875;6;27,072499999999998;216,57999999999998;5;1,0
c_3670;m;69,625;8;10,1525;81,22;4;0,0
c_3671;f;61,714285714285715;13;16,354642857142856;457,93;14;0,0
c_3672;f;59,65934065934066;138;16,1489010989011;2939,1;86;0,0
c_3673;m;50,76315789473684;29;18,748947368421053;712,46;18;0,0
c_3674;f;39,653543307086615;45;14,802047244094487;1879,86;58;0,0
c_3675;f;45,7;66;13,3555;1869,77;65;0,0
c_3676;m;39,84090909090909;21;14,44340909090909;635,51;18;0,0
c_3677;f;61,57142857142857;17;19,085;534,38;14;0,0
c_3678;f;52,72043010752688;62;18,684838709677418;1737,69;43;0,0
c_3679;f;32,65124555160142;119;11,913807829181494;3347,7799999999997;128;0,0
c_368;f;44,5;57;12,884071428571428;1803,77;77;0,0
c_3680;f;55,71153846153846;28;16,306153846153844;847,92;24;0,0
c_3681;m;37,62222222222222;87;15,456266666666666;3477,66;120;0,0
c_3682;f;68,71724137931035;89;16,143310344827583;2340,7799999999997;60;0,0
c_3683;f;43,679245283018865;45;12,569905660377358;1332,41;61;0,0
c_3684;m;52,76190476190476;17;14,735714285714286;309,45;9;0,0
c_3685;m;56,733333333333334;11;16,014;240,20999999999998;7;0,0
c_3686;f;61,58064516129032;21;22,05322580645161;683,65;19;0,0
c_3687;f;37,583333333333336;18;12,751111111111111;459,04;15;0,0
c_3688;f;52,69565217391305;5;16,401739130434784;377,24;8;0,0
c_3689;f;38,77215189873418;26;13,60632911392405;1074,8999999999999;39;0,0
c_369;m;62,564516129032256;54;16,857580645161292;1045,17;31;0,0
c_3690;f;53,56;16;15,261199999999999;381,53;13;0,0
c_3691;f;17,763157894736842;25;34,81;1322,78;16;1,0
c_3692;f;58,69230769230769;10;15,471538461538461;201,13;5;0,0
c_3693;m;39,55072463768116;31;12,387536231884058;854,74;33;0,0
c_3694;f;55,72093023255814;37;17,91906976744186;770,52;21;0,0
c_3695;m;48,03333333333333;7;14,337666666666667;430,13;14;0,0
c_3696;f;47,62;40;11,9873;1198,73;49;0,0
c_3697;m;28,176470588235293;11;44,19529411764706;751,32;6;1,0
c_3698;f;18,875;30;33,20421875;2125,07;31;1,0
c_3699;m;34,72463768115942;137;12,341449275362319;4257,8;150;0,0
c_37;m;56,666666666666664;45;17,235666666666663;1034,1399999999999;28;0,0
c_370;m;82,57142857142857;24;16,197142857142858;453,52;15;0,0
c_3700;f;63,632;70;14,740879999999999;1842,61;61;0,0
c_3701;f;42,80909090909091;48;11,991090909090909;1319,02;40;0,0
c_3702;m;72,61538461538461;11;12,843846153846155;333,94;12;0,0
c_3703;m;57,67142857142857;44;19,71157142857143;1379,81;32;0,0
c_3704;m;43,648648648648646;40;12,59981981981982;1398,58;51;0,0
c_3705;f;23,919354838709676;17;26,600161290322582;1649,21;26;1,0
c_3706;m;34,55;40;13,2;1320,0;62;0,0
c_3707;m;54,666666666666664;48;14,112592592592591;762,0799999999999;25;0,0
c_3708;m;42,5234375;51;12,3146875;1576,28;72;0,0
c_3709;m;47,857142857142854;11;10,649047619047618;223,63;9;0,0
c_371;m;30,574074074074073;29;11,343518518518518;612,55;25;0,0
c_3710;f;38,74074074074074;38;12,351728395061729;1000,49;31;0,0
c_3711;m;29,941176470588236;8;29,69764705882353;504,86;8;1,0
c_3712;m;27,735294117647058;37;40,04117647058823;2722,7999999999997;29;1,0
c_3713;m;25,6984126984127;41;33,04206349206349;2081,65;29;1,0
c_3714;m;40,61776061776062;122;13,297413127413126;3444,0299999999997;121;0,0
c_3715;m;61,75555555555555;82;15,38111111111111;2076,45;56;0,0
c_3716;m;55,75247524752475;77;17,393267326732673;1756,72;46;0,0
c_3717;f;69,82222222222222;28;20,486444444444444;921,89;23;0,0
c_3718;m;31,57777777777778;19;13,213555555555557;594,61;23;0,0
c_3719;f;43,803030303030305;30;11,540757575757574;761,6899999999999;24;0,0
c_372;f;56,666666666666664;26;15,913333333333334;429,66;14;0,0
c_3720;f;47,67213114754098;27;11,657377049180328;711,1;34;0,0
c_3721;m;65,88888888888889;31;19,676666666666666;885,4499999999999;21;0,0
c_3722;m;40,6;15;15,6732;391,83;12;0,0
c_3723;m;30,71212121212121;27;12,11909090909091;799,86;26;0,0
c_3724;m;47,70754716981132;51;11,27688679245283;1195,35;51;0,0
c_3725;f;41,55652173913043;128;13,329797101449275;4598,78;168;0,0
c_3726;f;33,60215053763441;27;12,384623655913979;1151,77;43;0,0
c_3727;m;36,72093023255814;50;14,424883720930232;1860,81;61;0,0
c_3728;f;44,574074074074076;45;13,574444444444444;1466,04;49;0,0
c_3729;f;49,955882352941174;29;14,541911764705883;988,85;27;0,0
c_373;m;19,36842105263158;11;42,45263157894737;806,6;12;1,0
c_3730;f;37,67058823529412;69;12,445;2115,65;86;0,0
c_3731;m;38,602649006622514;59;12,685165562913907;1915,46;73;0,0
c_3732;m;32,71875;68;12,064114583333334;2316,31;83;0,0
c_3733;f;72,68461538461538;103;19,084;2480,92;64;0,0
c_3734;f;25,47222222222222;21;59,200833333333335;2131,23;19;1,0
c_3735;m;39,61504424778761;102;13,208274336283187;2985,07;111;0,0
c_3736;f;23,5;4;47,181666666666665;283,09;5;1,0
c_3737;m;44,624161073825505;64;14,318456375838926;2133,45;78;0,0
c_3738;m;19,73913043478261;41;57,3195652173913;3955,0499999999997;27;1,0
c_3739;f;37,73913043478261;14;13,110434782608696;301,54;13;0,0
c_374;f;42,64912280701754;20;10,513684210526316;599,28;31;0,0
c_3740;f;24,666666666666668;33;42,450714285714284;1782,93;18;1,0
c_3741;f;44,650887573964496;65;12,076568047337279;2040,94;74;0,0
c_3742;f;43,72727272727273;25;13,305272727272726;731,79;25;0,0
c_3743;m;18,344827586206897;18;41,38758620689655;1200,24;20;1,0
c_3744;f;35,721311475409834;25;11,738524590163934;716,05;31;0,0
c_3745;f;30,733009708737864;81;12,388058252427184;2551,94;88;0,0
c_3746;f;69,64814814814815;48;15,274074074074074;824,8;25;0,0
c_3747;f;17,674698795180724;36;29,260481927710842;2428,62;39;1,0
c_3748;f;28,666666666666668;21;25,74051282051282;1003,88;14;1,0
c_3749;m;35,68197879858657;125;12,490388692579504;3534,7799999999997;130;0,0
c_375;m;21,363636363636363;7;21,154090909090908;465,39;17;1,0
c_3750;f;62,48;10;19,75;493,75;13;0,0
c_3751;m;73,84;9;19,2768;481,92;10;0,0
c_3752;m;76,72727272727273;8;16,686818181818182;367,11;10;0,0
c_3753;m;21,814814814814813;16;60,517037037037035;1633,96;13;1,0
c_3754;m;49,680851063829785;21;13,414255319148937;630,47;24;0,0
c_3755;m;42,65151515151515;75;13,917121212121213;2755,59;82;0,0
c_3756;f;35,63636363636363;24;15,450545454545454;849,78;31;0,0
c_3757;f;62,516129032258064;36;16,198225806451614;1004,29;35;0,0
c_3758;f;61,93103448275862;10;12,349310344827586;358,13;17;0,0
c_3759;m;51,6;9;7,555;75,55;5;0,0
c_376;f;55,714285714285715;19;18,84357142857143;527,62;15;0,0
c_3760;m;51,63636363636363;11;14,153636363636364;155,69;5;0,0
c_3761;f;19,375;4;17,64875;141,19;5;1,0
c_3762;f;32,53658536585366;16;16,341463414634145;670,0;24;0,0
c_3763;f;29,22222222222222;11;17,079444444444444;307,43;15;0,0
c_3764;m;29,666666666666668;6;21,56866666666667;323,53000000000003;7;0,0
c_3765;m;56,53125;37;15,37859375;984,23;37;0,0
c_3766;m;32,66233766233766;99;13,559653679653678;3132,2799999999997;117;0,0
c_3767;f;34,542857142857144;50;12,723809523809523;1336,0;57;0,0
c_3768;m;33,61363636363637;41;11,670568181818181;1027,01;40;0,0
c_3769;m;30,375;9;13,862083333333333;332,69;18;0,0
c_377;f;30,642201834862384;93;13,451972477064219;2932,5299999999997;95;0,0
c_3770;m;65,74603174603175;33;12,706984126984127;800,54;31;0,0
c_3771;f;37,859375;22;17,240625;1103,4;26;0,0
c_3772;f;80,5934065934066;62;17,296923076923076;1574,02;44;0,0
c_3773;m;68,80952380952381;14;19,032857142857143;399,69;9;0,0
c_3774;m;51,74193548387097;25;16,831935483870968;521,79;11;0,0
c_3775;m;42,51851851851852;11;13,832962962962963;373,49;13;0,0
c_3776;f;53,78947368421053;31;19,770526315789475;1126,92;25;0,0
c_3777;f;63,63975155279503;110;13,836273291925465;2227,64;71;0,0
c_3778;f;77,71052631578948;25;12,694999999999999;482,40999999999997;15;0,0
c_3779;f;31,771428571428572;12;14,506857142857143;507,74;14;0,0
c_378;m;64,4;3;23,362000000000002;116,81;3;0,0
c_3780;m;68,55319148936171;37;18,502765957446808;869,63;25;0,0
c_3781;m;25,694444444444443;20;42,95444444444444;1546,36;17;1,0
c_3782;f;31,616161616161616;43;13,439292929292929;1330,49;54;0,0
c_3783;m;18,6;10;49,18333333333333;737,75;7;1,0
c_3784;f;17,517241379310345;16;19,92655172413793;577,87;19;1,0
c_3785;m;70,92;29;19,0422;952,11;16;0,0
c_3786;f;63,71111111111111;75;15,989888888888888;1439,09;42;0,0
c_3787;m;46,78846153846154;16;12,074807692307692;627,89;21;0,0
c_3788;f;19,676470588235293;30;45,91029411764706;1560,95;16;1,0
c_379;f;47,41095890410959;31;12,485342465753424;911,43;47;0,0
c_3790;f;35,69230769230769;22;11,703846153846154;456,45;22;0,0
c_3791;m;26,6734693877551;40;24,806224489795916;2431,0099999999998;44;1,0
c_3792;f;24,65625;17;23,345;747,04;17;1,0
c_3793;m;32,638888888888886;19;12,061388888888889;434,21;17;0,0
c_3794;f;51,75;34;16,96203125;1085,57;29;0,0
c_3795;m;21,794117647058822;23;45,622352941176466;1551,1599999999999;12;1,0
c_3796;f;17,774193548387096;18;21,699354838709677;672,68;15;1,0
c_3797;m;56,78125;22;17,240624999999998;551,6999999999999;14;0,0
c_3798;f;43,64556962025316;24;13,051139240506329;1031,04;28;0,0
c_3799;m;26,857142857142858;7;44,317142857142855;310,21999999999997;3;1,0
c_38;f;52,55555555555556;9;15,767777777777777;141,91;5;0,0
c_380;f;24,625;23;52,01083333333333;2496,52;28;1,0
c_3800;f;67,56944444444444;49;17,17388888888889;1236,52;41;0,0
c_3801;f;65,6734693877551;26;30,963673469387757;1517,22;27;0,0
c_3802;m;42,57142857142857;22;18,251836734693878;894,34;25;0,0
c_3803;m;38,54976303317535;107;12,697061611374407;2679,08;101;0,0
c_3804;m;44,642857142857146;20;13,957857142857144;586,23;21;0,0
c_3805;m;57,642857142857146;12;19,744285714285713;276,41999999999996;6;0,0
c_3806;f;59,554054054054056;67;15,81243243243243;1170,12;42;0,0
c_3807;f;53,6875;13;11,571250000000001;185,14000000000001;7;0,0
c_3808;m;64,63963963963964;84;13,668468468468468;1517,2;52;0,0
c_3809;f;27,333333333333332;4;41,30111111111111;371,71;6;1,0
c_381;f;41,67123287671233;26;14,291917808219177;1043,31;36;0,0
c_3810;f;56,6875;28;14,5375;465,2;17;0,0
c_3811;m;35,561797752808985;36;12,574269662921347;1119,11;45;0,0
c_3812;f;57,44444444444444;21;16,00111111111111;720,05;28;0,0
c_3813;m;33,86046511627907;20;14,549999999999999;625,65;17;0,0
c_3814;m;32,674418604651166;37;15,203139534883721;1307,47;41;0,0
c_3815;m;23,6;37;50,8076;2540,38;27;1,0
c_3816;f;37,704081632653065;79;12,365255102040818;2423,59;89;0,0
c_3817;m;44,73529411764706;19;14,218529411764706;483,43;16;0,0
c_3818;m;26,733333333333334;11;25,348;760,4399999999999;14;1,0
c_3819;m;53,857142857142854;13;15,469047619047618;324,84999999999997;9;0,0
c_382;f;50,666666666666664;15;16,174285714285713;339,65999999999997;11;0,0
c_3820;f;46,64;26;13,7742;688,71;26;0,0
c_3821;f;34,75;12;13,681666666666667;328,36;11;0,0
c_3822;m;55,724137931034484;15;14,954827586206896;433,69;14;0,0
c_3823;f;40,71176470588235;69;12,068941176470586;2051,72;69;0,0
c_3824;m;63,57534246575342;56;14,885479452054792;1086,6399999999999;40;0,0
c_3825;m;28,666666666666668;24;42,24133333333333;1900,86;20;1,0
c_3826;f;20,604166666666668;27;37,056875;1778,73;22;1,0
c_3827;m;52,82;16;15,876;793,8;22;0,0
c_3828;f;29,444444444444443;12;55,75444444444444;1003,5799999999999;10;1,0
c_3829;m;58,705882352941174;34;17,53235294117647;894,15;24;0,0
c_383;m;41,59507042253521;135;12,789366197183098;3632,18;141;0,0
c_3830;f;47,65909090909091;14;13,692045454545456;602,45;21;0,0
c_3831;f;50,6875;15;16,8925;270,28;9;0,0
c_3832;m;19,785714285714285;10;37,166428571428575;1040,66;11;1,0
c_3833;m;42,65625;25;13,239531249999999;847,3299999999999;28;0,0
c_3834;m;40,653225806451616;57;13,451612903225806;1668,0;58;0,0
c_3835;f;25,59375;28;52,2821875;1673,03;17;1,0
c_3836;f;87,70833333333333;24;14,14625;339,51;12;0,0
c_3837;m;55,69565217391305;21;15,157391304347826;348,62;12;0,0
c_3838;f;54,42857142857143;20;16,497619047619047;346,45;12;0,0
c_3839;f;41,285714285714285;12;14,098571428571429;394,76;21;0,0
c_384;m;44,652671755725194;110;11,770419847328244;3083,85;118;0,0
c_3840;m;17,823529411764707;13;67,58058823529412;1148,87;6;1,0
c_3841;f;27,821428571428573;9;22,587142857142855;632,4399999999999;12;1,0
c_3842;m;45,7375;40;13,594125;1087,53;38;0,0
c_3843;m;39,791666666666664;13;11,332500000000001;271,98;8;0,0
c_3844;m;68,58333333333333;20;16,420277777777777;591,13;17;0,0
c_3845;m;40,62621359223301;87;13,517378640776698;2784,58;106;0,0
c_3846;m;30,529411764705884;5;14,207647058823529;241,53;9;0,0
c_3847;f;20,642857142857142;14;29,155714285714286;816,36;12;1,0
c_3848;f;31,784313725490197;20;17,778039215686274;906,68;19;0,0
c_3849;f;19,510204081632654;28;40,980612244897955;2008,05;25;1,0
c_385;f;61,55172413793103;42;22,74551724137931;1319,24;32;0,0
c_3850;f;51,63333333333333;89;16,255;1950,6;56;0,0
c_3851;m;23,61904761904762;11;69,59571428571428;1461,51;9;1,0
c_3852;f;39,523809523809526;15;12,80142857142857;537,66;21;0,0
c_3853;f;57,69642857142857;82;14,231964285714286;1593,98;55;0,0
c_3854;f;43,65945945945946;86;12,523837837837837;2316,91;88;0,0
c_3855;m;58,861111111111114;26;17,93277777777778;645,58;20;0,0
c_3856;f;49,66423357664234;65;11,647299270072994;1595,68;65;0,0
c_3857;m;53,65217391304348;94;18,32313043478261;2107,16;51;0,0
c_3858;f;48,833333333333336;44;11,447820512820511;892,93;35;0,0
c_3859;f;22,692307692307693;35;62,94871794871795;2455,0;18;1,0
c_386;f;42,857142857142854;16;12,328392857142857;690,39;27;0,0
c_3860;f;17,5609756097561;15;24,874390243902436;1019,8499999999999;18;1,0
c_3861;m;41,793103448275865;13;10,370689655172415;300,75;15;0,0
c_3862;m;81,61904761904762;56;13,296825396825396;837,6999999999999;34;0,0
c_3863;f;80,83333333333333;10;12,285555555555554;221,14;7;0,0
c_3864;m;51,676923076923075;51;18,04523076923077;1172,94;34;0,0
c_3865;m;32,74193548387097;11;14,043870967741935;435,35999999999996;15;0,0
c_3866;m;56,625;12;13,474583333333333;323,39;14;0,0
c_3867;f;41,42857142857143;7;13,870000000000001;194,18;8;0,0
c_3868;m;61,38461538461539;7;14,345384615384615;186,49;11;0,0
c_3869;m;51,60606060606061;24;15,396060606060606;508,07;17;0,0
c_387;f;33,75257731958763;35;13,254123711340208;1285,65;50;0,0
c_3870;m;69,45454545454545;8;15,824545454545454;174,07;6;0,0
c_3871;f;33,59322033898305;19;13,195254237288136;778,52;34;0,0
c_3872;m;35,75;22;13,597708333333335;652,69;23;0,0
c_3873;m;26,732558139534884;34;25,66941860465116;2207,5699999999997;41;1,0
c_3874;f;43,700934579439256;48;13,089719626168224;1400,6;52;0,0
c_3875;m;57,52;38;14,9032;745,16;28;0,0
c_3876;m;36,6875;35;12,029375;1154,82;48;0,0
c_3877;f;43,714285714285715;32;12,445238095238096;1045,4;41;0,0
c_3878;m;33,61165048543689;97;13,571893203883494;2795,81;95;0,0
c_3879;m;50,74576271186441;53;14,228813559322035;839,5;27;0,0
c_388;f;84,73333333333333;13;19,458000000000002;583,74;17;0,0
c_3880;f;27,166666666666668;3;16,86;101,16;5;0,0
c_3881;f;25,772727272727273;15;51,6109090909091;1135,44;9;1,0
c_3882;f;36,774193548387096;27;12,154193548387095;753,56;33;0,0
c_3883;m;50,51428571428571;20;15,26657142857143;534,33;24;0,0
c_3884;m;21,571428571428573;20;57,55964285714286;1611,67;16;1,0
c_3885;f;67,72;9;17,3232;433,08;9;0,0
c_3886;m;65,60416666666667;17;18,584374999999998;892,05;22;0,0
c_3887;f;52,45;15;15,2025;304,05;12;0,0
c_3888;m;49,7906976744186;17;10,033255813953488;431,43;22;0,0
c_3889;m;66,68571428571428;23;23,556;824,46;16;0,0
c_389;m;45,69230769230769;15;16,371153846153845;425,65;11;0,0
c_3890;m;70,67441860465117;27;15,719534883720929;675,9399999999999;19;0,0
c_3891;f;54,66081871345029;133;17,30421052631579;2959,02;85;0,0
c_3892;f;38,74251497005988;120;14,201377245508983;4743,26;139;0,0
c_3893;m;31,71764705882353;28;12,738823529411764;1082,8;41;0,0
c_3894;f;27,0;2;35,849999999999994;71,69999999999999;2;1,0
c_3895;f;28,0;6;50,38666666666666;604,64;4;1,0
c_3896;f;44,44827586206897;25;13,689827586206896;794,01;34;0,0
c_3897;m;61,56410256410256;23;13,67153846153846;533,1899999999999;20;0,0
c_3898;m;24,951219512195124;16;27,39731707317073;1123,29;20;1,0
c_3899;m;41,5893536121673;122;13,662205323193916;3593,16;137;0,0
c_39;f;35,62068965517241;82;13,449901477832512;2730,33;95;0,0
c_390;f;39,671052631578945;36;12,458289473684209;946,8299999999999;35;0,0
c_3900;f;69,5;6;19,401249999999997;155,20999999999998;6;0,0
c_3901;f;35,67175572519084;51;12,539465648854963;1642,67;71;0,0
c_3902;f;50,71098265895954;109;15,965895953757224;2762,1;71;0,0
c_3903;m;33,55555555555556;22;14,939166666666669;537,8100000000001;21;0,0
c_3904;m;43,48888888888889;32;14,225777777777777;1280,32;50;0,0
c_3905;m;34,2;5;13,190000000000001;65,95;4;0,0
c_3906;f;50,630434782608695;19;18,198478260869564;837,13;21;0,0
c_3907;m;64,7;10;18,2705;365,40999999999997;9;0,0
c_3908;f;52,736111111111114;46;18,987777777777776;1367,12;34;0,0
c_3909;m;24,535714285714285;17;29,997142857142855;839,92;15;1,0
c_391;f;35,72079772079772;138;12,935811965811967;4540,47;154;0,0
c_3910;m;67,675;36;15,353;614,12;20;0,0
c_3911;f;33,60126582278481;67;13,219683544303798;2088,71;84;0,0
c_3912;f;38,464285714285715;12;21,21035714285714;593,89;17;0,0
c_3913;f;42,705882352941174;37;13,720588235294118;1166,25;41;0,0
c_3914;f;64,61904761904762;17;23,539523809523807;494,33;11;0,0
c_3915;m;25,625;6;39,2375;313,9;5;1,0
c_3916;f;77,71428571428571;47;16,260714285714286;1138,25;29;0,0
c_3917;f;62,674698795180724;62;15,480843373493977;1284,91;40;0,0
c_3918;f;17,51219512195122;27;72,81585365853658;2985,45;27;1,0
c_3919;m;53,714285714285715;22;17,78257142857143;622,39;13;0,0
c_392;f;20,76923076923077;28;39,893846153846155;2074,48;23;1,0
c_3920;m;65,51724137931035;12;16,877586206896552;489,45;14;0,0
c_3921;f;49,5;23;14,626964285714285;819,11;31;0,0
c_3922;f;18,952380952380953;11;18,45357142857143;775,05;15;1,0
c_3923;f;17,5;2;17,24;34,48;1;1,0
c_3924;m;33,74074074074074;14;11,662037037037036;629,75;24;0,0
c_3925;m;70,66666666666667;25;15,634722222222223;562,85;19;0,0
c_3926;m;51,44444444444444;6;9,074444444444445;81,67;6;0,0
c_3927;f;18,0;2;77,53999999999999;155,07999999999998;2;1,0
c_3928;f;26,57894736842105;7;13,62315789473684;258,84;9;0,0
c_3929;f;25,694444444444443;23;46,6525;1679,49;17;1,0
c_393;f;52,67878787878788;117;17,50581818181818;2888,46;73;0,0
c_3930;m;36,58139534883721;17;14,174418604651162;609,5;25;0,0
c_3931;m;35,5531914893617;22;11,76595744680851;553,0;21;0,0
c_3932;f;57,6875;41;17,847375;1427,79;40;0,0
c_3933;f;64,48275862068965;21;16,487241379310344;478,13;16;0,0
c_3934;f;60,84090909090909;33;17,772727272727273;782,0;19;0,0
c_3935;f;46,851851851851855;23;14,989444444444443;809,43;25;0,0
c_3936;f;19,714285714285715;5;39,65428571428571;277,58;4;1,0
c_3937;m;42,81967213114754;19;14,524918032786886;886,02;22;0,0
c_3938;f;17,477272727272727;23;30,847272727272728;1357,28;23;1,0
c_3939;m;66,79629629629629;15;16,869629629629628;910,9599999999999;20;0,0
c_394;f;22,8;27;30,4672;2285,04;29;1,0
c_3940;f;58,5;23;17,38230769230769;451,94;16;0,0
c_3941;f;50,68181818181818;20;11,358181818181817;249,88;12;0,0
c_3942;m;25,714285714285715;7;20,93857142857143;293,14;6;1,0
c_3943;f;54,65714285714286;23;14,436285714285713;505,27;18;0,0
c_3944;f;46,23529411764706;8;9,77;166,09;13;0,0
c_3945;f;42,686440677966104;33;13,97220338983051;1648,72;42;0,0
c_3946;f;65,64444444444445;40;19,90422222222222;895,6899999999999;21;0,0
c_3947;f;33,822916666666664;40;13,242083333333333;1271,24;45;0,0
c_3948;f;17,580645161290324;16;40,313870967741934;1249,73;19;1,0
c_3949;m;28,722772277227723;47;40,8729702970297;4128,17;40;1,0
c_395;f;22,7;39;36,23633333333333;2174,18;26;1,0
c_3950;m;17,54054054054054;25;48,101351351351354;1779,75;22;1,0
c_3951;f;43,608695652173914;10;15,19086956521739;349,39;9;0,0
c_3952;f;53,48571428571429;18;15,502285714285712;542,5799999999999;23;0,0
c_3953;f;37,70188679245283;107;13,235584905660376;3507,43;115;0,0
c_3954;f;51,63636363636363;14;16,670454545454547;366,75;11;0,0
c_3955;m;52,708333333333336;99;15,241416666666668;1828,97;55;0,0
c_3956;f;68,68;16;18,1428;453,57;9;0,0
c_3957;m;76,8;19;18,450499999999998;369,01;10;0,0
c_3958;f;27,66;28;40,7772;2038,86;24;1,0
c_3959;m;30,739837398373982;48;12,90170731707317;1586,9099999999999;50;0,0
c_396;m;44,45794392523364;50;11,368785046728972;1216,46;70;0,0
c_3960;f;34,767857142857146;24;11,494464285714285;643,6899999999999;24;0,0
c_3961;f;57,74242424242424;40;18,60212121212121;1227,74;28;0,0
c_3962;m;39,669724770642205;48;14,535229357798164;1584,34;57;0,0
c_3963;m;34,69387755102041;57;12,598095238095238;1851,92;65;0,0
c_3964;m;36,733333333333334;22;12,099166666666665;725,9499999999999;29;0,0
c_3965;f;38,73529411764706;12;12,717941176470587;432,40999999999997;14;0,0
c_3966;f;26,0;6;19,13111111111111;172,17999999999998;4;0,0
c_3967;m;49,752;43;13,40184;1675,23;61;0,0
c_3968;m;79,6178861788618;100;15,302520325203252;1882,21;62;0,0
c_3969;f;21,703296703296704;61;41,99318681318682;3821,38;43;1,0
c_397;m;62,73134328358209;25;14,231791044776118;953,53;26;0,0
c_3970;f;30,735294117647058;26;11,152205882352941;758,35;34;0,0
c_3971;m;33,642857142857146;33;12,25440476190476;1029,37;43;0,0
c_3972;f;24,852941176470587;17;43,64941176470588;1484,08;14;1,0
c_3973;m;53,5;14;17,03;340,6;10;0,0
c_3974;m;21,8;23;39,5588;1977,94;19;1,0
c_3975;m;28,795180722891565;17;16,680843373493975;1384,51;32;0,0
c_3976;f;29,736842105263158;10;72,47157894736843;1376,96;11;1,0
c_3977;f;45,61576354679803;88;13,044433497536946;2648,02;93;0,0
c_3978;m;23,893617021276597;26;25,5431914893617;1200,53;16;1,0
c_3979;f;42,36;14;10,6228;265,57;16;0,0
c_398;m;51,666666666666664;11;12,88875;309,33;16;0,0
c_3980;f;52,63636363636363;37;16,37909090909091;900,85;26;0,0
c_3981;f;68,64285714285714;14;18,872142857142855;264,21;7;0,0
c_3982;m;21,82758620689655;25;21,098275862068967;1223,7;21;1,0
c_3983;f;66,67153284671532;94;16,356496350364964;2240,84;57;0,0
c_3984;m;29,5;12;31,615666666666662;948,4699999999999;16;1,0
c_3985;f;41,46969696969697;30;16,214848484848485;1070,18;38;0,0
c_3986;m;49,857142857142854;45;10,852190476190476;1139,48;45;0,0
c_3987;f;77,76470588235294;12;17,266470588235293;293,53;9;0,0
c_3988;f;59,743801652892564;90;16,782231404958676;2030,6499999999999;53;0,0
c_3989;m;77,74285714285715;30;14,72942857142857;515,53;16;0,0
c_399;f;41,57142857142857;6;14,292857142857143;200,1;10;0,0
c_3990;m;60,77777777777778;9;10,185555555555556;91,67;3;0,0
c_3991;f;39,6525974025974;133;13,409545454545455;4130,14;136;0,0
c_3992;f;17,666666666666668;5;25,971666666666664;155,82999999999998;4;1,0
c_3993;f;17,818181818181817;8;33,46545454545455;368,12;5;1,0
c_3994;m;43,707070707070706;40;13,151111111111112;1301,96;39;0,0
c_3995;m;17,64;21;52,3232;1308,08;15;1,0
c_3996;m;43,69090909090909;21;17,103272727272728;940,68;35;0,0
c_3997;f;21,8;21;61,0348;1525,87;9;1,0
c_3998;f;69,73134328358209;54;14,115522388059702;945,74;31;0,0
c_3999;f;42,5625;16;12,734375;407,5;15;0,0
c_4;m;57,736363636363635;96;18,069363636363637;1987,6299999999999;45;0,0
c_40;m;32,47826086956522;15;13,81304347826087;317,7;14;0,0
c_400;f;53,693548387096776;73;21,19314516129032;2627,95;50;0,0
c_4000;m;56,53333333333333;20;13,918333333333333;417,55;16;0,0
c_4001;m;48,5625;11;13,81375;221,02;11;0,0
c_4002;f;27,5625;24;36,7096875;1174,71;17;1,0
c_4003;m;43,666666666666664;23;13,96063492063492;879,52;25;0,0
c_4004;m;34,54545454545455;45;14,504545454545456;1435,95;58;0,0
c_4005;f;23,65;15;28,558999999999997;571,18;11;1,0
c_4006;f;46,64492753623188;45;13,92768115942029;1922,02;62;0,0
c_4007;f;71,45833333333333;23;22,842083333333335;548,21;12;0,0
c_4008;f;20,883333333333333;20;32,823166666666665;1969,3899999999999;21;1,0
c_4009;f;25,666666666666668;19;44,12102564102564;1720,72;19;1,0
c_401;m;22,78787878787879;11;31,353030303030305;1034,65;17;1,0
c_4010;m;44,9;8;11,045;220,9;7;0,0
c_4011;m;34,43333333333333;16;9,644;289,32;19;0,0
c_4012;f;25,375;8;42,4475;339,58;5;1,0
c_4013;f;19,58823529411765;11;48,637058823529415;826,83;8;1,0
c_4014;m;47,785714285714285;10;14,370000000000001;402,36;11;0,0
c_4015;m;35,67094017094017;82;12,855982905982906;3008,2999999999997;109;0,0
c_4016;f;65,58762886597938;61;15,728865979381444;1525,7;47;0,0
c_4017;m;52,61666666666667;47;15,211833333333333;912,7099999999999;27;0,0
c_4018;f;17,661538461538463;43;52,934;3440,71;30;1,0
c_4019;m;30,52173913043478;9;12,997826086956522;298,95;15;0,0
c_402;m;25,541666666666668;23;35,015;1680,72;23;1,0
c_4020;m;68,57894736842105;20;18,95263157894737;720,2;20;0,0
c_4021;f;41,333333333333336;7;15,1825;182,19;11;0,0
c_4022;f;51,6764705882353;19;14,481764705882354;984,76;29;0,0
c_4023;f;43,68852459016394;146;12,005628415300546;4394,0599999999995;171;0,0
c_4024;m;66,62135922330097;77;15,877378640776698;1635,37;58;0,0
c_4025;m;17,583333333333332;25;44,562777777777775;1604,26;21;1,0
c_4026;f;27,833333333333332;14;69,02277777777778;1242,41;8;1,0
c_4027;m;36,714285714285715;77;12,796190476190477;2418,48;85;0,0
c_4028;m;62,669291338582674;100;14,723622047244096;1869,9;62;0,0
c_4029;m;63,42307692307692;14;24,047307692307694;625,23;19;0,0
c_403;f;73,0;19;17,319545454545455;381,03000000000003;10;0,0
c_4030;m;29,8;5;44,364;221,82;2;1,0
c_4031;f;43,853658536585364;22;12,569512195121952;515,35;19;0,0
c_4032;f;56,62352941176471;55;16,026941176470586;1362,29;39;0,0
c_4033;f;35,76315789473684;19;14,804473684210524;562,5699999999999;18;0,0
c_4034;m;39,714285714285715;35;14,951428571428572;1151,26;37;0,0
c_4035;f;22,444444444444443;8;17,896666666666665;322,14;10;0,0
c_4036;m;51,65555555555556;57;18,67822222222222;1681,04;36;0,0
c_4037;f;27,4375;13;40,474999999999994;647,5999999999999;9;1,0
c_4038;f;42,75;15;12,239374999999999;391,65999999999997;18;0,0
c_4039;f;45,56;45;12,8169;1281,69;56;0,0
c_404;m;50,66315789473684;71;14,713157894736842;1397,75;50;0,0
c_4040;f;80,30434782608695;7;17,702608695652174;407,16;16;0,0
c_4041;f;21,2;4;74,346;371,73;4;1,0
c_4042;m;17,80952380952381;13;46,32380952380952;972,8;7;1,0
c_4043;f;36,61764705882353;41;12,518823529411765;1276,92;48;0,0
c_4044;m;54,833333333333336;13;14,759444444444446;265,67;9;0,0
c_4045;f;69,52777777777777;16;16,2625;585,4499999999999;20;0,0
c_4046;m;46,857142857142854;6;14,993571428571428;419,82;14;0,0
c_4047;m;33,53658536585366;15;14,543658536585365;596,29;27;0,0
c_4048;m;42,583333333333336;32;14,946666666666667;1255,52;36;0,0
c_4049;f;51,649484536082475;67;14,537835051546393;1410,17;45;0,0
c_405;m;27,857142857142858;24;44,190285714285714;1546,66;13;1,0
c_4050;m;26,772727272727273;15;70,90727272727273;1559,96;10;1,0
c_4051;f;46,604166666666664;24;13,701041666666667;657,65;27;0,0
c_4052;m;39,666666666666664;16;13,551282051282051;528,5;16;0,0
c_4053;f;47,61764705882353;13;12,603235294117647;428,51;19;0,0
c_4054;m;56,705882352941174;17;17,369999999999997;295,28999999999996;8;0,0
c_4055;f;21,704918032786885;32;35,928688524590164;2191,65;27;1,0
c_4056;m;31,533333333333335;62;12,25851851851852;1654,9;75;0,0
c_4057;m;40,666666666666664;107;12,7338683127572;3094,33;111;0,0
c_4058;f;46,68571428571428;54;14,440142857142856;2021,62;56;0,0
c_4059;m;75,57142857142857;8;12,218571428571428;171,06;6;0,0
c_406;m;49,5;18;14,453;578,12;22;0,0
c_4060;m;64,63076923076923;31;20,681384615384616;1344,29;28;0,0
c_4061;m;64,58490566037736;30;14,16943396226415;750,98;25;0,0
c_4062;m;27,823529411764707;12;26,964117647058824;458,39;8;1,0
c_4063;f;62,666666666666664;6;12,863333333333332;77,17999999999999;3;0,0
c_4064;f;45,84782608695652;35;14,211521739130434;1307,46;38;0,0
c_4065;m;53,70967741935484;16;13,938064516129032;432,08;14;0,0
c_4066;m;72,85714285714286;10;14,955714285714285;209,38;6;0,0
c_4067;f;48,57575757575758;28;11,951666666666666;788,81;38;0,0
c_4068;f;34,638297872340424;74;14,048989361702128;2641,21;90;0,0
c_4069;m;43,56441717791411;62;14,5060736196319;2364,49;75;0,0
c_407;f;20,698630136986303;46;54,383835616438354;3970,02;35;1,0
c_4070;f;26,571428571428573;9;32,752857142857145;458,54;8;1,0
c_4071;m;48,60122699386503;75;12,521472392638037;2041,0;86;0,0
c_4072;f;53,588235294117645;17;19,18764705882353;326,19;9;0,0
c_4073;f;36,65;70;13,606;2449,08;82;0,0
c_4074;m;54,67307692307692;44;21,085384615384616;1096,44;24;0,0
c_4075;m;35,59322033898305;23;11,296440677966102;666,49;33;0,0
c_4076;m;59,71052631578947;16;17,63157894736842;670,0;17;0,0
c_4077;m;17,333333333333332;17;43,97666666666667;1055,44;17;1,0
c_4078;m;28,94736842105263;15;38,420526315789466;729,9899999999999;8;1,0
c_4079;f;43,632;57;14,27656;1784,57;65;0,0
c_408;f;22,857142857142858;7;68,16428571428571;477,15;2;1,0
c_4080;f;49,90163934426229;21;18,741639344262296;1143,24;21;0,0
c_4081;f;64,69491525423729;21;15,167966101694915;894,91;27;0,0
c_4082;m;19,363636363636363;12;17,971363636363638;395,37;19;1,0
c_4083;m;17,729166666666668;14;16,270625;780,99;25;1,0
c_4084;m;22,70967741935484;20;26,91354838709677;834,3199999999999;14;1,0
c_4085;m;40,5945945945946;95;12,435360360360361;2760,65;112;0,0
c_4087;m;48,766666666666666;27;14,134833333333335;848,09;32;0,0
c_4088;f;70,71311475409836;102;18,867213114754097;2301,7999999999997;55;0,0
c_4089;f;38,707317073170735;106;12,899372822299652;3702,12;126;0,0
c_409;f;65,78688524590164;46;16,3;994,3;29;0,0
c_4090;m;22,782608695652176;31;73,63434782608695;3387,18;17;1,0
c_4091;f;17,823529411764707;24;55,26558823529412;1879,03;13;1,0
c_4092;f;29,72;50;41,14013333333333;3085,5099999999998;38;1,0
c_4093;f;38,70967741935484;22;15,581935483870968;483,04;17;0,0
c_4094;m;24,3;6;30,657999999999998;306,58;7;1,0
c_4095;m;30,53488372093023;56;13,871007751937984;1789,36;75;0,0
c_4096;m;59,509803921568626;44;15,806862745098039;806,15;33;0,0
c_4097;m;21,58823529411765;10;63,072941176470586;1072,24;9;1,0
c_4098;m;43,765957446808514;18;12,027659574468084;565,3;22;0,0
c_4099;f;45,71098265895954;72;11,902832369942196;2059,19;82;0,0
c_41;f;76,64285714285714;34;13,960714285714285;586,35;22;0,0
c_410;m;52,75;5;14,7525;118,02;7;0,0
c_4100;f;26,285714285714285;3;31,238571428571426;218,67;5;1,0
c_4101;f;44,630824372759854;114;13,03989247311828;3638,13;132;0,0
c_4102;m;66,67857142857143;83;13,959553571428572;1563,47;53;0,0
c_4103;f;41,58846153846154;125;11,779884615384615;3062,77;128;0,0
c_4104;f;17,458333333333332;18;52,5425;1261,02;14;1,0
c_4105;m;36,51724137931034;11;13,59551724137931;394,27;17;0,0
c_4106;m;36,60674157303371;42;12,816404494382024;1140,66;43;0,0
c_4107;m;21,680851063829788;24;32,40085106382978;1522,84;23;1,0
c_4108;m;19,81578947368421;18;44,24657894736843;1681,3700000000001;16;1,0
c_4109;f;40,73529411764706;17;21,134117647058822;1437,12;33;0,0
c_411;m;25,728813559322035;36;42,45016949152542;2504,56;29;1,0
c_4110;m;25,736842105263158;36;51,55508771929824;2938,64;22;1,0
c_4111;m;52,69736842105263;54;14,346315789473683;1090,32;39;0,0
c_4112;m;42,71111111111111;42;12,042222222222222;1083,8;41;0,0
c_4113;m;19,6056338028169;30;29,908732394366197;2123,52;35;1,0
c_4114;f;35,772413793103446;72;13,170896551724137;1909,78;68;0,0
c_4115;f;23,68421052631579;12;24,607894736842105;467,55;10;1,0
c_4116;m;43,61832061068702;53;12,230381679389314;1602,18;64;0,0
c_4117;m;39,696969696969695;17;12,202121212121213;402,67;16;0,0
c_4118;m;61,66153846153846;97;15,023769230769231;1953,09;56;0,0
c_4119;m;17,5;13;68,0325;1360,65;10;1,0
c_412;m;45,54205607476636;52;12,529252336448597;1340,6299999999999;60;0,0
c_4120;f;42,60188087774295;130;12,450595611285266;3971,74;155;0,0
c_4121;f;41,40625;14;15,0765625;482,45;21;0,0
c_4122;m;19,540983606557376;26;33,180983606557376;2024,04;35;1,0
c_4123;f;62,8;34;16,78290909090909;923,06;23;0,0
c_4124;f;38,589595375722546;75;11,550462427745664;1998,23;94;0,0
c_4125;m;42,5;6;17,044166666666666;204,53;8;0,0
c_4126;f;30,669421487603305;53;13,02892561983471;1576,5;58;0,0
c_4127;f;50,72857142857143;46;14,221857142857143;995,53;31;0,0
c_4128;m;51,68181818181818;18;15,527727272727274;341,61;9;0,0
c_4129;m;42,75879396984924;81;12,90396984924623;2567,89;82;0,0
c_413;f;35,46341463414634;17;12,137073170731707;497,62;21;0,0
c_4130;m;45,675324675324674;100;12,645367965367965;2921,08;95;0,0
c_4131;m;53,723404255319146;35;15,93659574468085;749,02;22;0,0
c_4132;m;49,45454545454545;22;12,108863636363635;532,79;29;0,0
c_4133;f;62,53333333333333;28;16,08866666666667;723,99;23;0,0
c_4134;f;59,55;17;16,2155;648,62;17;0,0
c_4135;f;35,72463768115942;48;12,560869565217391;1733,4;60;0,0
c_4136;f;35,39473684210526;17;15,858421052631579;602,62;25;0,0
c_4137;f;53,778481012658226;118;16,88886075949367;2668,44;65;0,0
c_4138;f;76,78947368421052;19;17,18842105263158;326,58;7;0,0
c_4139;f;29,655172413793103;18;38,05724137931035;1103,66;16;1,0
c_414;f;46,63793103448276;26;13,948275862068966;809,0;32;0,0
c_4140;f;63,72380952380952;67;14,937428571428573;1568,43;48;0,0
c_4141;m;25,6;3;18,860666666666663;282,90999999999997;9;0,0
c_4142;f;29,5625;51;59,100125000000006;4728,01;38;1,0
c_4143;f;33,027027027027025;16;11,006756756756756;407,25;13;0,0
c_4144;f;23,771428571428572;37;39,96042857142857;2797,23;27;1,0
c_4145;m;46,53636363636364;53;12,17309090909091;1339,04;76;0,0
c_4146;f;37,3728813559322;29;12,38728813559322;730,85;43;0,0
c_4147;m;41,77391304347826;47;12,13895652173913;1395,98;48;0,0
c_4148;f;17,897959183673468;12;15,612857142857143;765,03;19;1,0
c_4149;f;57,65714285714286;23;17,910857142857143;626,88;13;0,0
c_415;m;28,866666666666667;27;45,62688888888889;2053,21;15;1,0
c_4150;f;58,714285714285715;69;15,47857142857143;1300,2;40;0,0
c_4151;m;18,428571428571427;11;35,05619047619047;736,18;13;1,0
c_4152;m;42,73170731707317;36;14,01719512195122;1149,41;42;0,0
c_4153;f;33,58048780487805;97;12,171951219512195;2495,25;98;0,0
c_4154;m;61,656716417910445;46;16,314925373134326;1093,1;33;0,0
c_4155;m;65,73076923076923;19;15,593461538461538;405,43;8;0,0
c_4156;f;47,64930555555556;108;14,212743055555556;4093,27;134;0,0
c_4157;f;70,69411764705882;56;18,456823529411764;1568,83;38;0,0
c_4158;f;51,535714285714285;41;22,64392857142857;1268,06;33;0,0
c_4159;f;46,69597069597069;87;13,66029304029304;3729,2599999999998;131;0,0
c_416;f;33,75757575757576;14;12,104242424242424;399,44;14;0,0
c_4160;m;24,5;13;77,10285714285715;1079,44;9;1,0
c_4161;m;42,56410256410256;70;13,567307692307692;2116,5;82;0,0
c_4162;f;39,7375;30;13,831;1106,48;33;0,0
c_4163;f;25,555555555555557;14;30,866666666666667;555,6;11;1,0
c_4164;f;53,80952380952381;17;18,024761904761903;378,52;10;0,0
c_4165;f;34,59782608695652;34;13,433695652173913;1235,9;45;0,0
c_4166;f;25,71794871794872;28;63,217948717948715;2465,5;18;1,0
c_4167;f;42,66898954703833;101;13,573066202090592;3895,47;126;0,0
c_4168;f;75,89830508474576;34;18,21491525423729;1074,68;26;0,0
c_4169;f;70,53571428571429;22;15,530714285714286;434,86;15;0,0
c_417;m;57,74285714285714;22;14,424857142857142;504,87;17;0,0
c_4170;f;61,4375;10;18,52375;296,38;12;0,0
c_4171;f;23,5;22;23,715999999999998;1185,8;31;1,0
c_4172;f;26,757894736842104;51;37,80915789473684;3591,87;44;1,0
c_4173;m;78,5;6;21,738333333333333;260,86;6;0,0
c_4174;f;45,57142857142857;17;13,667142857142856;574,02;19;0,0
c_4175;f;20,80246913580247;49;31,076049382716047;2517,16;39;1,0
c_4176;f;35,696969696969695;49;13,37020202020202;1323,65;52;0,0
c_4177;m;19,533333333333335;11;65,35533333333333;980,33;8;1,0
c_4178;f;51,857142857142854;15;21,279285714285713;595,8199999999999;15;0,0
c_4179;f;75,71428571428571;7;14,357857142857142;201,01;7;0,0
c_418;f;90,58333333333333;11;20,601666666666667;494,44;13;0,0
c_4180;m;42,416666666666664;19;13,104333333333333;786,26;37;0,0
c_4181;f;68,47619047619048;18;19,606666666666666;411,74;11;0,0
c_4182;m;32,70648464163823;130;12,333037542662115;3613,58;135;0,0
c_4183;m;70,54545454545455;12;14,142727272727273;311,14;11;0,0
c_4184;f;72,61333333333333;60;15,103866666666667;1132,79;39;0,0
c_4185;f;52,1;6;13,983;139,83;7;0,0
c_4186;f;70,5925925925926;20;20,339259259259258;549,16;15;0,0
c_4187;f;40,80952380952381;12;14,636190476190476;307,36;9;0,0
c_4188;f;86,5;10;11,951923076923077;310,75;15;0,0
c_4189;m;27,485714285714284;21;37,80571428571429;1323,2;23;1,0
c_419;m;38,47560975609756;40;13,085365853658537;1073,0;55;0,0
c_4190;f;57,6764705882353;22;15,66794117647059;532,71;21;0,0
c_4191;m;30,8;23;14,044749999999999;1123,58;35;0,0
c_4192;f;76,70247933884298;96;16,41115702479339;1985,75;63;0,0
c_4193;m;76,72727272727273;8;15,05090909090909;165,56;4;0,0
c_4194;m;83,58904109589041;52;16,059726027397257;1172,36;43;0,0
c_4195;f;41,69565217391305;56;13,20286956521739;1518,33;56;0,0
c_4196;f;30,0;7;36,52818181818182;401,81;5;1,0
c_4197;f;39,8235294117647;11;12,213235294117647;415,25;17;0,0
c_4198;m;45,724137931034484;30;13,266896551724138;1154,22;44;0,0
c_4199;m;43,791666666666664;21;15,163958333333333;727,87;18;0,0
c_42;f;41,73770491803279;22;12,082131147540984;737,01;26;0,0
c_420;f;34,46666666666667;42;12,860952380952382;1350,4;55;0,0
c_4200;f;55,87931034482759;12;20,558448275862066;1192,3899999999999;21;0,0
c_4201;f;39,735099337748345;61;14,27543046357616;2155,59;73;0,0
c_4202;f;34,588235294117645;17;12,5;425,0;22;0,0
c_4203;f;77,7159090909091;75;18,67806818181818;1643,6699999999998;41;0,0
c_4204;m;21,59090909090909;20;34,57954545454545;1521,5;24;1,0
c_4205;m;81,78125;37;14,27234375;913,43;27;0,0
c_4206;m;58,56;15;13,091600000000001;327,29;12;0,0
c_4207;m;59,895833333333336;28;14,425624999999998;692,43;20;0,0
c_4208;f;48,61206896551724;48;13,902241379310345;1612,66;57;0,0
c_4209;f;47,72435897435897;136;11,845544871794871;3695,81;133;0,0
c_421;m;40,582089552238806;63;13,435223880597015;1800,32;76;0,0
c_4210;m;63,69230769230769;15;16,523846153846154;429,62;16;0,0
c_4211;m;34,63963963963964;98;12,984234234234235;2882,5;114;0,0
c_4212;f;18,055555555555557;10;19,371388888888887;697,37;13;1,0
c_4213;f;26,0;4;13,169999999999998;131,7;5;0,0
c_4214;m;23,083333333333332;5;17,68166666666667;212,18;11;0,0
c_4215;f;41,63636363636363;13;11,105681818181818;488,65;22;0,0
c_4216;m;33,58139534883721;32;11,73174418604651;1008,93;40;0,0
c_4217;f;41,65625;26;12,62796875;808,19;27;0,0
c_4218;f;21,76;36;39,8108;1990,54;22;1,0
c_4219;m;40,6359649122807;96;12,478464912280703;2845,09;99;0,0
c_422;m;63,61538461538461;49;17,047384615384615;1108,08;33;0,0
c_4220;m;37,796460176991154;41;14,079469026548672;1590,98;45;0,0
c_4221;m;65,76106194690266;70;16,069911504424777;1815,8999999999999;53;0,0
c_4222;m;40,72631578947368;41;16,009894736842107;1520,94;49;0,0
c_4223;f;70,0;1;24,81;24,81;1;0,0
c_4224;m;27,466666666666665;6;28,727999999999998;430,91999999999996;9;1,0
c_4225;m;29,933333333333334;9;84,264;1263,96;5;1,0
c_4226;m;63,59701492537314;38;17,817014925373133;1193,74;34;0,0
c_4227;m;52,748538011695906;110;19,330058479532163;3305,44;66;0,0
c_4228;m;30,488888888888887;18;10,589777777777778;476,54;26;0,0
c_4229;m;20,82456140350877;31;33,852982456140346;1929,62;31;1,0
c_423;m;57,68627450980392;29;17,98156862745098;917,06;26;0,0
c_4230;f;36,588235294117645;33;13,338941176470588;1133,81;45;0,0
c_4231;f;50,42857142857143;6;13,727142857142857;384,36;16;0,0
c_4232;m;41,583333333333336;80;14,175952380952381;2381,56;94;0,0
c_4233;m;64,54545454545455;11;14,466363636363637;159,13;5;0,0
c_4234;m;18,0;15;33,07884615384615;860,05;12;1,0
c_4235;m;23,692307692307693;13;52,25;679,25;6;1,0
c_4236;f;66,42307692307692;10;14,314615384615385;372,18;15;0,0
c_4237;m;43,64233576642336;56;14,57080291970803;1996,2;71;0,0
c_4238;m;65,70707070707071;87;15,81181818181818;1565,37;47;0,0
c_4239;m;24,941176470588236;6;31,008823529411764;527,15;7;1,0
c_424;f;65,89473684210526;17;16,086842105263155;305,65;9;0,0
c_4240;m;68,59649122807018;22;15,105614035087719;861,02;27;0,0
c_4241;m;28,637931034482758;42;45,02637931034482;2611,5299999999997;29;1,0
c_4242;m;26,720588235294116;41;50,936470588235295;3463,68;31;1,0
c_4243;m;36,67816091954023;39;12,717011494252873;1106,3799999999999;45;0,0
c_4244;f;55,54761904761905;36;15,32357142857143;643,59;28;0,0
c_4245;m;18,76923076923077;7;48,660769230769226;632,5899999999999;8;1,0
c_4246;f;45,857142857142854;30;11,393650793650792;717,8;27;0,0
c_4247;f;22,725;30;39,0775;1563,1;17;1,0
c_4248;m;22,416666666666668;4;27,454166666666666;329,45;6;1,0
c_4249;m;39,5;10;11,703571428571427;163,85;8;0,0
c_425;f;42,9080459770115;26;16,32574712643678;1420,34;38;0,0
c_4250;m;28,58823529411765;12;42,55058823529412;723,36;9;1,0
c_4251;m;60,68421052631579;75;16,67254385964912;1900,6699999999998;51;0,0
c_4252;f;28,54;36;42,7896;2139,48;27;1,0
c_4253;f;30,560606060606062;23;11,492424242424242;758,5;36;0,0
c_4254;f;34,5;11;9,4925;151,88;8;0,0
c_4255;f;51,729166666666664;43;17,413229166666667;1671,67;40;0,0
c_4256;f;25,52173913043478;42;53,84985507246377;3715,64;31;1,0
c_4257;m;75,80952380952381;17;16,417380952380952;689,53;20;0,0
c_4258;f;62,64028776978417;87;18,648057553956836;2592,08;69;0,0
c_4259;m;27,818181818181817;9;109,06818181818181;1199,75;5;1,0
c_426;m;57,6551724137931;17;14,801034482758622;429,23;11;0,0
c_4260;f;63,76;10;11,318;282,95;10;0,0
c_4261;m;64,82857142857142;55;14,082714285714285;985,79;27;0,0
c_4262;m;37,66891891891892;125;12,386554054054054;3666,42;136;0,0
c_4263;f;38,641337386018236;133;12,76954407294833;4201,18;153;0,0
c_4264;f;54,55555555555556;17;19,14962962962963;517,04;15;0,0
c_4265;f;59,704918032786885;49;15,622459016393442;952,97;27;0,0
c_4266;m;52,666666666666664;46;16,6608;1249,56;39;0,0
c_4267;m;37,63095238095238;40;13,552261904761906;1138,39;43;0,0
c_4268;f;39,57575757575758;40;13,411111111111111;1327,7;47;0,0
c_4269;m;61,7375;62;16,397875;1311,83;39;0,0
c_427;f;47,80434782608695;35;14,973804347826086;1377,59;34;0,0
c_4270;f;42,6530612244898;50;14,793877551020406;2174,7;64;0,0
c_4271;f;53,708333333333336;14;20,313333333333333;487,52;15;0,0
c_4272;f;62,74603174603175;23;14,992380952380952;944,52;29;0,0
c_4273;f;19,76388888888889;27;30,353749999999998;2185,47;29;1,0
c_4274;f;21,612903225806452;34;39,65903225806452;2458,86;27;1,0
c_4275;f;17,666666666666668;9;49,66333333333333;446,96999999999997;5;1,0
c_4276;f;79,72463768115942;36;19,301014492753623;1331,77;33;0,0
c_4277;f;29,266666666666666;9;81,55199999999999;1223,28;6;1,0
c_4278;m;29,764705882352942;18;52,1935294117647;1774,58;12;1,0
c_4279;m;29,285714285714285;5;44,39;310,73;6;1,0
c_428;f;39,73312883435583;122;13,821901840490796;4505,94;141;0,0
c_4280;f;17,86046511627907;44;36,589999999999996;3146,74;30;1,0
c_4281;m;35,76136363636363;36;10,615227272727273;934,14;36;0,0
c_4282;f;50,61581920903955;139;16,31282485875706;2887,37;79;0,0
c_4283;f;45,69718309859155;63;13,75612676056338;1953,37;75;0,0
c_4284;f;23,57777777777778;36;57,01222222222223;2565,55;18;1,0
c_4285;m;46,651162790697676;54;14,503178294573642;1870,9099999999999;65;0,0
c_4286;f;19,575;28;55,67425000000001;2226,9700000000003;21;1,0
c_4287;f;35,655913978494624;32;10,481935483870968;974,82;45;0,0
c_4288;f;44,833333333333336;15;15,331;459,93;14;0,0
c_4289;f;61,48076923076923;31;16,005384615384614;832,28;29;0,0
c_429;f;34,63636363636363;6;15,107272727272727;166,18;6;0,0
c_4290;m;51,63694267515923;102;15,426942675159234;2422,0299999999997;77;0,0
c_4291;f;18,7;13;33,6205;672,41;8;1,0
c_4292;m;17,517241379310345;18;45,76172413793103;1327,09;14;1,0
c_4293;f;34,66981132075472;41;11,786415094339622;1249,36;54;0,0
c_4294;m;64,7;7;15,876;158,76;5;0,0
c_4295;m;34,71111111111111;39;13,87811111111111;1249,03;42;0,0
c_4296;f;49,621212121212125;34;12,019545454545455;793,29;36;0,0
c_4297;m;35,65432098765432;31;15,795185185185186;1279,41;37;0,0
c_4298;m;49,6051282051282;95;12,900820512820513;2515,66;99;0,0
c_4299;f;28,444444444444443;5;22,215555555555554;399,88;9;0,0
c_43;m;39,766304347826086;62;12,833967391304347;2361,45;81;0,0
c_430;f;39,71875;38;12,223437500000001;1173,45;50;0,0
c_4300;f;35,69961977186312;103;11,96406844106464;3146,55;116;0,0
c_4301;m;27,68;17;44,4884;1112,21;9;1,0
c_4302;m;46,651315789473685;120;11,978092105263158;3641,34;132;0,0
c_4303;m;48,72727272727273;13;12,44681818181818;273,83;13;0,0
c_4304;f;52,44827586206897;12;15,791724137931034;457,96;18;0,0
c_4305;f;54,52173913043478;27;18,72586956521739;861,39;27;0,0
c_4306;m;57,90909090909091;23;15,32121212121212;505,59999999999997;16;0,0
c_4307;f;39,70388349514563;74;14,407427184466018;2967,93;95;0,0
c_4308;m;24,333333333333332;14;34,46904761904762;723,85;14;1,0
c_4309;m;44,566523605150216;91;13,002188841201717;3029,5099999999998;123;0,0
c_431;m;31,746268656716417;51;13,48186567164179;1806,57;60;0,0
c_4310;m;53,89873417721519;50;17,680126582278483;1396,73;35;0,0
c_4311;f;18,6;5;31,883999999999997;159,42;2;1,0
c_4312;f;59,0;1;20,323333333333334;60,97;3;0,0
c_4313;m;54,63076923076923;50;18,054923076923075;1173,57;34;0,0
c_4314;m;57,67605633802817;45;15,670281690140843;1112,59;35;0,0
c_4315;m;72,66071428571429;85;18,8475;2110,92;53;0,0
c_4316;f;47,80952380952381;26;13,748690476190477;1154,89;28;0,0
c_4317;m;31,632231404958677;97;12,574256198347106;3042,97;117;0,0
c_4318;m;50,61643835616438;57;18,06780821917808;1318,9499999999998;37;0,0
c_4319;m;66,78481012658227;56;16,796962025316457;1326,96;30;0,0
c_432;m;70,76470588235294;10;15,239999999999998;259,08;8;0,0
c_4320;f;68,76666666666667;43;16,870166666666666;1012,2099999999999;30;0,0
c_4321;f;17,512820512820515;25;48,88153846153846;1906,3799999999999;17;1,0
c_4322;m;36,66101694915254;23;11,719830508474576;691,47;26;0,0
c_4323;f;38,542857142857144;15;17,543142857142858;614,01;20;0,0
c_4324;f;51,791666666666664;30;16,518958333333334;792,91;18;0,0
c_4325;f;48,60693641618497;71;11,937341040462426;2065,16;78;0,0
c_4326;f;53,6;105;17,5352;2191,9;66;0,0
c_4327;f;33,8235294117647;36;14,167745098039214;1445,11;47;0,0
c_4328;f;47,645833333333336;19;13,837916666666667;664,22;22;0,0
c_4329;f;31,613636363636363;85;13,703181818181818;3014,7;117;0,0
c_433;m;65,7710843373494;52;17,470722891566265;1450,07;38;0,0
c_4330;m;44,743589743589745;38;12,405384615384616;1451,43;51;0,0
c_4331;f;57,63333333333333;19;12,996333333333332;389,89;15;0,0
c_4332;m;38,7;76;11,778823529411765;2002,4;78;0,0
c_4333;m;65,83898305084746;82;17,696271186440676;2088,16;53;0,0
c_4334;m;90,77551020408163;27;13,807755102040815;676,5799999999999;21;0,0
c_4335;m;62,59615384615385;16;14,251153846153844;741,06;23;0,0
c_4336;m;27,956521739130434;20;38,67521739130434;889,53;8;1,0
c_4337;f;86,61904761904762;13;16,266190476190474;341,59;9;0,0
c_4338;m;28,859649122807017;22;28,233859649122806;1609,33;22;1,0
c_4339;f;87,5;6;16,883333333333333;101,3;3;0,0
c_434;f;25,333333333333332;6;29,41;264,69;7;1,0
c_4340;m;33,52777777777778;29;19,213749999999997;1383,3899999999999;37;0,0
c_4341;m;17,69811320754717;25;25,79603773584906;1367,19;27;1,0
c_4342;f;21,846153846153847;19;51,38307692307693;2003,94;16;1,0
c_4343;f;34,50515463917526;42;10,873711340206185;1054,75;55;0,0
c_4344;m;53,61363636363637;33;14,92181818181818;656,56;21;0,0
c_4345;m;32,702127659574465;24;11,669787234042554;548,48;17;0,0
c_4346;f;49,75308641975309;37;14,827777777777778;1201,05;38;0,0
c_4347;f;18,571428571428573;7;71,49571428571429;500,47;4;1,0
c_4348;m;47,78125;52;12,656666666666666;1215,04;46;0,0
c_4349;f;53,621212121212125;29;14,016060606060606;925,06;33;0,0
c_435;f;40,63095238095238;59;13,692797619047619;2300,39;78;0,0
c_4350;m;59,80434782608695;18;16,92217391304348;778,4200000000001;21;0,0
c_4351;m;29,650793650793652;49;55,45190476190476;3493,47;29;1,0
c_4352;f;19,708333333333332;14;38,51;924,24;15;1,0
c_4353;f;24,785714285714285;10;48,621428571428574;680,7;4;1,0
c_4354;m;63,8235294117647;11;41,0464705882353;697,7900000000001;8;0,0
c_4355;m;41,72727272727273;76;15,550861244019138;3250,13;99;0,0
c_4356;f;24,714285714285715;34;53,46530612244897;2619,7999999999997;23;1,0
c_4357;m;46,69620253164557;70;11,813481012658228;1866,53;73;0,0
c_4359;f;47,63636363636363;16;11,805454545454545;389,58;17;0,0
c_436;f;27,535714285714285;18;32,36625;1812,51;28;1,0
c_4360;f;27,75;2;45,2775;181,11;4;1,0
c_4361;f;21,875;4;23,9125;191,3;4;1,0
c_4362;m;54,733333333333334;17;19,297;1157,82;24;0,0
c_4363;m;24,666666666666668;11;26,671333333333333;800,14;14;1,0
c_4364;m;80,7843137254902;67;18,224509803921567;1858,8999999999999;46;0,0
c_4365;f;29,543478260869566;16;24,798478260869565;1140,73;27;1,0
c_4366;m;68,61904761904762;18;14,092380952380953;295,94;12;0,0
c_4367;m;31,634615384615383;66;12,648141025641024;1973,11;75;0,0
c_4368;f;48,791666666666664;12;8,99;215,76000000000002;10;0,0
c_4369;m;31,74736842105263;48;13,569473684210525;1289,1;49;0,0
c_437;f;53,69512195121951;61;16,120853658536586;1321,91;39;0,0
c_4370;f;44,642857142857146;27;14,128214285714286;1186,77;36;0,0
c_4371;f;28,571428571428573;4;41,13142857142857;287,92;5;1,0
c_4372;m;79,6086956521739;39;17,71260869565217;814,78;30;0,0
c_4373;m;75,48484848484848;17;15,56121212121212;513,52;19;0,0
c_4374;m;38,5625;17;12,846041666666666;616,61;30;0,0
c_4375;f;20,5;14;48,423333333333325;1162,1599999999999;16;1,0
c_4376;f;58,63225806451613;111;16,34851612903226;2534,02;70;0,0
c_4377;m;46,64705882352941;91;12,423235294117648;2534,34;96;0,0
c_4378;m;17,555555555555557;13;59,27277777777778;1066,91;9;1,0
c_4379;f;33,53846153846154;26;11,260192307692307;585,53;29;0,0
c_438;m;65,83870967741936;15;13,534193548387098;419,56;13;0,0
c_4380;m;66,6;16;16,568;331,36;8;0,0
c_4381;m;17,48148148148148;20;48,105555555555554;1298,85;14;1,0
c_4382;f;22,818181818181817;21;37,717727272727274;1659,58;17;1,0
c_4383;f;33,36363636363637;26;13,715227272727274;603,47;29;0,0
c_4384;m;80,66666666666667;27;11,727708333333332;562,93;22;0,0
c_4385;m;52,5;12;21,709166666666665;260,51;6;0,0
c_4386;f;19,654545454545456;25;24,610363636363637;1353,57;31;1,0
c_4387;m;30,857142857142858;22;13,222619047619048;555,35;20;0,0
c_4388;f;50,4;5;15,728;78,64;4;0,0
c_4389;m;37,676767676767675;38;15,08868686868687;1493,78;52;0,0
c_439;f;59,61818181818182;33;15,964181818181817;878,03;29;0,0
c_4390;f;61,68333333333333;40;15,682333333333332;940,9399999999999;26;0,0
c_4391;f;20,5;2;181,99;363,98;1;1,0
c_4392;m;39,3125;10;9,91625;317,32;21;0,0
c_4393;m;57,79381443298969;50;15,175154639175258;1471,99;41;0,0
c_4394;f;43,67821782178218;82;12,698415841584158;2565,08;88;0,0
c_4395;m;19,675;28;38,8225;1552,8999999999999;19;1,0
c_4396;f;44,64179104477612;20;14,33597014925373;960,51;34;0,0
c_4397;m;65,71551724137932;58;16,103706896551724;1868,03;54;0,0
c_4398;f;43,73809523809524;18;11,716904761904763;492,11;21;0,0
c_4399;m;65,81666666666666;27;14,007166666666667;840,43;21;0,0
c_44;f;29,423076923076923;18;36,951153846153844;960,73;17;1,0
c_440;f;53,57142857142857;4;17,13285714285714;119,92999999999999;3;0,0
c_4400;m;44,5;14;11,394333333333332;341,83;16;0,0
c_4401;m;55,60655737704918;36;18,85672131147541;1150,26;28;0,0
c_4402;m;47,71955719557196;103;12,87830258302583;3490,02;110;0,0
c_4403;f;66,74242424242425;56;14,011060606060607;924,73;31;0,0
c_4404;m;46,49333333333333;26;14,431866666666668;1082,39;38;0,0
c_4405;f;25,70731707317073;30;69,43560975609755;2846,8599999999997;21;1,0
c_4407;m;35,64102564102564;15;13,121282051282051;511,73;20;0,0
c_4408;m;39,52173913043478;5;15,554347826086957;357,75;18;0,0
c_4409;m;43,75;33;12,0503;1205,03;50;0,0
c_441;f;49,76119402985075;31;13,324328358208955;892,73;26;0,0
c_4410;f;54,671052631578945;52;18,116052631578945;1376,82;38;0,0
c_4411;f;17,728813559322035;38;39,951016949152546;2357,11;26;1,0
c_4412;m;65,6;14;16,718;334,36;10;0,0
c_4413;f;43,64102564102564;81;15,748769230769229;3071,0099999999998;94;0,0
c_4414;f;50,609756097560975;17;15,131219512195122;620,38;20;0,0
c_4415;m;47,666666666666664;15;12,881666666666668;695,61;21;0,0
c_4416;m;59,725;21;14,24325;569,73;16;0,0
c_4417;f;41,65625;61;14,208124999999999;1818,6399999999999;62;0,0
c_4418;m;54,7;9;10,95;109,5;6;0,0
c_4419;m;17,56;20;25,1112;1255,56;25;1,0
c_442;f;17,650793650793652;37;41,1852380952381;2594,67;33;1,0
c_4420;f;38,64601769911504;44;13,68575221238938;1546,49;60;0,0
c_4421;m;61,57471264367816;71;17,002528735632183;1479,22;48;0,0
c_4422;m;44,68115942028985;27;13,071884057971014;901,9599999999999;34;0,0
c_4423;m;37,635416666666664;39;11,83375;1136,04;45;0,0
c_4424;m;34,58064516129032;58;12,519677419354839;1552,44;69;0,0
c_4425;m;51,45454545454545;46;18,580545454545454;1021,93;30;0,0
c_4426;f;48,60576923076923;37;13,463653846153846;1400,22;50;0,0
c_4427;m;61,69230769230769;6;13,773076923076925;179,05;6;0,0
c_4428;m;53,803030303030305;32;11,236515151515151;741,61;28;0,0
c_4429;f;42,71153846153846;61;13,73653846153846;2857,2;84;0,0
c_443;f;34,698019801980195;78;14,61589108910891;2952,41;83;0,0
c_4430;m;35,41860465116279;18;17,94674418604651;771,7099999999999;28;0,0
c_4431;m;33,56666666666667;12;13,652666666666667;409,58;15;0,0
c_4432;f;41,76756756756757;77;13,178378378378378;2438,0;92;0,0
c_4433;m;34,63636363636363;22;13,460454545454546;888,39;30;0,0
c_4434;f;35,651162790697676;98;13,002372093023254;2795,5099999999998;112;0,0
c_4435;m;54,630434782608695;28;15,863260869565218;729,71;19;0,0
c_4436;f;28,0;2;68,28;136,56;2;1,0
c_4437;f;54,72;26;19,071199999999997;953,56;27;0,0
c_4438;f;75,67901234567901;34;19,77925925925926;1602,12;33;0,0
c_4439;m;45,785714285714285;27;14,216607142857143;796,13;31;0,0
c_444;f;42,55223880597015;28;16,44865671641791;1102,06;43;0,0
c_4440;m;23,666666666666668;3;68,99;413,94;2;1,0
c_4441;f;41,61594202898551;74;11,759710144927535;1622,84;69;0,0
c_4442;m;65,71764705882353;71;14,101647058823527;1198,6399999999999;39;0,0
c_4443;m;42,62686567164179;120;13,861679104477611;3714,93;122;0,0
c_4444;f;62,46153846153846;11;19,796153846153842;257,34999999999997;7;0,0
c_4445;m;30,35593220338983;13;14,497966101694916;855,38;38;0,0
c_4446;f;65,74603174603175;49;18,126349206349207;1141,96;27;0,0
c_4448;m;31,53061224489796;17;15,180000000000001;743,82;28;0,0
c_4449;f;43,76190476190476;22;12,098095238095238;508,12;22;0,0
c_445;m;48,630630630630634;87;12,275135135135136;2725,08;103;0,0
c_4450;f;44,737556561085974;92;11,94235294117647;2639,2599999999998;92;0,0
c_4451;f;35,74074074074074;22;13,140185185185187;709,57;26;0,0
c_4452;f;44,791044776119406;25;12,070149253731344;808,7;35;0,0
c_4453;m;40,53333333333333;64;15,526296296296298;2096,05;76;0,0
c_4454;f;48,714285714285715;113;12,616204081632652;3090,97;101;0,0
c_4455;f;37,58730158730159;82;12,892010582010583;2436,59;107;0,0
c_4456;f;37,75757575757576;26;13,77409090909091;909,09;33;0,0
c_4457;f;41,67289719626168;46;12,95747663551402;1386,45;51;0,0
c_4458;m;45,76744186046512;22;12,833023255813954;551,82;17;0,0
c_4459;m;47,69832402234637;73;13,742905027932961;2459,98;87;0,0
c_446;f;39,85263157894737;40;13,420631578947368;1274,96;47;0,0
c_4460;f;17,785714285714285;14;54,21642857142857;759,03;5;1,0
c_4461;f;56,55;14;16,1185;322,37;11;0,0
c_4462;f;55,67741935483871;26;15,521290322580644;481,15999999999997;17;0,0
c_4463;m;29,333333333333332;7;74,37;669,33;6;1,0
c_4464;m;49,52173913043478;6;15,533478260869565;357,27;11;0,0
c_4465;m;45,392857142857146;12;10,682500000000001;299,11;17;0,0
c_4466;m;61,78947368421053;27;16,052894736842106;610,01;16;0,0
c_4467;m;28,6;5;74,59;372,95;2;1,0
c_4468;f;38,66847826086956;83;12,957663043478261;2384,21;90;0,0
c_4469;f;52,729166666666664;36;16,53625;793,74;22;0,0
c_447;f;39,71153846153846;20;19,135384615384616;995,04;26;0,0
c_4470;m;55,675;34;16,538;661,52;17;0,0
c_4471;f;30,77173913043478;31;11,930434782608694;1097,6;37;0,0
c_4472;m;48,69444444444444;14;15,234444444444442;548,4399999999999;21;0,0
c_4473;m;37,94871794871795;22;12,373333333333333;482,56;14;0,0
c_4474;f;31,68259385665529;116;12,851126279863482;3765,38;129;0,0
c_4475;m;68,4047619047619;13;15,363095238095237;645,25;27;0,0
c_4476;f;44,705882352941174;29;13,575647058823531;1153,93;39;0,0
c_4477;f;22,76923076923077;14;11,412307692307692;445,08;21;0,0
c_4478;f;51,0;1;13,36;13,36;1;0,0
c_4479;f;63,666666666666664;15;17,88285714285714;375,53999999999996;11;0,0
c_448;m;33,746753246753244;56;15,285974025974026;2354,04;72;0,0
c_4480;f;24,23076923076923;13;30,152307692307694;783,96;20;1,0
c_4481;f;68,76923076923077;24;16,473076923076924;642,45;23;0,0
c_4482;f;77,6;5;12,226;61,13;3;0,0
c_4483;m;39,647577092511014;92;12,672731277533039;2876,71;108;0,0
c_4484;f;46,67399267399267;131;12,23934065934066;3341,34;126;0,0
c_4485;f;44,66346153846154;49;13,838173076923077;1439,17;55;0,0
c_4486;m;40,53398058252427;51;13,725728155339805;1413,75;53;0,0
c_4487;f;61,51063829787234;36;16,083191489361703;755,91;29;0,0
c_4488;f;51,72222222222222;67;18,746222222222222;1687,16;44;0,0
c_4489;f;18,627118644067796;44;43,46813559322034;2564,62;28;1,0
c_449;f;37,60301507537689;84;13,098944723618091;2606,69;103;0,0
c_4490;f;17,823529411764707;21;48,66764705882353;1654,7;10;1,0
c_4491;f;37,64506172839506;142;15,208765432098767;4927,64;147;0,0
c_4492;f;41,627831715210355;127;12,563624595469255;3882,16;150;0,0
c_4493;m;29,632653061224488;19;36,93551020408164;1809,8400000000001;22;1,0
c_4494;f;22,741935483870968;25;49,15225806451613;1523,72;15;1,0
c_4495;f;51,583333333333336;10;26,68166666666667;320,18;7;0,0
c_4496;m;74,71794871794872;21;14,00051282051282;546,02;15;0,0
c_4497;f;33,51923076923077;20;13,917115384615384;723,6899999999999;27;0,0
c_4498;f;17,425;17;31,910249999999998;1276,4099999999999;25;1,0
c_4499;m;24,685714285714287;27;41,19714285714285;1441,8999999999999;17;1,0
c_45;m;46,53211009174312;50;11,880091743119266;1294,93;59;0,0
c_450;m;68,0;1;13,435999999999998;67,17999999999999;5;0,0
c_4500;f;43,484375;62;15,127734375;1936,35;84;0,0
c_4501;m;38,79807692307692;76;12,502692307692307;2600,56;91;0,0
c_4502;m;25,58;33;41,208;2060,4;26;1,0
c_4503;m;66,62162162162163;31;19,155405405405407;708,75;18;0,0
c_4504;m;17,68421052631579;11;50,25526315789474;954,85;8;1,0
c_4505;m;45,735;83;13,25355;2650,71;95;0,0
c_4506;f;41,73684210526316;7;16,23157894736842;308,4;8;0,0
c_4507;m;27,5;13;58,8261111111111;1058,87;11;1,0
c_4508;f;61,904761904761905;15;7,363333333333333;154,63;8;0,0
c_4509;m;51,6875;27;13,8528125;443,29;16;0,0
c_451;m;49,61363636363637;24;14,242272727272727;626,66;25;0,0
c_4510;m;39,66187050359712;60;12,598489208633094;1751,19;70;0,0
c_4511;f;44,721374045801525;99;12,395801526717557;3247,7;126;0,0
c_4512;m;18,85;12;49,748000000000005;994,96;8;1,0
c_4513;f;30,59090909090909;51;16,705545454545454;1837,61;54;0,0
c_4514;m;65,5;14;17,8825;286,12;10;0,0
c_4515;f;35,552845528455286;52;16,703252032520325;2054,5;68;0,0
c_4516;f;62,58695652173913;30;15,528478260869564;714,31;24;0,0
c_4517;f;26,72;24;67,1838;3359,19;25;1,0
c_4518;m;17,76;11;28,753600000000002;718,84;11;1,0
c_4519;f;58,111111111111114;5;12,482222222222223;112,34;8;0,0
c_452;m;26,533333333333335;7;56,66733333333333;850,01;12;1,0
c_4520;m;66,62;71;17,7167;1771,67;47;0,0
c_4521;m;60,57142857142857;7;15,989999999999998;111,92999999999999;3;0,0
c_4522;m;30,42105263157895;9;16,620526315789476;315,79;12;0,0
c_4523;m;54,77215189873418;39;17,39873417721519;1374,5;31;0,0
c_4524;m;65,62;45;16,0838;804,1899999999999;26;0,0
c_4525;m;43,71028037383178;31;11,537757009345794;1234,54;40;0,0
c_4526;m;31,65686274509804;81;13,559950980392157;2766,23;103;0,0
c_4527;m;31,49044585987261;47;12,141592356687898;1906,23;95;0,0
c_4528;m;33,71111111111111;23;13,059111111111111;587,66;22;0,0
c_4529;m;53,06666666666667;3;15,384666666666668;230,77;14;0,0
c_453;m;27,692307692307693;17;33,598846153846154;873,5699999999999;13;1,0
c_4530;f;51,625;13;12,2546875;392,15;14;0,0
c_4531;f;51,628571428571426;47;16,793285714285712;1175,53;34;0,0
c_4532;f;49,588235294117645;11;14,034411764705883;477,17;20;0,0
c_4533;m;67,75;29;18,71076923076923;972,96;18;0,0
c_4534;m;65,75;13;15,572222222222223;560,6;17;0,0
c_4535;m;56,708333333333336;37;17,871875;857,85;26;0,0
c_4536;f;18,73913043478261;36;46,25021739130434;2127,5099999999998;19;1,0
c_4537;f;50,723404255319146;24;12,825106382978722;602,78;21;0,0
c_4538;f;56,54128440366973;74;17,671009174311926;1926,1399999999999;62;0,0
c_4539;m;22,884615384615383;9;24,607307692307693;639,79;13;1,0
c_454;m;68,8;12;12,386285714285714;433,52;15;0,0
c_4540;m;18,5;2;181,99;363,98;1;1,0
c_4541;m;26,625;5;44,49;355,92;3;1,0
c_4542;m;57,680851063829785;73;16,760744680851065;1575,51;39;0,0
c_4543;m;30,833333333333332;17;12,879791666666668;618,23;21;0,0
c_4544;f;31,644444444444446;17;22,284;1002,78;20;0,0
c_4545;f;35,68544600938967;88;14,975774647887325;3189,84;94;0,0
c_4546;m;29,5;10;54,23571428571428;759,3;7;1,0
c_4547;m;42,56953642384106;82;12,041854304635761;1818,32;89;0,0
c_4548;f;72,69491525423729;48;16,471016949152542;971,79;25;0,0
c_4549;m;58,67857142857143;14;16,595714285714287;464,68;16;0,0
c_455;f;18,583333333333332;19;51,124583333333334;1226,99;10;1,0
c_4550;m;43,67032967032967;111;12,594981684981684;3438,43;137;0,0
c_4551;m;38,68;7;13,882;347,05;14;0,0
c_4552;f;33,44444444444444;13;11,382592592592593;307,33;16;0,0
c_4553;m;36,57142857142857;6;18,265714285714285;127,86;4;0,0
c_4554;f;62,724137931034484;44;20,736206896551725;1202,7;26;0,0
c_4555;m;22,746031746031747;19;21,196666666666665;1335,3899999999999;26;1,0
c_4556;m;30,735294117647058;39;12,365294117647059;1261,26;47;0,0
c_4557;m;38,664092664092664;114;14,03996138996139;3636,35;117;0,0
c_4558;m;76,6;42;21,06327272727273;1158,48;28;0,0
c_4559;m;18,735849056603772;20;31,15867924528302;1651,41;22;1,0
c_456;m;57,592592592592595;15;19,796666666666667;534,51;15;0,0
c_4560;f;53,57142857142857;6;20,483571428571427;286,77;10;0,0
c_4561;f;47,717948717948715;102;14,540726495726494;3402,5299999999997;100;0,0
c_4562;m;40,549549549549546;100;12,815315315315315;2845,0;120;0,0
c_4563;f;38,50819672131148;30;13,810327868852458;842,43;35;0,0
c_4564;m;19,577464788732396;48;43,07169014084507;3058,09;33;1,0
c_4565;m;18,0;6;67,335;404,01;2;1,0
c_4566;m;38,68027210884354;69;13,971020408163264;2053,74;70;0,0
c_4567;m;17,528301886792452;35;43,262830188679246;2292,93;29;1,0
c_4568;m;30,614285714285714;35;13,017142857142856;911,1999999999999;37;0,0
c_4569;f;66,71333333333334;110;15,172;2275,8;66;0,0
c_457;f;20,833333333333332;6;68,99;413,93999999999994;2;1,0
c_4570;f;26,642857142857142;8;77,49357142857143;1084,91;7;1,0
c_4571;m;30,445945945945947;30;13,090810810810812;968,72;46;0,0
c_4572;m;18,285714285714285;9;41,857142857142854;586,0;10;1,0
c_4573;f;51,703125;44;16,96953125;1086,05;28;0,0
c_4574;f;25,666666666666668;17;42,89190476190476;900,73;12;1,0
c_4575;m;28,6;19;39,309200000000004;982,73;12;1,0
c_4576;m;17,384615384615383;6;22,868461538461535;297,28999999999996;8;1,0
c_4577;m;44,65384615384615;35;13,897692307692308;1084,02;39;0,0
c_4578;f;53,67391304347826;25;16,24195652173913;747,13;19;0,0
c_4579;f;48,53846153846154;5;9,665384615384614;251,29999999999998;12;0,0
c_458;m;40,609756097560975;56;11,63;1430,49;60;0,0
c_4580;f;31,705882352941178;33;12,819852941176471;871,75;36;0,0
c_4581;f;75,44444444444444;5;16,934444444444445;152,41;5;0,0
c_4582;f;72,78378378378379;49;17,36554054054054;1285,05;30;0,0
c_4583;f;23,833333333333332;15;33,81095238095238;1420,06;15;1,0
c_4584;m;45,479166666666664;43;12,589374999999999;1208,58;60;0,0
c_4585;m;38,55172413793103;11;12,345862068965516;358,03;14;0,0
c_4586;f;61,671052631578945;67;15,696578947368423;1192,94;39;0,0
c_4587;m;46,64016736401673;107;12,691338912133892;3033,23;112;0,0
c_4588;m;35,65891472868217;102;12,791201550387598;3300,13;119;0,0
c_4589;f;50,8;16;14,574000000000002;291,48;8;0,0
c_459;m;64,52380952380952;71;14,675119047619049;1232,71;43;0,0
c_4590;f;31,553571428571427;23;11,274464285714286;631,37;33;0,0
c_4591;m;29,685185185185187;23;47,37074074074074;2558,02;17;1,0
c_4592;m;64,57575757575758;28;11,817878787878788;389,99;18;0,0
c_4593;m;41,64968152866242;60;14,522866242038218;2280,09;78;0,0
c_4594;m;70,53846153846153;24;17,74153846153846;461,28;14;0,0
c_4595;m;29,613636363636363;52;39,04159090909091;3435,66;47;1,0
c_4596;m;35,583333333333336;8;12,798333333333332;307,15999999999997;13;0,0
c_4597;m;58,5;4;12,66;50,64;3;0,0
c_4598;f;29,424242424242426;16;36,57818181818182;1207,08;21;1,0
c_4599;m;58,52;11;14,396799999999999;359,91999999999996;15;0,0
c_46;f;23,4;5;27,188;271,88;6;1,0
c_460;m;52,93333333333333;16;15,359;460,77;13;0,0
c_4600;m;34,586666666666666;33;12,962666666666667;972,2;41;0,0
c_4601;f;47,68421052631579;8;14,056315789473684;267,07;9;0,0
c_4602;m;64,66666666666667;10;13,916666666666666;167,0;6;0,0
c_4603;m;60,76470588235294;24;17,423235294117646;592,39;16;0,0
c_4604;m;51,52439024390244;55;17,31890243902439;1420,15;49;0,0
c_4605;f;42,4;40;14,106421052631578;1340,11;56;0,0
c_4606;m;69,62121212121212;58;18,63;1229,58;33;0,0
c_4607;f;35,81818181818182;24;12,134727272727272;667,41;26;0,0
c_4608;m;64,5909090909091;9;21,692272727272726;477,22999999999996;14;0,0
c_4609;f;31,57281553398058;37;14,309320388349514;1473,86;58;0,0
c_461;f;17,428571428571427;6;52,434285714285714;367,04;5;1,0
c_4610;f;72,70270270270271;36;17,309729729729728;640,4599999999999;17;0,0
c_4611;m;69,82758620689656;22;18,62551724137931;540,14;14;0,0
c_4612;f;18,585365853658537;33;35,77560975609756;1466,8;21;1,0
c_4613;f;58,6;9;11,852;118,52000000000001;6;0,0
c_4614;m;56,55681818181818;47;17,163409090909088;1510,3799999999999;44;0,0
c_4615;m;61,78431372549019;35;17,147843137254903;874,54;22;0,0
c_4616;f;24,433333333333334;20;40,550333333333334;1216,51;19;1,0
c_4617;f;25,5;19;26,6484375;852,75;19;1,0
c_4618;m;48,421052631578945;17;12,159736842105263;462,07;25;0,0
c_4619;f;26,757575757575758;27;53,02848484848485;1749,94;16;1,0
c_462;m;68,0625;18;19,975;639,2;14;0,0
c_4620;m;27,620689655172413;20;37,93137931034483;1100,01;13;1,0
c_4621;f;26,735294117647058;29;43,74235294117647;1487,24;16;1,0
c_4622;m;62,74015748031496;91;18,804724409448816;2388,2;60;0,0
c_4623;m;45,559322033898304;24;10,52779661016949;621,14;33;0,0
c_4624;m;17,666666666666668;6;9,678888888888888;87,11;4;0,0
c_4625;m;68,66666666666667;28;16,831875;807,93;22;0,0
c_4626;m;30,56122448979592;48;12,957857142857144;1269,8700000000001;57;0,0
c_4627;m;29,772727272727273;13;47,66090909090909;1048,54;9;1,0
c_4628;m;56,61904761904762;21;14,57952380952381;306,17;8;0,0
c_4629;m;18,696428571428573;20;26,080178571428572;1460,49;24;1,0
c_463;f;53,8;13;13,7676;344,19;12;0,0
c_4630;f;40,58490566037736;25;12,603962264150944;668,01;27;0,0
c_4631;f;82,71296296296296;89;15,749907407407408;1700,99;46;0,0
c_4632;m;29,75;9;50,22833333333333;602,74;7;1,0
c_4633;f;65,44827586206897;10;14,680689655172413;425,74;16;0,0
c_4634;f;30,63888888888889;29;13,0825;941,9399999999999;37;0,0
c_4635;m;33,63636363636363;14;13,257272727272728;437,49;17;0,0
c_4636;m;35,657534246575345;33;15,777260273972603;1151,74;32;0,0
c_4637;m;68,58407079646018;79;16,00787610619469;1808,8899999999999;57;0,0
c_4638;f;43,64435146443515;106;12,047071129707113;2879,25;121;0,0
c_4639;m;29,73469387755102;36;69,34775510204082;3398,04;23;1,0
c_464;f;50,733333333333334;24;18,427666666666667;552,83;17;0,0
c_4640;f;42,607734806629836;75;14,298508287292817;2588,0299999999997;97;0,0
c_4641;m;58,63636363636363;14;15,572727272727274;342,6;10;0,0
c_4642;m;38,66153846153846;90;12,385384615384616;2415,15;94;0,0
c_4643;f;57,64772727272727;72;16,277272727272727;1432,3999999999999;44;0,0
c_4644;m;38,725806451612904;35;13,525483870967742;838,58;23;0,0
c_4645;f;44,6643109540636;119;14,17554770318021;4011,68;137;0,0
c_4646;f;23,70967741935484;19;41,89290322580646;1298,68;13;1,0
c_4647;m;32,766666666666666;11;11,747333333333334;352,42;17;0,0
c_4648;m;17,0;1;11,2;11,2;1;0,0
c_4649;f;67,66666666666667;8;19,305555555555557;173,75;5;0,0
c_465;m;31,8;7;10,903333333333332;163,54999999999998;8;0,0
c_4650;m;46,74324324324324;20;16,518918918918917;1222,3999999999999;29;0,0
c_4651;m;58,61538461538461;98;15,790256410256411;1847,46;56;0,0
c_4652;f;36,91358024691358;26;11,717777777777778;949,14;31;0,0
c_4653;m;28,6125;40;37,222625;2977,81;43;1,0
c_4654;f;25,51851851851852;18;48,70703703703703;1315,09;16;1,0
c_4655;f;73,82456140350877;36;19,867368421052632;1132,44;20;0,0
c_4656;m;53,7;14;12,9365;258,73;10;0,0
c_4657;f;65,3076923076923;9;17,684615384615384;229,9;10;0,0
c_4658;m;23,768115942028984;36;44,06260869565217;3040,32;34;1,0
c_4659;f;41,53333333333333;63;11,993866666666666;1799,08;81;0,0
c_466;m;81,69444444444444;46;18,076527777777777;1301,51;33;0,0
c_4660;m;52,333333333333336;4;11,578333333333333;69,47;4;0,0
c_4661;f;39,729885057471265;123;11,933333333333334;4152,8;139;0,0
c_4662;f;61,6578947368421;51;15,126315789473683;1149,6;39;0,0
c_4663;m;51,53125;62;15,202708333333334;1459,46;51;0,0
c_4664;m;49,789855072463766;64;13,699565217391305;1890,54;64;0,0
c_4665;f;37,53125;15;14,9965625;959,78;30;0,0
c_4666;f;57,793103448275865;40;12,038275862068966;698,22;22;0,0
c_4667;f;30,666666666666668;31;11,587166666666667;695,23;28;0,0
c_4668;m;63,528301886792455;40;15,43811320754717;818,22;31;0,0
c_4669;m;26,736842105263158;53;56,83;4319,08;33;1,0
c_467;m;84,6;4;18,052;90,25999999999999;3;0,0
c_4670;f;56,7962962962963;33;25,440185185185186;1373,77;21;0,0
c_4671;f;77,71875;24;20,1071875;643,43;14;0,0
c_4672;m;34,59090909090909;17;21,727272727272727;956,0;19;0,0
c_4673;m;29,585365853658537;19;32,02024390243902;1312,83;23;1,0
c_4674;f;23,70212765957447;19;34,53957446808511;1623,36;20;1,0
c_4675;m;58,714285714285715;16;16,98761904761905;356,74;10;0,0
c_4676;f;32,6551724137931;38;13,940459770114941;1212,82;44;0,0
c_4677;f;38,60227272727273;121;13,869583333333335;3661,57;134;0,0
c_4678;f;35,64646464646464;80;12,763737373737372;2527,22;95;0,0
c_4679;f;92,0;4;10,99;43,96;1;0,0
c_468;f;17,727272727272727;17;43,5;957,0;13;1,0
c_4680;f;25,59375;24;50,2421875;1607,75;15;1,0
c_4681;m;61,375;19;15,169166666666667;364,06;16;0,0
c_4682;f;35,6;4;10,388;51,94;2;0,0
c_4683;f;21,650793650793652;47;57,76031746031746;3638,9;29;1,0
c_4684;f;17,652173913043477;18;69,56869565217391;1600,08;10;1,0
c_4685;f;59,71590909090909;64;16,716022727272726;1471,01;39;0,0
c_4686;f;69,0;2;21,526666666666667;64,58;3;0,0
c_4687;m;22,85185185185185;58;45,93592592592592;3720,81;32;1,0
c_4688;f;74,58333333333333;11;21,708333333333332;260,5;6;0,0
c_4689;f;51,666666666666664;9;9,662962962962963;260,9;12;0,0
c_469;m;24,70967741935484;36;49,163387096774194;3048,13;23;1,0
c_4690;m;42,651162790697676;56;12,810077519379846;1652,5;57;0,0
c_4691;m;53,54347826086956;37;14,786304347826086;680,17;25;0,0
c_4692;m;40,59154929577465;31;13,517887323943661;959,77;34;0,0
c_4693;f;26,586206896551722;19;46,70517241379311;1354,45;13;1,0
c_4694;f;56,55882352941177;24;15,716764705882353;534,37;19;0,0
c_4695;f;33,58108108108108;35;12,765;944,61;38;0,0
c_4696;f;39,69230769230769;12;15,781794871794872;615,49;18;0,0
c_4697;f;56,65714285714286;57;13,604857142857144;952,34;35;0,0
c_4698;f;47,6;71;12,199533333333333;1829,93;80;0,0
c_4699;m;28,61111111111111;17;45,099444444444444;811,79;11;1,0
c_47;m;21,166666666666668;3;22,82166666666667;136,93;5;1,0
c_470;m;53,375;6;15,3575;245,72;12;0,0
c_4700;f;43,604395604395606;28;15,08065934065934;1372,34;48;0,0
c_4701;f;50,54545454545455;11;12,475454545454545;137,23;5;0,0
c_4702;f;47,554054054054056;32;12,806621621621622;947,6899999999999;38;0,0
c_4703;f;23,61111111111111;14;86,95277777777777;1565,1499999999999;11;1,0
c_4704;f;69,5;10;15,254;152,54;6;0,0
c_4705;f;57,793103448275865;23;18,496896551724138;536,41;10;0,0
c_4706;f;39,975;15;16,28175;651,27;15;0,0
c_4707;m;51,56140350877193;50;18,38298245614035;1047,83;33;0,0
c_4708;f;65,64367816091954;72;16,507701149425287;1436,1699999999998;42;0,0
c_4709;f;56,75;29;20,040357142857143;1122,26;27;0,0
c_471;f;24,666666666666668;11;59,76777777777777;1075,82;13;1,0
c_4710;m;54,25;7;24,76375;198,11;6;0,0
c_4711;f;39,52601156069364;76;13,78063583815029;2384,05;85;0,0
c_4712;f;44,61842105263158;58;12,384078947368423;1882,38;78;0,0
c_4713;f;51,75757575757576;26;12,385757575757577;408,73;16;0,0
c_4714;f;35,21739130434783;8;12,51391304347826;287,82;18;0,0
c_4715;m;26,555555555555557;6;25,41111111111111;228,7;6;1,0
c_4716;f;17,727272727272727;9;29,085454545454546;319,94;6;1,0
c_4717;m;68,52941176470588;26;13,208235294117646;449,08;18;0,0
c_4718;f;26,954545454545453;14;40,78772727272727;897,3299999999999;8;1,0
c_4719;m;41,65217391304348;111;12,307826086956522;3396,96;116;0,0
c_472;m;25,710526315789473;44;44,919342105263155;3413,87;29;1,0
c_4720;f;22,655172413793103;22;59,38310344827586;1722,11;15;1,0
c_4721;f;33,696;84;11,66336;2915,84;120;0,0
c_4722;f;76,67391304347827;35;17,35782608695652;798,4599999999999;24;0,0
c_4723;f;29,52173913043478;20;26,950434782608696;1239,72;28;1,0
c_4724;m;39,701149425287355;35;11,153333333333334;970,34;43;0,0
c_4725;m;68,79166666666667;21;18,352083333333333;440,45;10;0,0
c_4726;m;35,67307692307692;35;15,649230769230769;1627,52;46;0,0
c_4727;m;26,72222222222222;22;71,24888888888889;2564,96;15;1,0
c_4728;m;67,72857142857143;55;15,617571428571429;1093,23;34;0,0
c_4729;f;33,753246753246756;40;12,406103896103897;955,27;40;0,0
c_473;f;24,68888888888889;20;36,13044444444444;1625,87;22;1,0
c_4730;m;66,73529411764706;24;20,426176470588235;694,49;15;0,0
c_4731;m;33,542857142857144;21;12,734857142857143;445,71999999999997;21;0,0
c_4732;m;20,613636363636363;19;22,230681818181818;978,15;25;1,0
c_4733;f;72,6;11;16,456666666666667;246,85;7;0,0
c_4734;m;45,62204724409449;45;13,867401574803148;1761,1599999999999;62;0,0
c_4735;f;24,83783783783784;23;46,307297297297296;1713,37;13;1,0
c_4736;f;41,666666666666664;8;18,745833333333334;224,95;8;0,0
c_4737;f;39,54;43;19,918599999999998;1991,86;60;0,0
c_4738;m;20,566666666666666;28;50,406333333333336;1512,19;15;1,0
c_4739;m;29,59090909090909;17;52,687727272727265;1159,1299999999999;10;1,0
c_474;m;31,619631901840492;69;12,710981595092024;2071,89;83;0,0
c_4740;m;43,697916666666664;82;12,53359375;2406,45;89;0,0
c_4741;f;64,656;98;15,39232;1924,04;61;0,0
c_4742;m;65,67073170731707;58;17,46390243902439;1432,04;39;0,0
c_4743;m;33,56194690265487;88;12,836017699115045;2900,94;109;0,0
c_4744;m;26,22222222222222;9;19,071111111111108;514,92;9;0,0
c_4745;f;17,4;11;47,51466666666666;712,7199999999999;9;1,0
c_4746;m;81,69642857142857;38;14,139285714285714;791,8;26;0,0
c_4747;m;52,54347826086956;67;15,130108695652174;1391,97;50;0,0
c_4748;f;73,6590909090909;33;16,139318181818183;710,13;22;0,0
c_4749;f;42,32727272727273;26;15,138545454545454;832,62;37;0,0
c_475;m;36,527272727272724;22;11,572181818181818;636,47;30;0,0
c_4750;m;31,65753424657534;24;14,155068493150685;1033,32;33;0,0
c_4751;m;43,57575757575758;18;14,194848484848485;468,43;21;0,0
c_4752;m;17,57894736842105;16;32,87157894736842;624,56;11;1,0
c_4753;m;28,8;29;54,4784;2723,92;21;1,0
c_4754;m;30,526315789473685;11;12,531578947368422;238,1;14;0,0
c_4755;f;38,333333333333336;7;9,400666666666666;141,01;10;0,0
c_4756;m;59,8;57;16,21164285714286;2269,63;63;0,0
c_4757;m;61,588235294117645;17;12,925294117647057;219,73;9;0,0
c_4758;f;27,580645161290324;24;43,849999999999994;1359,35;16;1,0
c_4759;m;59,5;2;9,966666666666667;59,8;3;0,0
c_476;f;32,853658536585364;20;12,452682926829269;510,56;21;0,0
c_4760;f;48,71584699453552;72;11,839398907103826;2166,61;80;0,0
c_4761;f;20,743589743589745;29;50,36974358974359;1964,42;12;1,0
c_4762;m;42,861111111111114;18;12,424166666666666;447,27;17;0,0
c_4763;m;34,67515923566879;62;13,387707006369427;2101,87;64;0,0
c_4764;m;33,62068965517241;11;15,06310344827586;436,83;20;0,0
c_4765;m;39,574074074074076;37;13,167499999999999;1422,09;62;0,0
c_4766;m;32,63157894736842;15;17,330350877192984;987,83;26;0,0
c_4767;m;42,666666666666664;12;13,029;390,87;14;0,0
c_4768;m;50,60655737704918;49;22,098524590163933;1348,01;36;0,0
c_4769;m;23,678571428571427;27;32,198214285714286;1803,1;24;1,0
c_477;m;76,64035087719299;79;19,395263157894735;2211,06;56;0,0
c_4770;m;51,642857142857146;82;16,901785714285715;1893,0;50;0,0
c_4771;m;41,604166666666664;22;10,512708333333334;504,61;26;0,0
c_4772;f;50,770270270270274;114;16,83885135135135;2492,15;64;0,0
c_4773;m;46,85263157894737;40;12,134;1152,73;37;0,0
c_4774;m;24,575;31;43,09675;1723,87;23;1,0
c_4775;m;36,827586206896555;8;18,930689655172415;548,99;16;0,0
c_4776;f;21,875;4;10,1775;81,42;4;0,0
c_4777;f;48,67272727272727;43;12,188636363636364;1340,75;51;0,0
c_4778;m;43,698113207547166;29;15,17811320754717;804,44;24;0,0
c_4779;f;50,666666666666664;11;14,049333333333331;210,73999999999998;7;0,0
c_478;m;34,72093023255814;35;13,003837209302326;1118,33;47;0,0
c_4780;f;67,7410071942446;105;16,242374100719424;2257,69;62;0,0
c_4781;m;69,6;5;16,314;81,57;3;0,0
c_4782;f;53,6;13;16,854499999999998;337,09;9;0,0
c_4783;m;32,693333333333335;34;15,644133333333333;1173,31;38;0,0
c_4784;f;40,73378839590443;130;12,750580204778156;3735,92;135;0,0
c_4785;f;51,58870967741935;105;16,955483870967743;2102,48;61;0,0
c_4786;f;54,5;2;26,99;53,98;1;0,0
c_4787;f;28,6;16;47,032;1175,8;15;1,0
c_4788;m;37,66315789473684;125;13,346912280701755;3803,87;122;0,0
c_4789;m;54,738255033557046;95;18,918456375838925;2818,85;73;0,0
c_479;f;38,45454545454545;5;11,775454545454545;129,53;6;0,0
c_4790;m;26,6;9;32,854;657,0799999999999;10;1,0
c_4791;m;23,75;14;117,455625;1879,29;6;1,0
c_4792;m;20,692307692307693;29;41,66025641025641;1624,75;19;1,0
c_4793;f;33,779411764705884;26;15,78279411764706;1073,23;29;0,0
c_4794;m;35,36363636363637;9;6,55;72,05;7;0,0
c_4795;m;33,95522388059702;28;13,62268656716418;912,72;28;0,0
c_4796;m;64,82608695652173;12;16,15826086956522;371,64;10;0,0
c_4797;m;17,641975308641975;31;28,790740740740745;2332,05;37;1,0
c_4798;f;34,670138888888886;111;13,3525;3845,52;129;0,0
c_4799;f;51,78125;32;12,6859375;405,95;14;0,0
c_48;f;53,54838709677419;19;17,97967741935484;557,37;15;0,0
c_480;f;28,73469387755102;34;45,74122448979591;2241,3199999999997;23;1,0
c_4800;f;25,75;23;25,885833333333334;1242,52;18;1,0
c_4801;f;30,340425531914892;24;13,742127659574468;645,88;30;0,0
c_4802;f;75,72;49;14,814266666666667;1111,07;32;0,0
c_4803;f;32,56896551724138;24;16,626896551724137;964,36;33;0,0
c_4804;m;30,578231292517007;115;12,19142857142857;3584,2799999999997;150;0,0
c_4805;f;46,69565217391305;8;10,426521739130434;239,81;13;0,0
c_4806;m;42,43589743589744;19;14,282820512820512;557,03;28;0,0
c_4807;f;74,68131868131869;67;16,54010989010989;1505,1499999999999;40;0,0
c_4808;m;35,61971830985915;69;12,014718309859154;1706,09;70;0,0
c_4809;m;54,58490566037736;48;17,525660377358488;928,8599999999999;25;0,0
c_481;f;80,6842105263158;118;18,191381578947368;2765,09;66;0,0
c_4810;f;33,66935483870968;94;11,153629032258063;2766,1;110;0,0
c_4811;f;53,516129032258064;21;16,969032258064516;526,04;19;0,0
c_4812;m;90,64864864864865;46;16,46189189189189;1218,18;36;0,0
c_4813;f;54,76315789473684;31;17,898684210526316;680,15;16;0,0
c_4814;f;51,58653846153846;92;18,73548076923077;1948,49;54;0,0
c_4815;m;61,7027027027027;27;16,76783783783784;620,41;17;0,0
c_4816;f;34,490196078431374;39;16,513823529411766;1684,41;55;0,0
c_4817;f;37,89333333333333;38;13,352133333333333;1001,41;36;0,0
c_4818;m;39,375;7;11,219999999999999;89,75999999999999;5;0,0
c_4819;f;18,142857142857142;7;30,66;214,62;3;1,0
c_482;f;62,73770491803279;46;19,90049180327869;1213,93;26;0,0
c_4820;m;47,706896551724135;26;11,510344827586207;667,6;29;0,0
c_4821;f;71,81666666666666;38;16,205666666666666;972,34;25;0,0
c_4822;m;62,38461538461539;7;14,540000000000001;189,02;9;0,0
c_4823;f;53,651162790697676;38;17,41906976744186;749,02;20;0,0
c_4824;m;47,608695652173914;20;14,05072463768116;969,5;32;0,0
c_4825;f;50,55072463768116;99;15,63572463768116;2157,73;77;0,0
c_4826;f;49,60619469026549;86;12,522035398230088;2829,98;109;0,0
c_4827;f;46,71111111111111;19;18,641555555555556;838,87;20;0,0
c_4828;m;26,642857142857142;16;39,043214285714285;1093,21;21;1,0
c_4829;f;34,76829268292683;33;14,090365853658538;1155,41;32;0,0
c_483;m;26,61904761904762;13;53,27761904761904;1118,83;10;1,0
c_4830;f;47,65816326530612;72;13,00530612244898;2549,04;90;0,0
c_4831;f;44,63636363636363;12;13,072424242424242;431,39;20;0,0
c_4832;f;24,666666666666668;14;26,932222222222222;1211,95;26;1,0
c_4833;m;17,5;15;29,27578947368421;1112,48;20;1,0
c_4834;m;45,53658536585366;55;12,714999999999998;2085,2599999999998;88;0,0
c_4835;m;35,675438596491226;39;13,754298245614034;1567,99;50;0,0
c_4836;f;58,935064935064936;27;21,945844155844156;1689,83;31;0,0
c_4837;m;35,70454545454545;64;13,96;1842,72;56;0,0
c_4838;m;30,666666666666668;7;19,904999999999998;477,71999999999997;14;0,0
c_4839;f;83,82978723404256;22;19,616382978723404;921,97;17;0,0
c_484;f;32,67741935483871;15;12,067096774193548;374,08;16;0,0
c_4840;m;49,69631901840491;131;14,805245398773007;4826,51;148;0,0
c_4841;f;31,483870967741936;18;12,725483870967743;394,49;21;0,0
c_4842;m;55,6;71;13,48352380952381;1415,77;47;0,0
c_4843;m;27,794117647058822;17;34,85058823529412;1184,92;16;1,0
c_4844;m;43,67664670658683;68;12,880958083832335;2151,12;76;0,0
c_4845;m;22,727272727272727;9;81,77;899,47;5;1,0
c_4846;f;29,571428571428573;6;54,81285714285714;383,69;4;1,0
c_4847;f;48,54545454545455;13;11,33969696969697;374,21;15;0,0
c_4848;m;68,67515923566879;118;15,556687898089173;2442,4;77;0,0
c_4849;f;75,6304347826087;73;15,557717391304347;1431,31;43;0,0
c_485;m;61,65128205128205;121;15,898358974358974;3100,18;79;0,0
c_4850;m;72,74468085106383;45;13,877021276595745;652,22;22;0,0
c_4851;f;17,5;2;26,61;53,22;1;1,0
c_4852;f;19,770833333333332;25;63,838125;3064,23;20;1,0
c_4853;m;68,7159090909091;57;17,302386363636362;1522,61;42;0,0
c_4854;m;53,611111111111114;113;18,602430555555557;2678,75;68;0,0
c_4855;m;36,973684210526315;12;14,17315789473684;538,5799999999999;20;0,0
c_4856;f;60,666666666666664;41;15,684901960784313;799,93;26;0,0
c_4857;f;31,72043010752688;27;10,91236559139785;1014,85;37;0,0
c_4858;f;24,5;6;24,073;240,73;6;1,0
c_4859;m;65,48;18;18,543999999999997;463,59999999999997;15;0,0
c_486;m;25,818181818181817;9;23,213636363636365;255,35;4;1,0
c_4860;f;18,363636363636363;8;24,693181818181817;543,25;14;1,0
c_4861;m;32,62244897959184;42;13,931020408163265;1365,24;53;0,0
c_4862;m;79,73913043478261;14;16,308260869565217;375,09;10;0,0
c_4863;f;55,8;39;15,094181818181818;830,18;29;0,0
c_4864;f;38,63333333333333;21;16,367166666666666;982,03;40;0,0
c_4865;m;36,69750889679715;122;13,926156583629894;3913,25;118;0,0
c_4866;m;46,64238410596027;64;11,788940397350993;1780,1299999999999;75;0,0
c_4867;f;23,73913043478261;36;53,66369565217392;2468,53;21;1,0
c_4868;f;37,51648351648352;33;13,20186813186813;1201,37;53;0,0
c_4869;m;65,59375;13;15,583437499999999;498,66999999999996;15;0,0
c_487;m;71,5;4;17,16;68,64;3;0,0
c_4870;f;40,5377358490566;43;13,363301886792453;1416,51;52;0,0
c_4871;f;34,62151394422311;111;13,116254980079681;3292,18;125;0,0
c_4872;f;43,6530612244898;29;12,956530612244897;1269,74;44;0,0
c_4873;m;20,615384615384617;23;44,13948717948718;1721,44;19;1,0
c_4874;m;17,745098039215687;41;49,6243137254902;2530,84;21;1,0
c_4875;f;67,34782608695652;16;15,613478260869567;359,11;16;0,0
c_4876;m;48,7;10;11,59825;463,93;15;0,0
c_4877;f;73,56896551724138;57;15,805172413793104;916,7;29;0,0
c_4878;m;36,653543307086615;103;12,854645669291338;3265,08;122;0,0
c_4879;m;56,64356435643565;82;16,441683168316832;1660,61;53;0,0
c_488;f;36,566265060240966;40;12,701204819277109;1054,2;44;0,0
c_4880;f;33,770833333333336;59;12,420972222222222;1788,62;70;0,0
c_4881;f;58,61363636363637;19;15,569772727272726;685,0699999999999;18;0,0
c_4882;m;42,53030303030303;32;13,52530303030303;892,67;43;0,0
c_4883;f;24,61904761904762;13;50,75190476190476;1065,79;13;1,0
c_4884;f;75,5925925925926;13;16,538148148148146;446,53;11;0,0
c_4885;f;53,63953488372093;63;16,288139534883722;1400,78;43;0,0
c_4886;m;26,5;8;49,01818181818181;1078,3999999999999;11;1,0
c_4887;m;69,62222222222222;26;17,987333333333332;809,43;23;0,0
c_4888;f;63,5;14;15,041666666666666;361,0;15;0,0
c_4889;f;50,588235294117645;42;16,13686274509804;822,98;29;0,0
c_489;f;20,8125;21;46,041875;1473,34;11;1,0
c_4890;f;57,726190476190474;66;17,415119047619047;1462,87;41;0,0
c_4891;f;41,55172413793103;11;11,932758620689656;346,05;16;0,0
c_4892;f;19,6875;40;42,576875;2043,69;26;1,0
c_4893;f;42,5;33;14,135749999999998;1130,86;44;0,0
c_4894;m;51,68421052631579;11;15,746315789473684;299,18;10;0,0
c_4895;m;22,708333333333332;7;25,095;602,28;11;1,0
c_4896;m;65,67857142857143;19;16,524285714285714;462,68;11;0,0
c_4897;m;33,63333333333333;50;13,630166666666666;1635,62;61;0,0
c_4898;f;32,65350877192982;79;12,330921052631577;2811,45;110;0,0
c_4899;f;72,625;69;18,312954545454545;1611,54;41;0,0
c_49;m;50,578947368421055;37;14,791228070175439;843,1;31;0,0
c_490;f;17,576923076923077;11;15,896923076923077;413,32;13;1,0
c_4900;f;47,713740458015266;107;13,263854961832061;3475,13;119;0,0
c_4901;m;41,56896551724138;24;16,673793103448276;967,08;28;0,0
c_4902;m;58,6875;25;15,543541666666668;746,09;22;0,0
c_4903;m;25,56140350877193;32;46,290000000000006;2638,53;30;1,0
c_4904;f;38,71180555555556;114;13,207534722222222;3803,77;127;0,0
c_4905;m;19,655172413793103;10;38,14655172413793;1106,25;13;1,0
c_4906;f;70,58333333333333;10;16,95;203,39999999999998;7;0,0
c_4907;m;25,763636363636362;39;55,93;3076,15;24;1,0
c_4908;f;40,71052631578947;125;13,226616541353383;3518,2799999999997;127;0,0
c_4909;f;57,766666666666666;26;15,275;916,5;24;0,0
c_491;f;65,79245283018868;20;12,283018867924529;651,0;18;0,0
c_4910;f;67,84615384615384;13;14,907692307692306;193,79999999999998;5;0,0
c_4911;m;20,666666666666668;8;35,99222222222222;323,92999999999995;4;1,0
c_4912;f;32,705882352941174;15;18,068529411764708;614,33;17;0,0
c_4913;f;32,66304347826087;36;9,940978260869565;914,57;39;0,0
c_4914;f;68,66666666666667;15;17,625384615384615;687,39;21;0,0
c_4915;f;62,673469387755105;42;14,667755102040816;718,72;25;0,0
c_4916;m;22,7012987012987;39;41,5951948051948;3202,83;36;1,0
c_4917;f;79,63157894736842;14;20,147894736842105;382,81;10;0,0
c_4918;f;45,70967741935484;26;16,14709677419355;1001,12;32;0,0
c_4919;m;39,7196261682243;44;11,715700934579438;1253,58;51;0,0
c_492;f;29,82857142857143;11;16,734571428571428;585,71;12;0,0
c_4920;f;55,111111111111114;5;12,405555555555557;111,65;8;0,0
c_4921;f;50,46153846153846;11;19,75230769230769;256,78;7;0,0
c_4922;m;43,5699481865285;89;12,337046632124354;2381,05;91;0,0
c_4923;f;29,74418604651163;20;34,92232558139535;1501,6599999999999;26;1,0
c_4924;f;68,5;17;18,80923076923077;489,03999999999996;14;0,0
c_4925;m;33,64102564102564;15;11,033589743589744;430,31;20;0,0
c_4926;f;37,705882352941174;27;14,04529411764706;955,08;31;0,0
c_4927;m;23,714285714285715;14;85,07190476190476;1786,51;11;1,0
c_4928;f;59,589473684210525;71;17,505473684210525;1663,02;53;0,0
c_4929;m;55,595238095238095;21;21,659285714285712;909,6899999999999;23;0,0
c_493;f;46,57142857142857;77;12,377527472527472;2252,71;100;0,0
c_4930;f;31,58130081300813;101;13,826869918699186;3401,41;122;0,0
c_4931;f;25,789473684210527;13;32,56473684210526;618,73;6;1,0
c_4932;m;55,728070175438596;84;18,350438596491227;2091,95;52;0,0
c_4933;f;55,70103092783505;58;18,266185567010307;1771,82;47;0,0
c_4934;m;27,5;4;53,809999999999995;215,23999999999998;2;1,0
c_4935;f;39,78409090909091;42;14,986704545454545;1318,83;38;0,0
c_4936;f;70,66666666666667;73;15,179462365591398;1411,69;45;0,0
c_4937;m;56,5;12;16,995;237,93;9;0,0
c_4938;f;46,65934065934066;38;12,792197802197801;1164,09;48;0,0
c_4939;f;52,4;5;14,284;71,42;3;0,0
c_494;m;41,75;19;15,923666666666666;955,42;27;0,0
c_4940;m;67,70588235294117;11;19,011764705882353;323,2;8;0,0
c_4941;m;50,79710144927536;52;13,798695652173913;952,11;31;0,0
c_4942;f;22,73913043478261;25;52,328913043478266;2407,13;21;1,0
c_4943;f;50,68518518518518;95;18,887685185185184;2039,87;50;0,0
c_4944;f;44,65294117647059;69;12,26170588235294;2084,49;85;0,0
c_4945;f;53,95;17;20,933;418,66;6;0,0
c_4946;f;51,604651162790695;22;17,931860465116277;771,0699999999999;21;0,0
c_4947;m;25,526315789473685;10;27,061578947368417;514,17;9;1,0
c_4948;m;77,45;14;13,9495;278,99;11;0,0
c_4949;f;50,61290322580645;26;17,59709677419355;545,51;13;0,0
c_495;m;20,617021276595743;26;49,62744680851064;2332,4900000000002;29;1,0
c_4950;m;47,73076923076923;75;14,725048076923077;3062,81;90;0,0
c_4951;m;37,71153846153846;129;11,801076923076922;3068,2799999999997;114;0,0
c_4952;f;28,737704918032787;27;34,81918032786885;2123,97;27;1,0
c_4953;m;42,627906976744185;87;14,260046511627907;3065,91;104;0,0
c_4954;f;27,785714285714285;21;38,34761904761905;1610,6;19;1,0
c_4955;f;19,717391304347824;18;24,89934782608696;1145,3700000000001;20;1,0
c_4956;f;61,69230769230769;39;21,1121978021978;1921,21;38;0,0
c_4957;m;69,6;4;31,956;159,78;4;0,0
c_4958;m;22,682386910490855;3851;55,77677382098171;289760,33999999997;467;2,0
c_4959;f;25,58695652173913;29;69,81586956521738;3211,5299999999997;22;1,0
c_496;f;53,72222222222222;23;22,246388888888887;800,87;18;0,0
c_4960;f;65,80555555555556;16;14,341111111111111;516,28;19;0,0
c_4961;f;29,142857142857142;5;38,77285714285714;271,40999999999997;6;1,0
c_4962;f;47,523809523809526;23;11,727936507936509;738,86;32;0,0
c_4963;m;71,5;12;17,013333333333335;306,24;9;0,0
c_4964;f;39,638297872340424;81;12,861382978723405;2417,94;98;0,0
c_4965;f;25,6875;18;52,0453125;1665,45;16;1,0
c_4966;m;21,5;6;46,91;281,46;4;1,0
c_4967;f;39,535714285714285;12;11,271785714285715;315,61;13;0,0
c_4968;m;33,125;7;12,8525;205,64;15;0,0
c_4969;f;25,884615384615383;8;54,11115384615384;1406,8899999999999;13;1,0
c_497;m;23,666666666666668;14;28,968333333333334;695,24;10;1,0
c_4970;m;43,588516746411486;87;11,974832535885167;2502,74;103;0,0
c_4971;m;22,71875;49;51,0534375;3267,42;24;1,0
c_4972;m;50,75454545454546;82;16,382272727272728;1802,05;51;0,0
c_4973;f;38,61742424242424;107;12,876249999999999;3399,33;140;0,0
c_4974;f;49,735537190082646;47;11,749669421487603;1421,71;52;0,0
c_4975;m;39,67901234567901;31;14,915679012345679;1208,17;40;0,0
c_4976;m;64,0;2;8,945;17,89;2;0,0
c_4977;f;40,72093023255814;13;14,521395348837208;624,42;25;0,0
c_4978;f;35,645833333333336;38;13,441354166666665;1290,37;44;0,0
c_4979;m;23,565217391304348;20;58,74130434782609;1351,05;12;1,0
c_498;m;64,8936170212766;20;20,915531914893617;983,03;20;0,0
c_4980;f;85,76923076923077;23;16,945384615384615;660,87;19;0,0
c_4981;f;28,7;28;61,45975;2458,39;19;1,0
c_4982;f;63,676923076923075;43;19,11476923076923;1242,46;28;0,0
c_4983;m;23,6;12;23,347;466,94;12;1,0
c_4984;m;18,571428571428573;7;95,06714285714285;665,47;3;1,0
c_4985;m;71,73134328358209;50;17,50820895522388;1173,05;29;0,0
c_4986;f;35,588235294117645;29;11,646705882352942;989,97;49;0,0
c_4987;m;62,74226804123711;76;17,34587628865979;1682,55;43;0,0
c_4988;m;37,659574468085104;17;13,926808510638297;654,56;20;0,0
c_4989;f;37,67605633802817;22;11,133098591549297;790,45;31;0,0
c_499;f;61,45652173913044;17;20,292391304347827;933,45;25;0,0
c_4990;f;45,78409090909091;72;12,550397727272726;2208,87;75;0,0
c_4991;f;64,54736842105264;58;20,089894736842105;1908,54;48;0,0
c_4992;m;44,464285714285715;25;12,091785714285715;677,14;30;0,0
c_4993;f;64,65656565656566;75;15,670404040404039;1551,37;47;0,0
c_4994;f;18,63888888888889;25;41,495555555555555;1493,84;19;1,0
c_4995;m;57,56;23;21,593000000000004;1079,65;31;0,0
c_4996;m;43,5;21;12,409655172413792;719,76;33;0,0
c_4997;m;42,54716981132076;21;13,503962264150944;715,71;26;0,0
c_4998;f;21,714285714285715;5;41,238571428571426;288,66999999999996;3;1,0
c_4999;f;49,86046511627907;20;15,704186046511627;675,28;16;0,0
c_5;f;27,702970297029704;48;27,467326732673264;2774,2;44;1,0
c_50;f;27,85185185185185;61;52,66061728395062;4265,51;32;1,0
c_500;m;54,659574468085104;32;18,82063829787234;884,5699999999999;25;0,0
c_5000;m;19,612903225806452;11;23,77806451612903;737,12;18;1,0
c_5001;f;64,96296296296296;19;18,68148148148148;504,4;11;0,0
c_5002;f;65,66666666666667;22;20,585416666666667;494,05;12;0,0
c_5003;m;56,5;6;17,157999999999998;171,57999999999998;5;0,0
c_5004;m;67,768;96;16,4972;2062,15;59;0,0
c_5005;f;29,25;3;46,595;186,38;3;1,0
c_5006;f;47,625;15;12,214583333333332;586,3;26;0,0
c_5007;f;20,696969696969695;46;41,626363636363635;2747,34;30;1,0
c_5008;f;34,492063492063494;28;13,848253968253967;872,4399999999999;37;0,0
c_5009;m;66,8695652173913;15;16,36304347826087;376,35;11;0,0
c_501;f;49,57142857142857;18;16,16857142857143;792,26;29;0,0
c_5010;f;17,615384615384617;10;69,59461538461538;904,73;5;1,0
c_5011;f;46,72452830188679;115;13,534830188679246;3586,73;122;0,0
c_5012;f;61,854166666666664;25;13,598333333333334;652,72;19;0,0
c_5013;m;68,3913043478261;10;15,48782608695652;356,21999999999997;14;0,0
c_5014;f;24,61111111111111;12;35,388333333333335;636,99;10;1,0
c_5015;f;45,648648648648646;92;13,02027027027027;2890,5;100;0,0
c_5016;f;17,5;12;40,854375;653,67;9;1,0
c_5017;m;40,707070707070706;41;14,22020202020202;1407,8;45;0,0
c_5018;f;23,37037037037037;17;58,15;1570,05;15;1,0
c_5019;f;44,72527472527472;41;14,737692307692306;1341,1299999999999;48;0,0
c_502;m;34,747252747252745;41;12,215274725274725;1111,59;40;0,0
c_5020;f;57,54545454545455;8;16,234545454545454;178,57999999999998;8;0,0
c_5021;f;21,72972972972973;18;28,08432432432432;1039,12;18;1,0
c_5022;f;41,676923076923075;59;13,416307692307692;1744,12;62;0,0
c_5023;m;21,753623188405797;21;19,600434782608698;1352,43;32;1,0
c_5024;m;18,8;3;41,962;209,81;3;1,0
c_5025;f;69,85074626865672;45;17,042238805970147;1141,83;27;0,0
c_5026;m;42,640449438202246;46;16,765168539325842;1492,1;46;0,0
c_5027;m;56,50704225352113;65;16,7043661971831;1186,01;41;0,0
c_5028;m;56,58064516129032;24;13,198387096774193;409,15;18;0,0
c_5029;m;24,88888888888889;5;17,42111111111111;156,79;4;0,0
c_503;m;31,766871165644172;61;14,705276073619633;2396,96;80;0,0
c_5030;f;48,71653543307087;115;12,314842519685039;3127,97;109;0,0
c_5031;m;32,61006289308176;69;11,925660377358492;1896,18;76;0,0
c_5032;f;44,68421052631579;18;21,52315789473684;1226,82;28;0,0
c_5033;f;51,56818181818182;64;17,44159090909091;1534,86;46;0,0
c_5034;f;18,761904761904763;11;21,95285714285714;461,01;10;1,0
c_5035;m;63,2;7;11,604;116,03999999999999;8;0,0
c_5036;f;79,67716535433071;67;15,306692913385827;1943,95;55;0,0
c_5037;f;47,59585492227979;88;14,59181347150259;2816,22;101;0,0
c_5038;m;55,72549019607843;37;14,234313725490196;725,95;25;0,0
c_5039;m;17,654761904761905;41;41,21714285714285;3462,24;46;1,0
c_504;f;57,6015625;102;16,37640625;2096,18;65;0,0
c_5040;m;30,77777777777778;27;14,644285714285715;922,59;27;0,0
c_5041;f;79,50980392156863;26;17,846666666666664;910,18;27;0,0
c_5042;m;26,6;42;61,48072727272727;3381,44;27;1,0
c_5043;f;50,65359477124183;132;15,64797385620915;2394,14;69;0,0
c_5044;f;44,490566037735846;17;15,281698113207549;809,9300000000001;29;0,0
c_5045;f;72,73684210526316;13;14,843684210526314;282,03;9;0,0
c_5046;m;48,62626262626262;31;14,882121212121211;1473,33;54;0,0
c_5047;f;52,666666666666664;10;15,422380952380953;323,87;8;0,0
c_5048;m;66,7;13;13,2785;265,57;10;0,0
c_5049;m;42,42857142857143;11;13,246666666666666;278,18;12;0,0
c_505;m;62,41935483870968;20;17,719677419354838;549,31;22;0,0
c_5050;f;32,55555555555556;25;16,32236111111111;1175,21;32;0,0
c_5051;m;49,48275862068966;27;13,14793103448276;762,58;28;0,0
c_5052;m;40,67307692307692;72;13,195705128205127;2058,5299999999997;79;0,0
c_5053;f;17,571428571428573;10;34,035714285714285;714,75;9;1,0
c_5054;m;26,65714285714286;13;20,754;726,39;18;0,0
c_5055;m;51,857142857142854;4;18,650714285714287;261,11;6;0,0
c_5056;f;30,45762711864407;54;13,320423728813559;1571,81;72;0,0
c_5057;m;50,483870967741936;12;12,518064516129032;388,06;18;0,0
c_5058;m;37,7536231884058;61;14,873260869565216;2052,5099999999998;66;0,0
c_5059;f;17,5;7;28,244;282,44;7;1,0
c_506;f;84,85714285714286;20;15,230285714285714;533,06;15;0,0
c_5060;m;25,857142857142858;6;30,12142857142857;421,7;5;1,0
c_5061;m;22,94736842105263;10;74,91;1423,29;7;1,0
c_5062;m;33,665625;132;12,60915625;4034,93;148;0,0
c_5063;m;53,74418604651163;78;15,688720930232558;1349,23;35;0,0
c_5064;m;77,625;39;15,209285714285715;851,72;28;0,0
c_5065;m;42,63425925925926;86;15,106435185185184;3262,99;108;0,0
c_5066;f;31,717391304347824;52;12,462246376811594;1719,79;74;0,0
c_5067;m;49,506493506493506;30;15,944805194805195;1227,75;47;0,0
c_5068;f;17,681818181818183;12;33,54772727272727;738,05;10;1,0
c_5069;m;29,666666666666668;13;36,936190476190475;775,66;12;1,0
c_507;f;28,729166666666668;21;22,888958333333335;1098,67;20;0,0
c_5070;m;49,75;51;16,390249999999998;1966,83;54;0,0
c_5071;m;48,71508379888268;85;14,079720670391062;2520,27;76;0,0
c_5072;m;26,666666666666668;4;34,39;206,34;3;1,0
c_5073;m;52,64935064935065;67;18,023636363636363;1387,82;38;0,0
c_5074;f;44,493975903614455;38;14,303614457831326;1187,2;51;0,0
c_5075;f;81,6875;10;14,868125;237,89;7;0,0
c_5076;m;61,79245283018868;106;19,50748427672956;3101,69;67;0,0
c_5077;m;33,58173076923077;84;12,641874999999999;2629,5099999999998;112;0,0
c_5078;f;45,75;15;12,12875;388,12;14;0,0
c_5079;m;53,95348837209303;21;14,774418604651162;635,3;14;0,0
c_508;f;71,5;19;17,88125;572,2;16;0,0
c_5080;f;27,0;2;118,49000000000001;236,98000000000002;2;1,0
c_5081;f;50,84444444444444;30;18,383333333333333;827,25;20;0,0
c_5082;f;20,833333333333332;12;43,74375;1049,85;10;1,0
c_5083;m;66,33333333333333;9;17,344444444444445;156,1;6;0,0
c_5084;m;17,652173913043477;20;49,42565217391304;1136,79;10;1,0
c_5085;f;21,76;21;42,4568;1061,42;12;1,0
c_5086;m;34,63942307692308;111;12,221634615384614;2542,1;100;0,0
c_5087;f;52,671052631578945;114;16,067105263157895;2442,2;71;0,0
c_5088;f;51,74015748031496;87;15,881732283464567;2016,98;63;0,0
c_5089;f;81,58928571428571;40;16,5825;928,62;28;0,0
c_509;f;65,61538461538461;24;18,55076923076923;723,48;20;0,0
c_5090;m;24,0;7;47,15888888888889;424,43;4;1,0
c_5091;f;26,61111111111111;21;36,36972222222222;1309,31;24;1,0
c_5092;f;40,663316582914575;101;14,089346733668341;2803,7799999999997;99;0,0
c_5093;f;45,68387096774194;50;12,40716129032258;1923,11;75;0,0
c_5094;m;24,764705882352942;36;37,10602941176471;2523,21;24;1,0
c_5095;f;42,578947368421055;86;15,53730994152047;2656,88;83;0,0
c_5096;m;31,652173913043477;84;13,13695652173913;2719,35;103;0,0
c_5097;m;19,622222222222224;15;22,30111111111111;1003,55;19;1,0
c_5098;m;56,764044943820224;69;16,1638202247191;1438,58;44;0,0
c_5099;m;82,55660377358491;90;19,11132075471698;2025,8;56;0,0
c_51;m;46,62162162162162;26;13,984054054054052;1034,82;40;0,0
c_510;m;55,72;43;14,3864;1078,98;27;0,0
c_5100;f;50,6578947368421;30;29,597105263157896;1124,69;21;0,0
c_5101;m;41,73275862068966;49;12,874827586206896;1493,48;55;0,0
c_5102;m;50,53846153846154;8;13,823076923076922;179,7;6;0,0
c_5103;m;43,61538461538461;58;12,836923076923076;1668,8;64;0,0
c_5104;m;41,560810810810814;135;13,002601351351352;3848,77;158;0,0
c_5105;f;64,58181818181818;28;17,224363636363638;947,34;29;0,0
c_5106;m;55,752066115702476;79;16,78388429752066;2030,85;49;0,0
c_5107;m;38,753246753246756;36;13,212987012987012;1017,4;38;0,0
c_5108;m;43,67088607594937;32;12,465316455696202;984,76;40;0,0
c_5109;m;22,717391304347824;19;21,58282608695652;992,81;20;1,0
c_511;m;17,555555555555557;11;32,45074074074074;876,17;12;1,0
c_5110;f;39,50909090909091;24;10,847999999999999;596,64;34;0,0
c_5111;m;17,75;29;47,3485;1893,94;19;1,0
c_5112;m;22,25;7;33,32375;533,18;12;1,0
c_5113;m;70,6218487394958;99;17,215126050420167;2048,6;59;0,0
c_5114;f;26,767857142857142;34;56,54589285714285;3166,5699999999997;19;1,0
c_5115;m;52,6;31;19,16142857142857;670,65;18;0,0
c_5116;f;59,43478260869565;10;14,553478260869566;334,73;14;0,0
c_5117;f;63,75;95;14,477314814814815;1563,55;44;0,0
c_5118;f;27,666666666666668;37;63,788039215686275;3253,19;23;1,0
c_5119;m;47,659574468085104;25;15,525319148936171;729,69;20;0,0
c_512;m;56,666666666666664;15;17,738666666666667;266,08;7;0,0
c_5120;f;46,79527559055118;98;12,408070866141733;3151,65;100;0,0
c_5121;m;31,6;28;13,487714285714285;944,14;40;0,0
c_5122;m;20,869565217391305;13;68,76130434782608;1581,51;6;1,0
c_5123;f;25,56923076923077;35;37,27661538461538;2422,98;30;1,0
c_5124;m;70,61702127659575;76;16,057978723404254;1509,45;48;0,0
c_5125;f;65,75824175824175;76;17,162307692307692;1561,77;42;0,0
c_5126;m;29,23076923076923;7;55,23769230769231;718,09;9;1,0
c_5127;m;23,736842105263158;12;25,722105263157893;488,71999999999997;8;1,0
c_5128;f;22,529411764705884;16;30,443529411764704;517,54;10;1,0
c_5129;m;18,666666666666668;21;57,012499999999996;1368,3;12;1,0
c_513;m;64,6;11;18,763333333333332;281,45;8;0,0
c_5130;m;47,645161290322584;16;13,613870967741935;422,03;17;0,0
c_5131;m;66,67619047619047;90;16,15095238095238;1695,85;46;0,0
c_5132;f;29,647058823529413;35;44,91;2290,41;22;1,0
c_5133;m;29,779411764705884;46;58,37897058823529;3969,77;28;1,0
c_5134;f;39,54117647058823;25;12,013294117647058;1021,13;43;0,0
c_5135;m;53,645669291338585;103;16,50795275590551;2096,5099999999998;54;0,0
c_5136;f;63,42307692307692;11;16,311923076923076;424,11;15;0,0
c_5137;f;49,609375;32;13,34234375;853,91;37;0,0
c_5138;m;25,846153846153847;30;51,30282051282051;2000,81;15;1,0
c_5139;f;21,8;5;61,589999999999996;307,95;2;1,0
c_514;m;35,81818181818182;17;13,099545454545455;576,38;19;0,0
c_5140;m;33,63265306122449;21;12,420408163265307;608,6;23;0,0
c_5141;m;55,5;17;20,205333333333332;606,16;16;0,0
c_5142;m;32,72727272727273;6;12,561818181818182;138,18;5;0,0
c_5143;m;33,59583333333333;107;11,955125;2869,23;131;0,0
c_5144;f;20,609756097560975;25;43,688048780487804;1791,21;21;1,0
c_5145;f;53,66216216216216;43;20,497297297297298;1516,8;40;0,0
c_5146;f;59,74226804123711;90;13,321546391752578;1292,19;44;0,0
c_5147;m;69,81538461538462;32;15,303846153846154;994,75;29;0,0
c_5148;f;27,857142857142858;23;26,53257142857143;928,64;13;1,0
c_5149;f;17,875;8;32,295625;516,73;9;1,0
c_515;m;21,5;13;41,3645;827,29;13;1,0
c_5150;f;37,61176470588235;85;14,08205882352941;2393,95;88;0,0
c_5151;f;52,09615384615385;17;15,32326923076923;796,81;16;0,0
c_5152;f;35,554054054054056;89;11,928963963963964;2648,23;120;0,0
c_5153;f;52,67741935483871;24;12,839032258064515;398,01;15;0,0
c_5154;m;68,91228070175438;35;16,29438596491228;928,78;21;0,0
c_5155;m;22,637931034482758;31;48,591206896551725;2818,29;28;1,0
c_5156;f;56,6144578313253;69;15,903493975903615;1319,99;34;0,0
c_5157;f;42,44117647058823;11;16,90558823529412;574,79;19;0,0
c_5158;m;39,82258064516129;34;11,99258064516129;743,54;24;0,0
c_5159;f;42,61797752808989;35;15,739325842696628;1400,8;46;0,0
c_516;m;26,444444444444443;7;25,245555555555555;227,20999999999998;5;1,0
c_5160;m;25,74137931034483;22;47,014310344827585;2726,83;23;1,0
c_5161;f;25,625;6;29,2825;468,52;7;1,0
c_5162;f;32,6;74;13,110242424242424;2163,19;91;0,0
c_5163;f;63,67368421052632;71;16,804105263157894;1596,3899999999999;45;0,0
c_5164;f;65,7375;65;14,6695;1173,56;38;0,0
c_5165;f;67,71604938271605;69;14,95543209876543;1211,3899999999999;36;0,0
c_5166;m;41,62987012987013;79;13,015454545454544;2004,3799999999999;77;0,0
c_5167;f;24,869565217391305;16;28,520869565217392;1311,96;22;1,0
c_5168;f;20,72;18;40,6836;1017,0899999999999;14;1,0
c_5169;f;64,66153846153846;41;21,45;1394,25;29;0,0
c_517;f;52,6;26;18,62942857142857;652,03;18;0,0
c_5170;f;50,92307692307692;29;19,066410256410254;743,5899999999999;19;0,0
c_5171;m;47,598930481283425;76;12,967272727272729;2424,88;92;0,0
c_5172;m;66,60396039603961;71;14,876039603960397;1502,48;48;0,0
c_5173;f;19,803030303030305;44;39,018484848484846;2575,22;25;1,0
c_5174;m;60,70967741935484;49;13,178225806451612;817,05;32;0,0
c_5175;f;70,73076923076923;32;13,422820512820513;1046,98;35;0,0
c_5176;f;17,75;23;45,408125000000005;2179,59;19;1,0
c_5177;f;62,666666666666664;14;13,636666666666665;409,09999999999997;14;0,0
c_5178;f;55,8421052631579;15;14,53421052631579;276,15000000000003;8;0,0
c_5179;m;59,47826086956522;17;21,917391304347824;504,09999999999997;12;0,0
c_518;m;47,80434782608695;24;17,905652173913044;823,66;22;0,0
c_5180;m;34,61538461538461;18;16,12576923076923;838,54;27;0,0
c_5181;m;59,592592592592595;13;16,636666666666667;449,19;16;0,0
c_5182;f;66,74418604651163;30;15,401860465116279;662,28;22;0,0
c_5183;m;28,59259259259259;7;14,164074074074074;382,43;11;0,0
c_5184;m;65,73913043478261;24;15,219782608695652;700,11;20;0,0
c_5185;m;28,73076923076923;16;49,128461538461536;1277,34;14;1,0
c_5186;m;24,718309859154928;41;45,48309859154929;3229,2999999999997;30;1,0
c_5187;f;52,075;20;17,3905;695,62;12;0,0
c_5188;f;30,480392156862745;37;13,462745098039216;1373,2;63;0,0
c_5189;m;37,59183673469388;21;15,852653061224489;776,78;26;0,0
c_519;f;67,71929824561404;91;17,755438596491228;2024,12;51;0,0
c_5190;m;54,69512195121951;51;13,827073170731706;1133,82;36;0,0
c_5191;f;38,611111111111114;17;18,651944444444442;671,4699999999999;18;0,0
c_5192;m;56,75714285714286;41;17,369142857142855;1215,84;28;0,0
c_5193;m;26,23076923076923;6;44,091538461538455;573,1899999999999;10;1,0
c_5194;m;27,671232876712327;29;24,19150684931507;1765,98;31;1,0
c_5195;m;21,59259259259259;15;29,697407407407407;801,83;17;1,0
c_5196;m;45,682758620689654;50;13,684137931034483;1984,2;58;0,0
c_5197;f;24,5;8;57,885000000000005;578,85;5;1,0
c_5198;f;44,58467741935484;107;12,507056451612904;3101,75;122;0,0
c_5199;f;17,542857142857144;20;43,62342857142857;1526,82;20;1,0
c_52;m;62,333333333333336;13;13,243333333333334;198,65;11;0,0
c_520;f;25,608695652173914;35;54,81239130434783;2521,37;22;1,0
c_5200;m;62,78260869565217;35;17,913478260869564;824,02;21;0,0
c_5201;f;37,628865979381445;129;12,129621993127147;3529,72;142;0,0
c_5202;f;84,8;66;19,215263157894736;1825,4499999999998;43;0,0
c_5203;m;19,694444444444443;28;31,90277777777778;1148,5;15;1,0
c_5204;f;40,5;25;14,186451612903225;879,56;33;0,0
c_5205;f;50,58252427184466;80;17,35495145631068;1787,56;59;0,0
c_5206;m;39,63978494623656;75;15,768440860215053;2932,93;100;0,0
c_5207;m;24,677419354838708;22;37,04774193548387;1148,48;13;1,0
c_5208;m;73,71223021582733;98;16,836115107913667;2340,22;56;0,0
c_5209;m;27,884057971014492;17;19,369710144927534;1336,51;22;0,0
c_521;m;51,76;39;16,6758;833,79;20;0,0
c_5210;f;83,42857142857143;7;15,526666666666667;326,06;12;0,0
c_5211;f;58,70886075949367;53;17,992784810126583;1421,43;33;0,0
c_5212;f;42,64;138;12,694899999999999;3808,47;137;0,0
c_5213;m;22,72093023255814;21;25,88186046511628;1112,92;27;1,0
c_5214;m;50,68181818181818;12;16,118636363636362;354,60999999999996;14;0,0
c_5215;m;38,58450704225352;53;11,529436619718311;1637,18;76;0,0
c_5216;m;50,563380281690144;38;18,108169014084506;1285,68;39;0,0
c_5217;f;17,670886075949365;38;25,506708860759492;2015,03;35;1,0
c_5218;m;24,444444444444443;12;38,03777777777778;684,68;10;1,0
c_5219;m;24,375;7;28,615;228,92;5;1,0
c_522;f;46,61818181818182;25;15,15781818181818;833,68;28;0,0
c_5220;f;29,675675675675677;27;48,02;1776,74;17;1,0
c_5221;f;44,611111111111114;24;15,645185185185186;844,84;29;0,0
c_5222;f;54,65;20;20,026;801,04;22;0,0
c_5224;m;21,836363636363636;28;45,800363636363635;2519,02;23;1,0
c_5225;m;18,677419354838708;25;24,86032258064516;1541,34;27;1,0
c_5226;m;17,80952380952381;36;40,436349206349206;2547,49;29;1,0
c_5227;f;53,723404255319146;40;13,107234042553191;616,04;25;0,0
c_5228;f;58,875;18;23,53125;564,75;11;0,0
c_5229;m;29,776119402985074;39;41,68835820895522;2793,12;24;1,0
c_523;f;83,71428571428571;21;17,38285714285714;486,71999999999997;13;0,0
c_5230;m;24,8;5;87,565;875,65;4;1,0
c_5231;f;49,7801724137931;106;14,227198275862069;3300,71;99;0,0
c_5232;f;31,25;18;14,23138888888889;512,33;27;0,0
c_5233;f;17,444444444444443;7;32,04666666666667;288,42;5;1,0
c_5234;m;55,79120879120879;64;15,702527472527473;1428,93;43;0,0
c_5235;m;29,90909090909091;18;53,32409090909091;1173,13;10;1,0
c_5236;m;48,65573770491803;27;9,881147540983607;602,75;29;0,0
c_5237;m;22,423076923076923;12;63,26653846153847;1644,93;16;1,0
c_5238;f;39,567567567567565;13;14,431081081081082;533,95;27;0,0
c_5239;f;31,698795180722893;31;14,726626506024095;1222,31;44;0,0
c_524;m;54,925925925925924;17;15,23037037037037;411,21999999999997;17;0,0
c_5240;f;69,55555555555556;14;19,655555555555555;353,8;13;0,0
c_5241;f;69,5;18;13,648333333333333;245,67000000000002;10;0,0
c_5242;m;18,72222222222222;12;48,556666666666665;874,02;9;1,0
c_5243;m;39,733333333333334;12;13,381333333333334;401,44;13;0,0
c_5244;m;61,61538461538461;92;16,561826923076925;1722,43;52;0,0
c_5246;f;66,74;70;16,3392;1633,92;42;0,0
c_5247;f;41,656410256410254;86;13,014;2537,73;94;0,0
c_5248;m;53,56521739130435;20;16,50521739130435;379,62;11;0,0
c_5249;m;26,375;6;34,88375;279,07;6;1,0
c_525;f;37,87179487179487;15;11,214615384615385;437,37;18;0,0
c_5250;m;36,38709677419355;13;13,879032258064516;430,25;20;0,0
c_5251;f;76,7;15;22,043;661,29;13;0,0
c_5252;f;18,4;14;49,702999999999996;1491,09;17;1,0
c_5253;f;25,565217391304348;18;56,32217391304347;1295,4099999999999;11;1,0
c_5254;f;45,56521739130435;17;15,346521739130436;705,94;20;0,0
c_5255;m;52,48837209302326;20;21,735581395348838;934,63;25;0,0
c_5256;m;71,57142857142857;33;15,63404761904762;656,63;22;0,0
c_5257;f;49,56126482213439;104;13,733596837944663;3474,6;119;0,0
c_5258;f;63,71604938271605;22;14,729629629629628;1193,1;34;0,0
c_5259;m;31,67080745341615;65;16,110559006211183;2593,8;73;0,0
c_526;m;24,03448275862069;12;27,520689655172415;798,1;13;1,0
c_5260;m;33,8448275862069;25;12,647413793103448;733,55;22;0,0
c_5261;m;43,5;8;15,051428571428572;210,72;9;0,0
c_5262;f;72,70967741935483;51;15,705483870967742;973,74;30;0,0
c_5263;m;23,877551020408163;68;51,09030612244897;5006,849999999999;37;1,0
c_5264;m;71,71186440677967;48;16,501525423728815;973,59;31;0,0
c_5265;f;64,44680851063829;26;18,578936170212767;873,21;28;0,0
c_5266;f;71,6875;11;12,7975;204,76;7;0,0
c_5267;f;22,576923076923077;10;30,951153846153847;804,73;10;1,0
c_5268;m;66,86013986013987;97;15,036993006993006;2150,29;60;0,0
c_5269;m;57,63333333333333;44;16,424833333333332;985,49;32;0,0
c_527;f;33,71287128712871;123;13,083201320132014;3964,21;140;0,0
c_5270;m;40,729729729729726;108;13,236036036036037;2938,4;104;0,0
c_5271;m;52,851063829787236;41;14,65691489361702;1377,75;39;0,0
c_5272;f;56,76470588235294;9;16,657647058823528;283,18;7;0,0
c_5273;m;57,73170731707317;29;19,520487804878048;800,34;18;0,0
c_5274;f;43,738219895287955;69;11,84109947643979;2261,65;83;0,0
c_5275;m;57,65625;28;17,967187499999998;574,9499999999999;17;0,0
c_5276;m;51,77777777777778;106;15,662037037037036;2537,25;69;0,0
c_5277;m;45,577639751552795;65;12,55975155279503;2022,12;84;0,0
c_5278;f;17,804597701149426;33;46,44183908045977;4040,44;32;1,0
c_5279;f;37,68370607028754;137;13,303546325878594;4164,01;142;0,0
c_528;f;32,720588235294116;25;13,127647058823529;892,68;32;0,0
c_5280;m;32,64;22;16,903200000000002;1267,74;40;0,0
c_5281;f;26,681818181818183;16;74,13545454545455;1630,98;11;1,0
c_5282;f;25,2;7;44,075;440,75;8;1,0
c_5283;m;52,614285714285714;19;15,015285714285714;1051,07;35;0,0
c_5284;m;65,25;7;19,223333333333333;230,68;9;0,0
c_5285;f;17,7;22;49,912666666666674;1497,38;14;1,0
c_5286;f;55,625;20;14,745416666666666;353,89;12;0,0
c_5287;m;60,9375;14;14,0975;451,12;10;0,0
c_5288;m;57,82142857142857;41;18,03892857142857;1515,27;36;0,0
c_5289;f;45,6822429906542;98;12,380607476635513;2649,45;99;0,0
c_529;f;19,625;8;29,47;235,76;3;1,0
c_5290;m;34,5;11;12,539285714285715;351,1;14;0,0
c_5291;m;48,741379310344826;74;14,675632183908046;2553,56;86;0,0
c_5292;m;58,82222222222222;29;15,205333333333334;684,24;18;0,0
c_5293;m;43,829787234042556;18;11,451489361702128;538,22;18;0,0
c_5294;m;42,57272727272727;49;12,567454545454547;1382,42;51;0,0
c_5295;m;18,684931506849313;40;47,82027397260274;3490,88;39;1,0
c_5296;f;64,62295081967213;50;18,18737704918033;1109,43;31;0,0
c_5297;f;53,68571428571428;25;23,719714285714286;830,1899999999999;19;0,0
c_5298;m;22,45;19;52,544500000000006;1050,89;11;1,0
c_5299;f;54,66129032258065;48;16,594677419354838;1028,87;31;0,0
c_53;f;56,59722222222222;57;14,394305555555556;1036,39;38;0,0
c_530;f;41,93478260869565;44;11,92304347826087;1096,92;40;0,0
c_5300;f;64,60606060606061;19;14,175151515151514;467,78;21;0,0
c_5301;m;35,599303135888505;125;12,312648083623694;3533,73;133;0,0
c_5302;m;92,8108108108108;24;14,838378378378378;549,02;19;0,0
c_5303;f;19,61111111111111;12;59,794999999999995;1076,31;10;1,0
c_5304;m;24,363636363636363;13;49,13318181818182;1080,93;15;1,0
c_5305;f;33,77272727272727;30;13,385606060606062;883,45;39;0,0
c_5306;f;18,612903225806452;33;41,181774193548385;2553,27;30;1,0
c_5307;m;41,69117647058823;24;11,90235294117647;809,36;36;0,0
c_5308;m;52,53947368421053;74;15,913552631578948;1209,43;37;0,0
c_5309;f;23,630434782608695;31;41,89347826086957;1927,1000000000001;21;1,0
c_531;m;25,666666666666668;40;46,17456140350877;2631,95;26;1,0
c_5310;m;37,64383561643836;66;11,474863013698629;1675,33;75;0,0
c_5311;f;31,54255319148936;41;12,934999999999999;1215,8899999999999;51;0,0
c_5312;m;44,5735294117647;21;12,408529411764706;843,78;35;0,0
c_5313;m;32,53703703703704;67;14,360185185185184;2326,35;88;0,0
c_5314;f;38,6578947368421;76;13,839631578947369;2629,53;84;0,0
c_5315;m;18,555555555555557;9;65,58333333333333;590,25;5;1,0
c_5316;f;17,605263157894736;26;34,11105263157895;1296,22;20;1,0
c_5317;m;58,95454545454545;13;16,338636363636365;359,45;7;0,0
c_5318;f;81,73076923076923;35;18,160384615384615;944,34;21;0,0
c_5319;m;25,6;16;31,433000000000003;1571,65;29;1,0
c_532;m;39,49295774647887;34;13,026901408450703;924,91;40;0,0
c_5320;m;78,54166666666667;18;16,52208333333333;396,53;12;0,0
c_5321;f;68,65060240963855;70;16,257590361445786;1349,38;41;0,0
c_5322;m;39,57746478873239;27;19,946338028169016;1416,19;36;0,0
c_5323;m;23,764705882352942;43;29,790470588235294;2532,19;32;1,0
c_5324;m;47,69230769230769;17;12,686153846153845;659,68;22;0,0
c_5325;m;36,704402515723274;71;13,302389937106918;2115,08;70;0,0
c_5326;m;27,61111111111111;15;54,41555555555556;979,48;9;1,0
c_5327;m;63,65625;30;14,0553125;449,77;14;0,0
c_5328;m;45,68888888888889;45;15,088888888888889;1358,0;38;0,0
c_5329;m;17,44;15;47,2856;1182,14;16;1,0
c_533;m;17,923076923076923;7;51,76384615384615;672,93;6;1,0
c_5330;m;31,71900826446281;47;11,339173553719007;1372,04;51;0,0
c_5331;m;58,611111111111114;71;17,675555555555555;1590,8;47;0,0
c_5332;f;50,66129032258065;37;15,326451612903226;950,24;26;0,0
c_5333;m;24,636363636363637;24;40,35318181818182;1775,54;18;1,0
c_5334;m;75,65714285714286;26;15,949714285714286;558,24;18;0,0
c_5335;m;44,82539682539682;24;12,650158730158731;796,96;27;0,0
c_5336;f;53,794871794871796;18;16,30923076923077;636,06;17;0,0
c_5337;f;51,76;22;15,570799999999998;389,27;13;0,0
c_5338;m;58,627450980392155;37;19,532941176470587;996,18;23;0,0
c_5339;f;17,857142857142858;4;18,99;132,92999999999998;3;1,0
c_534;m;40,69767441860465;17;15,626511627906975;671,9399999999999;24;0,0
c_5340;f;35,72527472527472;42;13,139450549450551;1195,69;48;0,0
c_5341;f;25,647058823529413;15;81,51235294117647;1385,71;8;1,0
c_5342;m;59,910714285714285;22;18,33660714285714;1026,85;19;0,0
c_5343;m;27,5;10;60,340833333333336;724,09;6;1,0
c_5344;f;37,61702127659574;49;14,099219858156028;1987,99;68;0,0
c_5345;m;57,8433734939759;69;19,59253012048193;1626,18;33;0,0
c_5346;m;31,665271966527197;98;12,66602510460251;3027,18;109;0,0
c_5347;m;46,657534246575345;34;15,100410958904108;1102,33;34;0,0
c_5348;m;51,5;4;20,1;80,4;2;0,0
c_5349;m;30,629032258064516;33;14,802903225806451;917,78;33;0,0
c_535;f;17,454545454545453;10;73,62636363636364;809,89;6;1,0
c_5350;m;23,285714285714285;6;42,43285714285714;297,03;5;1,0
c_5351;f;58,73684210526316;39;20,38578947368421;1161,99;28;0,0
c_5352;f;43,695945945945944;120;12,03331081081081;3561,86;131;0,0
c_5353;f;17,6;15;19,9836;499,59;14;1,0
c_5354;f;52,69426751592356;122;16,38573248407643;2572,56;72;0,0
c_5355;m;58,629629629629626;62;18,36259259259259;1487,37;40;0,0
c_5356;f;48,63513513513514;70;13,125472972972972;1942,57;80;0,0
c_5357;m;31,643382352941178;114;13,428345588235294;3652,5099999999998;125;0,0
c_5358;m;42,75;43;12,667416666666666;1520,09;52;0,0
c_5359;f;39,609375;32;12,90390625;825,85;31;0,0
c_536;m;34,67300380228137;105;12,406007604562737;3262,7799999999997;119;0,0
c_5360;f;35,666666666666664;46;13,85787878787879;1371,93;49;0,0
c_5361;f;53,54545454545455;17;15,575999999999999;856,68;31;0,0
c_5362;f;41,63223140495868;110;14,138429752066116;3421,5;115;0,0
c_5363;f;39,79347826086956;39;15,034565217391306;1383,18;43;0,0
c_5364;f;19,555555555555557;16;33,57962962962963;906,65;15;1,0
c_5365;m;28,73076923076923;26;49,93442307692308;2596,59;18;1,0
c_5366;f;80,7910447761194;71;15,805671641791045;2117,96;54;0,0
c_5367;m;54,592;87;15,8804;1985,05;55;0,0
c_5368;f;68,63157894736842;15;14,977368421052631;284,57;8;0,0
c_5369;f;28,583333333333332;18;37,39875;897,5699999999999;13;1,0
c_537;m;37,45161290322581;16;13,05741935483871;404,78000000000003;20;0,0
c_5370;m;41,517857142857146;24;13,975;782,6;32;0,0
c_5371;m;40,58914728682171;50;13,076666666666666;1686,8899999999999;67;0,0
c_5372;f;20,5;9;71,7925;861,51;7;1,0
c_5373;m;38,83870967741935;46;12,481129032258066;1547,66;56;0,0
c_5374;m;25,00952380952381;30;20,97104761904762;2201,96;33;1,0
c_5375;f;43,54237288135593;19;16,097966101694915;949,78;30;0,0
c_5376;m;54,36842105263158;13;15,746842105263157;299,19;13;0,0
c_5377;f;35,75257731958763;43;13,172783505154639;1277,76;49;0,0
c_5378;m;17,6;8;24,024;240,24;6;1,0
c_5379;m;77,7872340425532;46;19,53276595744681;918,04;22;0,0
c_538;f;49,57377049180328;19;14,270163934426229;870,48;32;0,0
c_5380;m;47,375;10;15,19875;243,18;10;0,0
c_5381;f;65,6938775510204;23;14,506938775510205;710,84;24;0,0
c_5382;f;26,72340425531915;37;64,29063829787233;3021,66;17;1,0
c_5383;f;74,64285714285714;20;15,437142857142858;648,36;19;0,0
c_5384;f;20,733333333333334;16;72,61933333333333;2178,58;14;1,0
c_5385;m;51,68539325842696;61;13,000449438202248;1157,04;40;0,0
c_5386;f;44,72142857142857;62;13,7365;1923,11;66;0,0
c_5387;m;65,95;13;16,1955;323,90999999999997;8;0,0
c_5388;f;71,5;12;17,78125;426,75;13;0,0
c_5389;m;33,73809523809524;39;12,124404761904762;1018,4499999999999;37;0,0
c_539;m;79,80208333333333;111;17,52208333333333;3364,24;78;0,0
c_5390;f;54,785714285714285;13;16,858214285714286;472,03;11;0,0
c_5391;f;51,4;5;7,378;36,89;3;0,0
c_5392;f;74,62105263157895;88;15,166526315789474;1440,82;46;0,0
c_5393;f;17,875;8;41,75875;1002,21;14;1,0
c_5394;f;75,8;21;16,97909090909091;933,85;26;0,0
c_5395;f;26,733333333333334;20;19,24233333333333;1154,54;30;0,0
c_5396;f;30,454545454545453;22;11,581818181818182;509,6;31;0,0
c_5397;f;50,88461538461539;14;18,459230769230768;479,94;11;0,0
c_5398;f;20,5;10;123,4975;1481,97;7;1,0
c_5399;f;69,67307692307692;36;12,154615384615385;632,04;25;0,0
c_54;f;35,65346534653465;40;12,265148514851484;1238,78;51;0,0
c_540;m;41,833333333333336;8;12,005;216,09;8;0,0
c_5400;m;55,4;5;7,9;39,5;3;0,0
c_5401;m;37,5;2;27,94;55,88;1;0,0
c_5402;m;48,59230769230769;50;13,971153846153847;1816,25;62;0,0
c_5403;f;52,765957446808514;74;14,133191489361701;1328,52;40;0,0
c_5404;f;39,57487922705314;91;12,173913043478262;2520,0;111;0,0
c_5405;f;47,748387096774195;128;13,165354838709677;4081,2599999999998;136;0,0
c_5406;f;69,9;8;22,016;440,32;6;0,0
c_5407;f;50,68;18;27,6748;691,87;12;0,0
c_5408;m;42,74074074074074;92;13,509814814814815;2918,12;84;0,0
c_5409;f;82,61702127659575;38;18,6431914893617;876,23;26;0,0
c_541;m;17,6875;7;39,878750000000004;638,0600000000001;9;1,0
c_5410;m;32,61194029850746;24;14,763880597014925;989,18;31;0,0
c_5411;m;33,76966292134831;78;12,837191011235955;2285,02;78;0,0
c_5412;m;21,833333333333332;16;39,377916666666664;945,0699999999999;10;1,0
c_5413;f;42,68131868131868;76;14,067087912087912;2560,21;89;0,0
c_5414;f;46,72222222222222;24;12,801666666666668;921,72;33;0,0
c_5415;m;21,4375;10;36,049375;576,79;9;1,0
c_5416;f;51,632075471698116;86;15,18688679245283;1609,81;53;0,0
c_5417;f;52,73684210526316;30;19,73157894736842;749,8;21;0,0
c_5418;f;88,77083333333333;28;16,984791666666666;815,27;24;0,0
c_5419;f;22,714285714285715;7;41,08142857142857;287,57;3;1,0
c_542;m;66,70992366412214;92;17,314580152671756;2268,21;61;0,0
c_5420;m;62,7;18;18,4;552,0;15;0,0
c_5421;f;56,0;4;16,216;81,08;5;0,0
c_5422;f;33,81318681318681;74;13,314835164835166;2423,3;81;0,0
c_5423;m;45,714285714285715;38;12,358441558441559;951,6;36;0,0
c_5424;m;50,73770491803279;49;17,37311475409836;1059,76;32;0,0
c_5425;f;40,32;11;12,999600000000001;324,99;18;0,0
c_5426;f;44,76190476190476;31;11,195833333333333;940,4499999999999;35;0,0
c_5427;f;17,5609756097561;34;52,6990243902439;2160,66;24;1,0
c_5428;m;41,73913043478261;39;15,32231884057971;1057,24;40;0,0
c_5429;f;53,53333333333333;27;14,277111111111111;642,47;24;0,0
c_543;f;42,53521126760563;31;12,876760563380282;914,25;39;0,0
c_5430;m;36,55;37;12,3722;1237,22;51;0,0
c_5431;m;28,714285714285715;7;73,83857142857143;516,87;3;1,0
c_5432;f;88,5;2;23,578333333333333;141,47;6;0,0
c_5433;f;40,57831325301205;71;13,577469879518073;2253,86;88;0,0
c_5434;f;56,611111111111114;31;15,288333333333334;550,38;19;0,0
c_5435;f;52,625;49;17,304791666666667;1661,26;49;0,0
c_5436;f;17,5;4;58,95;235,8;3;1,0
c_5437;f;48,76223776223776;62;14,49958041958042;2073,44;69;0,0
c_5438;m;56,57692307692308;23;15,755384615384616;409,64;14;0,0
c_5439;m;66,65789473684211;35;17,050263157894737;647,91;19;0,0
c_544;f;40,53658536585366;19;12,845365853658535;526,66;24;0,0
c_5440;f;17,583333333333332;15;54,8125;1315,5;13;1,0
c_5441;f;64,744;102;16,41272;2051,59;61;0,0
c_5442;m;49,6;13;12,237714285714285;428,32;18;0,0
c_5443;m;56,8125;21;16,8578125;539,45;13;0,0
c_5444;m;39,70666666666666;57;12,505533333333332;1875,83;66;0,0
c_5445;m;59,8936170212766;21;16,54;777,38;20;0,0
c_5446;f;65,68595041322314;91;16,85330578512397;2039,25;55;0,0
c_5447;f;48,872093023255815;32;13,179418604651163;1133,43;35;0,0
c_5448;f;20,763157894736842;12;14,482894736842105;550,35;15;0,0
c_5449;m;37,6578073089701;115;13,765448504983388;4143,4;145;0,0
c_545;f;49,746153846153845;46;15,466076923076923;2010,59;61;0,0
c_5450;m;55,57627118644068;52;13,590508474576271;801,84;31;0,0
c_5451;m;39,55172413793103;13;13,423448275862068;389,28;16;0,0
c_5452;f;40,71568627450981;37;13,08343137254902;1334,51;44;0,0
c_5453;m;31,70175438596491;24;12,55421052631579;715,59;28;0,0
c_5454;m;37,72560975609756;69;12,339146341463413;2023,62;74;0,0
c_5455;m;55,61224489795919;37;14,874897959183674;728,87;27;0,0
c_5456;f;27,55294117647059;43;31,26776470588235;2657,7599999999998;40;1,0
c_5457;f;17,69047619047619;29;56,99047619047619;2393,6;18;1,0
c_5458;f;42,63809523809524;91;13,046666666666665;2739,7999999999997;100;0,0
c_5459;m;44,63636363636363;82;14,335696969696968;2365,39;79;0,0
c_546;m;17,804878048780488;23;37,48853658536585;1537,03;26;1,0
c_5460;m;69,27272727272727;11;19,939090909090908;219,32999999999998;8;0,0
c_5461;f;47,630434782608695;57;12,719855072463767;1755,34;68;0,0
c_5462;f;57,61654135338346;104;15,611729323308271;2076,36;62;0,0
c_5463;f;22,761904761904763;38;34,144444444444446;2151,1;32;1,0
c_5464;m;28,708333333333332;12;26,745;641,88;8;1,0
c_5465;m;33,333333333333336;11;10,642380952380952;223,49;15;0,0
c_5466;m;47,622093023255815;78;13,437151162790698;2311,19;91;0,0
c_5467;f;29,68421052631579;25;54,22184210526316;2060,43;18;1,0
c_5468;f;29,655172413793103;13;33,906551724137934;983,2900000000001;13;1,0
c_5469;f;61,54545454545455;20;13,075454545454544;287,65999999999997;14;0,0
c_547;f;20,697674418604652;23;59,30720930232558;2550,21;20;1,0
c_5470;m;26,75;6;30,966249999999995;495,4599999999999;8;1,0
c_5471;f;17,625;18;46,8428125;1498,97;17;1,0
c_5472;m;28,785714285714285;11;60,18714285714286;842,62;6;1,0
c_5473;f;52,58974358974359;17;16,486410256410256;642,97;18;0,0
c_5474;f;28,74468085106383;26;34,63468085106383;1627,83;24;1,0
c_5475;f;19,761904761904763;13;45,981904761904765;965,62;11;1,0
c_5476;m;65,6875;25;19,9540625;638,53;14;0,0
c_5477;m;48,666666666666664;47;11,693235294117647;1192,71;56;0,0
c_5478;m;67,48780487804878;32;19,133658536585365;784,48;24;0,0
c_5479;f;50,65;81;15,7136;1571,36;49;0,0
c_548;m;71,74358974358974;31;16,713846153846156;651,84;19;0,0
c_5480;f;42,719298245614034;28;13,295263157894738;757,83;27;0,0
c_5481;f;40,476190476190474;11;9,24047619047619;194,05;13;0,0
c_5482;f;50,74074074074074;21;15,836666666666666;427,59;17;0,0
c_5483;f;32,69230769230769;79;13,29473372781065;2246,81;79;0,0
c_5484;f;40,65263157894737;42;14,17421052631579;1346,55;39;0,0
c_5485;f;21,741935483870968;17;38,501612903225805;1193,55;14;1,0
c_5486;f;39,80451127819549;43;13,333007518796991;1773,29;59;0,0
c_5487;f;44,689655172413794;10;11,809310344827585;342,46999999999997;16;0,0
c_5488;f;41,62931034482759;46;17,106379310344828;1984,34;52;0,0
c_5489;f;44,48717948717949;12;12,955641025641025;505,27;20;0,0
c_549;m;40,651315789473685;70;13,925065789473685;2116,61;66;0,0
c_5490;f;32,638888888888886;31;13,865833333333333;998,3399999999999;34;0,0
c_5491;m;52,60606060606061;16;12,533333333333333;413,6;16;0,0
c_5492;f;35,75555555555555;21;11,488888888888889;517,0;19;0,0
c_5493;m;53,733333333333334;34;17,86888888888889;804,1;19;0,0
c_5494;m;51,5;12;15,308333333333334;275,55;9;0,0
c_5495;f;58,45161290322581;22;16,82774193548387;521,66;20;0,0
c_5496;m;45,6;10;6,376;159,4;10;0,0
c_5497;f;32,63636363636363;65;13,068693181818183;2300,09;80;0,0
c_5498;f;51,63157894736842;26;19,970526315789474;758,88;22;0,0
c_5499;f;22,555555555555557;7;46,24;416,16;7;1,0
c_55;f;28,761904761904763;8;32,86238095238095;690,11;10;1,0
c_550;f;52,708333333333336;93;15,088;1810,56;49;0,0
c_5500;m;17,727272727272727;9;46,302727272727275;509,33;4;1,0
c_5501;f;64,70370370370371;77;17,66787037037037;1908,1299999999999;52;0,0
c_5502;m;60,791044776119406;36;15,341194029850746;1027,86;28;0,0
c_5503;f;43,70967741935484;11;12,466451612903224;386,46;19;0,0
c_5504;f;48,49180327868852;21;13,898688524590163;847,8199999999999;37;0,0
c_5505;m;69,83333333333333;17;18,649166666666666;671,37;22;0,0
c_5506;m;51,645161290322584;17;18,921612903225803;586,5699999999999;17;0,0
c_5507;f;57,688311688311686;61;15,135324675324677;1165,42;34;0,0
c_5508;f;47,7;29;14,779857142857141;1034,59;32;0,0
c_5509;m;21,384615384615383;6;23,983076923076922;311,78;8;1,0
c_551;f;23,76923076923077;10;57,23076923076923;744,0;4;1,0
c_5510;f;80,68;56;17,339733333333335;1300,48;36;0,0
c_5511;f;45,603053435114504;57;13,170839694656488;1725,3799999999999;69;0,0
c_5512;m;85,5909090909091;74;16,549090909090907;1456,32;50;0,0
c_5513;f;65,74285714285715;21;15,602857142857143;546,1;15;0,0
c_5514;f;31,58490566037736;46;12,785471698113207;1355,26;60;0,0
c_5515;f;22,666666666666668;4;55,74333333333334;334,46000000000004;3;1,0
c_5516;f;17,755555555555556;31;31,980888888888884;1439,1399999999999;16;1,0
c_5517;f;19,758064516129032;34;56,26774193548387;3488,6;27;1,0
c_5518;m;18,545454545454547;14;38,974999999999994;857,4499999999999;12;1,0
c_5519;f;27,6;33;70,20977777777777;3159,44;18;1,0
c_552;m;52,869565217391305;18;17,913478260869564;412,01;12;0,0
c_5520;f;38,70967741935484;66;12,352064516129031;1914,57;63;0,0
c_5521;f;28,428571428571427;11;64,76071428571429;906,65;10;1,0
c_5522;m;47,5945945945946;64;12,934594594594595;1914,32;81;0,0
c_5523;f;51,64367816091954;55;16,478965517241377;1433,6699999999998;41;0,0
c_5524;m;44,523809523809526;20;11,14595238095238;468,13;24;0,0
c_5525;m;62,75806451612903;31;22,270967741935483;1380,8;28;0,0
c_5526;f;23,649122807017545;32;31,986666666666668;1823,24;28;1,0
c_5527;f;29,5;8;54,185;433,48;5;1,0
c_5528;m;48,62;48;15,785499999999999;1578,55;46;0,0
c_5529;f;35,61224489795919;47;14,732380952380952;2165,66;73;0,0
c_553;f;72,65306122448979;35;16,58;812,42;24;0,0
c_5530;m;64,77215189873418;42;15,77;1245,83;32;0,0
c_5531;f;33,66153846153846;30;10,99276923076923;714,53;35;0,0
c_5532;m;68,56989247311827;47;22,036666666666665;2049,41;45;0,0
c_5533;f;56,71875;57;17,059375;1091,8;30;0,0
c_5534;m;33,71875;45;12,28015625;1571,86;54;0,0
c_5535;m;49,70348837209303;71;15,243837209302326;2621,94;80;0,0
c_5536;f;49,674418604651166;21;12,350232558139536;531,0600000000001;23;0,0
c_5537;m;44,7047619047619;43;12,255238095238095;1286,8;48;0,0
c_5538;m;25,7;17;46,849000000000004;936,98;12;1,0
c_5539;f;53,69230769230769;51;14,77646153846154;960,47;31;0,0
c_554;m;42,766323024054984;109;13,115841924398625;3816,71;130;0,0
c_5540;m;34,57142857142857;16;13,317857142857143;559,35;23;0,0
c_5541;f;44,765957446808514;19;12,051063829787234;566,4;19;0,0
c_5542;f;48,666666666666664;32;12,225641025641027;953,6;35;0,0
c_5543;m;39,604166666666664;21;16,312083333333334;782,98;25;0,0
c_5544;f;73,6421052631579;75;15,765052631578948;1497,68;53;0,0
c_5545;f;39,68561872909699;129;11,978361204013376;3581,5299999999997;134;0,0
c_5546;m;17,857142857142858;33;40,01392857142857;2240,78;23;1,0
c_5547;f;86,53333333333333;15;11,443333333333333;171,65;9;0,0
c_5548;f;25,52173913043478;15;63,23695652173913;1454,45;16;1,0
c_5549;f;17,755555555555556;25;38,534444444444446;1734,05;16;1,0
c_555;m;30,689655172413794;39;13,520804597701149;1176,31;41;0,0
c_5550;f;76,75;89;15,110535714285714;1692,3799999999999;50;0,0
c_5551;f;69,65517241379311;93;17,46508620689655;2025,95;54;0,0
c_5552;f;36,63228699551569;97;12,49730941704036;2786,9;103;0,0
c_5553;m;27,636363636363637;6;22,930909090909093;504,48;11;1,0
c_5554;f;67,76422764227642;85;18,733739837398375;2304,25;56;0,0
c_5555;f;51,625;8;16,525;132,2;3;0,0
c_5556;f;27,91891891891892;17;34,21918918918919;1266,11;17;1,0
c_5557;f;32,731404958677686;92;12,771735537190082;3090,7599999999998;99;0,0
c_5558;f;84,64227642276423;96;16,158048780487807;1987,44;59;0,0
c_5559;f;74,92105263157895;21;26,495526315789476;1006,83;19;0,0
c_556;m;81,68032786885246;102;17,556229508196722;2141,86;59;0,0
c_5560;m;35,58156028368794;55;11,072624113475177;1561,24;75;0,0
c_5561;m;79,6470588235294;13;18,26529411764706;310,51;8;0,0
c_5562;f;83,75;41;16,506842105263157;1254,52;33;0,0
c_5563;m;23,482758620689655;22;52,12034482758621;1511,49;15;1,0
c_5564;f;56,656716417910445;56;13,415074626865671;898,81;35;0,0
c_5565;f;70,6938775510204;32;19,641632653061222;962,4399999999999;20;0,0
c_5566;m;41,869565217391305;9;13,636521739130433;313,64;12;0,0
c_5567;f;52,705882352941174;15;17,129411764705882;291,2;11;0,0
c_5568;f;53,645161290322584;44;17,34709677419355;1075,52;32;0,0
c_5569;m;46,51851851851852;25;14,587407407407408;787,72;31;0,0
c_557;m;43,71641791044776;26;11,592388059701491;776,6899999999999;27;0,0
c_5570;f;45,484375;28;21,136875;1352,76;39;0,0
c_5571;f;42,9;29;16,76222222222222;1508,6;31;0,0
c_5572;f;60,74074074074074;42;21,06111111111111;1705,95;40;0,0
c_5573;f;71,69047619047619;68;16,672857142857143;1400,52;42;0,0
c_5574;m;17,661016949152543;35;60,45457627118643;3566,8199999999997;26;1,0
c_5575;f;27,717391304347824;24;44,9304347826087;2066,8;19;1,0
c_5576;m;47,43478260869565;7;13,161739130434784;302,72;13;0,0
c_5577;m;31,580188679245282;97;11,408301886792453;2418,56;112;0,0
c_5578;m;68,57692307692308;32;15,592307692307692;810,8;26;0,0
c_5579;m;28,735294117647058;18;57,523529411764706;1955,8;16;1,0
c_558;m;17,46875;24;44,215625;1414,9;18;1,0
c_5580;f;43,73134328358209;28;15,012537313432837;1005,84;26;0,0
c_5581;f;65,70967741935483;39;16,418064516129032;1017,92;30;0,0
c_5582;m;26,38095238095238;7;24,56;515,76;17;1,0
c_5583;m;29,90909090909091;9;19,36;638,88;18;0,0
c_5584;f;37,54255319148936;74;13,485;2535,18;99;0,0
c_5585;m;67,4186046511628;24;16,621860465116278;714,74;28;0,0
c_5586;f;81,76470588235294;30;24,45235294117647;831,38;18;0,0
c_5587;f;44,72222222222222;13;11,318611111111112;407,47;16;0,0
c_5588;f;77,5945945945946;18;18,09162162162162;669,39;22;0,0
c_5589;f;19,466666666666665;30;56,279555555555554;2532,58;25;1,0
c_559;f;68,74025974025975;44;15,388051948051947;1184,8799999999999;33;0,0
c_5590;m;37,54545454545455;40;17,847363636363635;1963,21;60;0,0
c_5591;f;59,73684210526316;79;17,088631578947368;1623,42;44;0,0
c_5592;m;32,431372549019606;16;13,571176470588235;692,13;32;0,0
c_5593;f;57,15384615384615;6;26,107307692307693;678,79;11;0,0
c_5594;f;46,59756097560975;33;12,667926829268293;1038,77;41;0,0
c_5595;f;18,52777777777778;28;35,21361111111111;1267,69;21;1,0
c_5596;m;58,421052631578945;12;16,966315789473686;322,36;12;0,0
c_5597;m;18,685185185185187;25;39,2787037037037;2121,0499999999997;30;1,0
c_5598;f;21,782608695652176;7;20,15;463,45;11;1,0
c_5599;m;67,66666666666667;61;17,157466666666664;1286,81;35;0,0
c_56;f;40,78111587982833;88;15,771802575107296;3674,83;93;0,0
c_560;m;33,57142857142857;17;9,820357142857143;274,96999999999997;13;0,0
c_5600;m;33,77391304347826;89;13,206478260869565;3037,49;102;0,0
c_5601;f;59,604395604395606;75;18,077142857142857;1645,02;44;0,0
c_5602;m;32,64589235127479;160;13,171756373937678;4649,63;161;0,0
c_5603;f;47,70238095238095;96;13,28547619047619;3347,94;117;0,0
c_5604;f;84,74603174603175;25;18,552222222222223;1168,79;28;0,0
c_5605;f;52,54545454545455;23;14,76969696969697;487,4;20;0,0
c_5606;f;62,72727272727273;17;12,049999999999999;265,09999999999997;10;0,0
c_5607;m;71,6734693877551;37;15,18265306122449;743,95;25;0,0
c_5608;m;48,69230769230769;18;12,771538461538462;664,12;23;0,0
c_5609;m;40,55309734513274;99;12,725884955752214;2876,05;114;0,0
c_561;f;22,636363636363637;28;45,92333333333333;1515,47;17;1,0
c_5610;m;36,776041666666664;68;15,146770833333333;2908,18;77;0,0
c_5611;m;36,48888888888889;21;12,831555555555555;577,42;29;0,0
c_5612;f;19,746835443037973;28;27,573291139240506;2178,29;27;1,0
c_5613;f;51,751724137931035;109;15,605655172413794;2262,82;56;0,0
c_5614;f;79,63636363636364;37;14,393939393939394;950,0;38;0,0
c_5615;f;41,670731707317074;41;13,816951219512195;1132,99;42;0,0
c_5616;f;21,62962962962963;30;33,47851851851852;1807,84;24;1,0
c_5617;m;29,266666666666666;6;29,706;445,59;5;1,0
c_5618;f;68,63235294117646;41;20,288088235294115;1379,59;30;0,0
c_5619;f;68,70238095238095;63;17,611666666666665;1479,3799999999999;37;0,0
c_562;m;47,71951219512195;56;11,655975609756098;1911,58;66;0,0
c_5620;m;24,375;4;29,2175;233,74;5;1,0
c_5621;m;31,695121951219512;115;14,210813008130081;3495,86;118;0,0
c_5622;f;52,5609756097561;35;15,777073170731708;646,86;22;0,0
c_5623;f;17,727272727272727;9;51,82090909090909;570,03;5;1,0
c_5624;m;49,60606060606061;13;10,312121212121212;340,3;16;0,0
c_5625;m;79,53125;24;15,260625;488,34;17;0,0
c_5626;m;82,57142857142857;40;20,39265306122449;999,24;26;0,0
c_5627;f;24,80263157894737;30;50,89934210526316;3868,35;30;1,0
c_5628;m;65,6;59;14,267249999999999;1141,3799999999999;44;0,0
c_5629;m;56,54368932038835;83;14,24135922330097;1466,86;59;0,0
c_563;f;19,622222222222224;24;36,36822222222222;1636,57;20;1,0
c_5630;f;22,75;26;63,06527777777777;2270,35;16;1,0
c_5631;f;43,74242424242424;21;13,722272727272726;905,67;41;0,0
c_5632;m;65,81818181818181;19;18,03863636363636;396,84999999999997;10;0,0
c_5633;f;35,875;32;16,939500000000002;1355,16;31;0,0
c_5634;f;29,7972972972973;37;32,97702702702702;2440,2999999999997;30;1,0
c_5635;f;24,5;9;63,537499999999994;762,4499999999999;7;1,0
c_5636;f;32,705882352941174;97;12,279080882352941;3339,91;116;0,0
c_5637;f;87,57692307692308;12;11,75423076923077;305,61;13;0,0
c_5638;m;31,573170731707318;38;13,954756097560976;1144,29;48;0,0
c_5639;m;46,66147859922179;128;13,454591439688716;3457,83;113;0,0
c_564;m;36,68421052631579;24;13,327236842105263;1012,87;31;0,0
c_5640;f;53,0;1;16,259999999999998;32,519999999999996;2;0,0
c_5641;f;29,8;7;37,69;376,9;4;1,0
c_5642;f;30,520325203252032;55;14,410081300813008;1772,44;70;0,0
c_5643;f;53,53174603174603;95;15,840873015873017;1995,95;68;0,0
c_5644;m;38,666666666666664;14;12,648888888888889;455,36;15;0,0
c_5645;f;17,72151898734177;50;48,698354430379744;3847,17;34;1,0
c_5646;f;73,78260869565217;10;15,199565217391303;349,59;13;0,0
c_5647;f;64,55405405405405;55;18,362027027027025;1358,79;38;0,0
c_5648;m;17,75;14;57,202999999999996;1144,06;8;1,0
c_5649;f;17,75;6;61,277499999999996;490,21999999999997;4;1,0
c_565;m;42,78888888888889;28;14,156666666666666;1274,1;45;0,0
c_5650;m;47,747252747252745;29;14,607362637362638;1329,27;39;0,0
c_5651;m;57,51282051282051;29;16,903846153846153;659,25;20;0,0
c_5652;f;54,605633802816904;43;15,589436619718308;1106,85;32;0,0
c_5653;f;44,607142857142854;62;11,200059523809523;1881,61;83;0,0
c_5654;m;55,72164948453608;83;18,671340206185565;1811,12;46;0,0
c_5655;f;72,78;80;18,6527;1865,27;45;0,0
c_5656;f;17,677966101694917;20;17,265254237288136;1018,65;19;1,0
c_5657;f;65,875;8;12,806249999999999;102,44999999999999;3;0,0
c_5658;f;40,55357142857143;22;13,369464285714285;748,6899999999999;31;0,0
c_5659;f;20,625;12;23,99;383,84;10;1,0
c_566;m;39,68;46;14,96256;1870,32;54;0,0
c_5660;f;44,63157894736842;59;13,329323308270677;1772,8;67;0,0
c_5661;f;52,416666666666664;17;12,13;291,12;16;0,0
c_5662;f;23,930555555555557;42;45,27361111111111;3259,7;31;1,0
c_5663;f;37,685344827586206;97;13,230344827586206;3069,44;114;0,0
c_5664;f;24,727272727272727;17;21,505757575757574;709,6899999999999;17;1,0
c_5665;m;33,60377358490566;14;17,315471698113207;917,72;30;0,0
c_5666;m;19,772727272727273;18;40,644090909090906;894,17;10;1,0
c_5667;f;67,79166666666667;15;15,300833333333332;367,21999999999997;12;0,0
c_5668;f;29,727272727272727;19;32,41909090909091;713,22;11;1,0
c_5669;f;66,75;16;12,993333333333332;311,84;11;0,0
c_567;f;17,674418604651162;24;31,501860465116277;1354,58;21;1,0
c_5670;f;33,685483870967744;52;12,980241935483871;1609,55;56;0,0
c_5671;f;40,568627450980394;24;12,912745098039215;658,55;25;0,0
c_5672;f;52,65151515151515;97;14,685151515151516;1938,44;62;0,0
c_5673;f;17,614035087719298;20;22,908070175438596;1305,76;22;1,0
c_5674;m;33,648148148148145;146;13,440586419753087;4354,75;154;0,0
c_5675;m;52,65079365079365;115;18,3231746031746;2308,72;61;0,0
c_5676;f;32,5;9;11,401666666666666;273,64;12;0,0
c_5677;m;64,67948717948718;59;16,54692307692308;1290,66;37;0,0
c_5678;m;63,666666666666664;13;10,864444444444445;195,56;9;0,0
c_5679;f;27,766666666666666;14;17,931666666666665;537,9499999999999;12;0,0
c_568;m;26,674418604651162;17;32,02186046511628;1376,94;15;1,0
c_5680;m;49,64545454545455;96;15,045;3309,9;111;0,0
c_5681;f;56,81443298969072;65;18,901649484536083;1833,46;41;0,0
c_5682;m;78,75590551181102;95;15,942204724409448;2024,6599999999999;59;0,0
c_5683;m;29,548387096774192;23;46,38225806451614;1437,8500000000001;19;1,0
c_5684;m;59,74418604651163;52;17,226976744186047;1481,52;39;0,0
c_5685;m;31,689655172413794;53;12,931793103448275;1875,11;65;0,0
c_5686;f;22,68421052631579;9;33,223684210526315;631,25;7;1,0
c_5687;m;79,58695652173913;16;18,27173913043478;840,5;20;0,0
c_5688;m;24,72;25;35,282999999999994;1764,1499999999999;22;1,0
c_5689;m;42,66796875;111;13,014296875;3331,66;121;0,0
c_569;f;27,82191780821918;33;35,33547945205479;2579,49;29;1,0
c_5690;f;17,23076923076923;6;47,54846153846154;618,13;10;1,0
c_5691;m;18,46;27;31,2244;1561,22;26;1,0
c_5692;m;55,83870967741935;11;16,10290322580645;499,19;14;0,0
c_5693;m;51,63793103448276;38;15,674137931034483;909,1;36;0,0
c_5694;f;39,75961538461539;85;13,170721153846152;2739,5099999999998;92;0,0
c_5695;f;28,666666666666668;18;50,36833333333333;1208,84;9;1,0
c_5696;m;59,48148148148148;19;18,31111111111111;494,4;14;0,0
c_5697;m;33,611111111111114;37;12,248472222222222;881,89;40;0,0
c_5698;f;34,710144927536234;19;12,691739130434783;875,73;33;0,0
c_5699;f;68,57407407407408;40;18,105555555555554;977,6999999999999;33;0,0
c_57;f;60,40425531914894;20;17,188510638297874;807,86;29;0,0
c_570;f;43,56842105263158;36;12,812842105263158;1217,22;52;0,0
c_5700;f;26,642857142857142;12;53,89785714285714;754,5699999999999;7;1,0
c_5701;f;68,60606060606061;42;14,608030303030302;964,13;30;0,0
c_5702;m;33,58695652173913;42;14,317717391304347;1317,23;47;0,0
c_5703;f;21,627906976744185;20;28,56;1228,08;18;1,0
c_5704;m;53,775862068965516;17;13,93155172413793;808,03;25;0,0
c_5705;m;35,63333333333333;38;13,298833333333333;1595,86;55;0,0
c_5706;m;32,8;10;12,114666666666666;363,44;10;0,0
c_5707;f;31,63157894736842;25;12,6075;958,17;40;0,0
c_5708;f;20,55;12;44,0045;880,09;10;1,0
c_5709;f;29,78723404255319;36;50,27680851063829;2363,0099999999998;20;1,0
c_571;f;37,68260869565217;95;13,915173913043477;3200,49;111;0,0
c_5710;f;18,75;9;35,4045;708,09;9;1,0
c_5711;f;55,50909090909091;40;17,620545454545454;969,13;36;0,0
c_5712;f;45,696774193548386;71;13,856258064516128;2147,72;72;0,0
c_5713;m;40,851351351351354;23;11,653648648648648;862,37;32;0,0
c_5714;f;49,638888888888886;61;12,532592592592593;1353,52;49;0,0
c_5715;m;25,941176470588236;11;36,21941176470588;615,73;6;1,0
c_5716;f;17,681818181818183;43;37,20079545454546;3273,67;40;1,0
c_5717;m;42,857142857142854;31;11,399714285714285;797,98;30;0,0
c_5718;m;44,70454545454545;41;13,86375;1220,01;40;0,0
c_5719;m;38,638888888888886;109;14,02031746031746;3533,12;122;0,0
c_572;m;47,63986013986014;125;13,950524475524475;3989,85;132;0,0
c_5720;f;56,77181208053691;108;17,191543624161074;2561,54;72;0,0
c_5721;m;19,5;4;29,49;117,96;2;1,0
c_5722;m;42,87012987012987;31;14,409090909090908;1109,5;40;0,0
c_5723;f;46,457142857142856;12;12,136285714285714;424,77;19;0,0
c_5724;f;24,77777777777778;14;47,15777777777778;848,84;8;1,0
c_5725;m;46,61924686192469;113;13,49246861924686;3224,7;120;0,0
c_5726;f;43,60493827160494;36;11,897283950617282;963,68;38;0,0
c_5727;m;52,67368421052632;71;20,045157894736843;1904,29;49;0,0
c_5728;f;24,62962962962963;13;29,43074074074074;794,63;14;1,0
c_5729;m;50,48888888888889;30;20,583555555555556;926,26;28;0,0
c_573;f;50,59574468085106;41;15,554255319148934;731,05;29;0,0
c_5730;m;57,88405797101449;39;16,414202898550723;1132,58;25;0,0
c_5731;f;34,76923076923077;5;9,967692307692307;129,57999999999998;5;0,0
c_5732;m;43,60526315789474;16;15,079473684210527;573,02;22;0,0
c_5733;m;47,596774193548384;32;12,366451612903226;766,72;32;0,0
c_5734;f;17,571428571428573;6;101,82000000000001;712,74;5;1,0
c_5735;f;25,307692307692307;7;23,728461538461538;308,46999999999997;10;1,0
c_5736;f;26,696969696969695;36;20,804646464646463;2059,66;39;0,0
c_5737;m;40,6986301369863;121;11,97931506849315;3497,96;129;0,0
c_5738;m;45,67567567567568;52;14,607387387387387;1621,42;55;0,0
c_5739;m;28,60810810810811;46;38,701351351351356;2863,9;37;1,0
c_574;m;52,67164179104478;56;19,324925373134327;1294,77;30;0,0
c_5740;f;17,857142857142858;6;41,83428571428571;585,68;7;1,0
c_5741;f;61,68316831683168;78;15,519702970297029;1567,49;49;0,0
c_5742;f;31,727272727272727;36;12,689431818181818;1116,67;40;0,0
c_5743;f;44,542857142857144;19;12,62342857142857;441,82;20;0,0
c_5744;f;62,5;4;18,91;75,64;2;0,0
c_5745;f;47,7;45;12,77646153846154;1660,94;61;0,0
c_5746;m;39,74285714285714;32;12,675;887,25;33;0,0
c_5747;m;19,125;10;27,578125;441,25;8;1,0
c_5748;f;23,766666666666666;18;46,47133333333333;1394,1399999999999;12;1,0
c_5749;m;17,857142857142858;12;18,185714285714283;381,9;8;1,0
c_575;f;49,72;32;13,055299999999999;1305,53;42;0,0
c_5750;m;77,70666666666666;66;16,438399999999998;1232,8799999999999;39;0,0
c_5751;f;46,69230769230769;11;20,88076923076923;271,45;5;0,0
c_5752;m;40,3;6;10,0205;200,41;17;0,0
c_5753;m;73,71428571428571;25;17,621714285714287;616,76;15;0,0
c_5754;m;29,454545454545453;15;66,14181818181818;1455,12;14;1,0
c_5755;m;31,450704225352112;37;14,541126760563381;1032,42;45;0,0
c_5756;f;59,737864077669904;68;18,382135922330097;1893,36;43;0,0
c_5757;m;25,470588235294116;14;53,95705882352941;917,27;11;1,0
c_5758;m;43,90909090909091;25;14,56939393939394;961,58;23;0,0
c_5759;m;31,592760180995477;99;12,45366515837104;2752,2599999999998;106;0,0
c_576;f;65,61764705882354;61;18,75470588235294;1275,32;34;0,0
c_5760;f;44,580357142857146;45;12,583214285714286;1409,32;58;0,0
c_5761;f;65,65714285714286;24;13,879714285714286;485,79;18;0,0
c_5762;f;33,71764705882353;68;13,87935294117647;2359,49;84;0,0
c_5763;m;37,644067796610166;27;11,666271186440676;688,31;28;0,0
c_5764;f;18,933333333333334;36;26,4515;1587,09;21;1,0
c_5765;m;69,66666666666667;34;15,371764705882354;783,96;27;0,0
c_5766;m;61,77777777777778;9;17,874444444444446;160,87;4;0,0
c_5767;f;42,71764705882353;70;12,405529411764705;2108,94;74;0,0
c_5768;f;53,84444444444444;33;15,919777777777778;716,39;20;0,0
c_5769;m;56,7;21;14,830333333333332;444,90999999999997;15;0,0
c_577;m;92,75652173913043;85;15,912695652173914;1829,96;48;0,0
c_5770;f;44,5;44;13,179999999999998;1291,6399999999999;61;0,0
c_5771;m;25,821428571428573;14;28,79678571428571;806,31;12;1,0
c_5772;m;46,65384615384615;114;13,428307692307692;3491,36;117;0,0
c_5773;m;27,645833333333332;33;52,94875;2541,54;21;1,0
c_5774;m;24,444444444444443;6;14,33;128,97;5;0,0
c_5775;f;72,53846153846153;10;16,076153846153847;208,99;6;0,0
c_5776;m;43,62765957446808;43;10,428829787234042;980,31;44;0,0
c_5777;f;23,75;17;65,96000000000001;1846,88;16;1,0
c_5778;f;43,45454545454545;22;12,280909090909091;675,45;34;0,0
c_5779;m;21,944444444444443;18;45,215;813,87;8;1,0
c_578;m;79,64406779661017;37;17,08271186440678;1007,88;25;0,0
c_5780;m;71,57894736842105;26;19,707105263157896;748,87;19;0,0
c_5781;f;76,65277777777777;27;15,15986111111111;1091,51;40;0,0
c_5782;f;46,736434108527135;100;12,443023255813953;3210,2999999999997;110;0,0
c_5783;m;53,666666666666664;13;14,336296296296295;387,08;13;0,0
c_5784;f;68,84210526315789;8;24,60578947368421;467,51;13;0,0
c_5785;f;38,58163265306123;41;12,419693877551019;1217,1299999999999;49;0,0
c_5786;f;19,708333333333332;16;45,96625;1103,19;12;1,0
c_5787;f;35,654761904761905;67;13,828333333333333;2323,16;84;0,0
c_5788;m;71,75862068965517;26;14,651379310344828;424,89;12;0,0
c_5789;m;82,80281690140845;20;16,216760563380284;1151,39;32;0,0
c_579;m;42,72803347280335;93;13,564895397489538;3242,0099999999998;102;0,0
c_5790;f;37,724806201550386;109;12,800542635658914;3302,54;123;0,0
c_5791;m;22,03846153846154;20;59,10846153846155;1536,8200000000002;8;1,0
c_5792;m;30,647058823529413;22;12,971372549019607;661,54;27;0,0
c_5793;f;61,57142857142857;6;16,387142857142855;229,42;7;0,0
c_5794;f;63,59183673469388;41;14,443061224489796;707,71;25;0,0
c_5795;f;66,82089552238806;44;17,12955223880597;1147,68;31;0,0
c_5796;m;36,69047619047619;40;13,617619047619046;1143,8799999999999;40;0,0
c_5797;m;38,60287081339713;98;13,696842105263157;2862,64;114;0,0
c_5798;m;43,721518987341774;41;17,180506329113925;1357,26;43;0,0
c_5799;f;59,76229508196721;87;16,174098360655737;1973,24;55;0,0
c_58;f;18,794871794871796;32;42,27461538461539;1648,71;17;1,0
c_580;m;33,767857142857146;134;12,740208333333333;4280,71;140;0,0
c_5800;f;17,58974358974359;47;53,017820512820514;4135,39;38;1,0
c_5801;f;53,65909090909091;34;14,485681818181819;637,37;25;0,0
c_5802;m;22,555555555555557;15;31,87740740740741;860,69;17;1,0
c_5803;f;52,70666666666666;30;14,660933333333332;1099,57;40;0,0
c_5804;f;43,68421052631579;14;14,776842105263157;561,52;22;0,0
c_5805;m;67,69444444444444;83;16,701203703703705;1803,73;49;0,0
c_5806;m;43,76923076923077;13;14,335897435897436;559,1;17;0,0
c_5807;m;22,72222222222222;12;36,04666666666666;648,8399999999999;11;1,0
c_5808;m;64,71604938271605;34;19,251975308641978;1559,41;37;0,0
c_5809;m;44,68;10;12,1924;304,81;12;0,0
c_581;m;17,75;28;40,5728125;1298,33;15;1,0
c_5810;m;55,891891891891895;13;13,287027027027026;491,61999999999995;16;0,0
c_5811;f;42,74074074074074;14;16,394814814814815;442,66;11;0,0
c_5812;m;31,763157894736842;13;13,02921052631579;495,11;22;0,0
c_5813;f;45,609756097560975;64;12,704634146341464;1562,67;58;0,0
c_5814;m;24,897435897435898;15;26,1325641025641;1019,17;17;1,0
c_5815;f;37,63333333333333;80;12,419722222222223;2235,55;88;0,0
c_5816;m;58,2;10;15,381;307,62;6;0,0
c_5817;m;20,74468085106383;24;46,53595744680851;2187,19;23;1,0
c_5818;f;43,62765957446808;41;12,85127659574468;1208,02;50;0,0
c_5819;f;30,64375;67;12,8266875;2052,27;74;0,0
c_582;f;80,66666666666667;25;13,735;494,46;20;0,0
c_5820;f;85,58974358974359;14;12,633333333333333;492,7;21;0,0
c_5821;f;46,483870967741936;16;10,995161290322581;340,85;20;0,0
c_5822;m;49,71610169491525;103;12,643050847457626;2983,7599999999998;100;0,0
c_5823;m;67,75;34;17,759545454545453;781,42;23;0,0
c_5824;f;25,869565217391305;20;74,18;1706,14;10;1,0
c_5825;f;29,666666666666668;43;35,95846153846154;2804,76;31;1,0
c_5826;f;26,72222222222222;25;28,657592592592593;1547,51;26;1,0
c_5827;f;42,77142857142857;61;14,486714285714285;2028,1399999999999;54;0,0
c_5828;f;23,727272727272727;17;49,68272727272727;1093,02;13;1,0
c_5829;f;32,0;1;8,035;16,07;2;0,0
c_583;f;17,74576271186441;24;25,148474576271187;1483,76;26;1,0
c_5830;m;23,75;14;33,10888888888889;1191,92;14;1,0
c_5831;f;47,94117647058823;5;13,925882352941176;236,74;7;0,0
c_5832;m;44,689655172413794;28;13,489655172413793;782,4;26;0,0
c_5833;f;34,748387096774195;69;12,44883870967742;1929,57;75;0,0
c_5834;f;62,710144927536234;86;16,924927536231884;2335,64;63;0,0
c_5835;f;30,682926829268293;135;12,634573170731707;4144,14;133;0,0
c_5836;f;47,683673469387756;34;15,525918367346938;1521,54;45;0,0
c_5837;f;61,76923076923077;20;14,091153846153846;366,37;11;0,0
c_5838;f;67,375;5;14,0125;112,1;7;0,0
c_5839;m;58,45454545454545;16;14,410909090909092;317,04;12;0,0
c_584;f;17,529411764705884;9;27,472941176470584;467,03999999999996;8;1,0
c_5840;f;53,44186046511628;37;16,129767441860466;693,58;23;0,0
c_5841;m;25,625;48;63,19765625;4044,65;32;1,0
c_5842;f;34,64331210191083;69;12,749235668789808;2001,6299999999999;77;0,0
c_5843;f;33,81308411214953;50;13,548411214953271;1449,68;50;0,0
c_5844;m;38,69387755102041;27;15,02408163265306;736,18;25;0,0
c_5845;f;21,657894736842106;21;55,711052631578944;2117,02;20;1,0
c_5846;f;17,48;11;25,863199999999996;646,5799999999999;13;1,0
c_5847;m;39,46551724137931;21;13,545;785,61;40;0,0
c_5848;m;25,583333333333332;27;29,484166666666667;2476,67;42;1,0
c_5849;f;18,571428571428573;34;46,64809523809524;1959,22;22;1,0
c_585;f;34,656;127;12,24784;3061,96;116;0,0
c_5850;m;66,73076923076923;43;17,695384615384615;920,16;27;0,0
c_5851;f;42,8;21;12,6294;631,47;27;0,0
c_5852;m;41,75609756097561;40;13,791829268292684;1130,93;42;0,0
c_5853;m;66,5;19;18,495;517,86;16;0,0
c_5854;f;54,142857142857146;6;23,592857142857145;165,15;6;0,0
c_5855;m;56,67142857142857;43;18,528142857142857;1296,97;36;0,0
c_5856;f;55,71739130434783;29;14,005652173913044;644,26;20;0,0
c_5857;f;18,571428571428573;11;34,00714285714285;714,15;12;1,0
c_5858;m;37,836363636363636;39;14,640545454545455;1610,46;48;0,0
c_5859;f;41,65384615384615;21;12,655576923076923;658,09;30;0,0
c_586;m;31,38888888888889;8;11,07;199,26;12;0,0
c_5860;m;49,6;21;12,45875;498,35;22;0,0
c_5861;f;43,76732673267327;73;11,424653465346536;2307,78;80;0,0
c_5862;f;32,89795918367347;16;11,501632653061225;563,58;23;0,0
c_5863;f;67,5;26;19,720000000000002;1025,44;31;0,0
c_5864;f;35,63963963963964;90;13,926936936936936;3091,7799999999997;105;0,0
c_5865;m;25,9375;11;51,80375;828,86;5;1,0
c_5866;f;61,69230769230769;28;18,656923076923075;970,16;23;0,0
c_5867;m;34,613382899628256;116;12,50546468401487;3363,97;123;0,0
c_5868;m;49,566265060240966;68;11,539578313253012;1915,57;87;0,0
c_5869;f;69,61261261261261;81;19,014594594594595;2110,62;58;0,0
c_5870;f;37,6231884057971;20;12,132463768115942;837,14;41;0,0
c_5871;m;25,0;8;21,240000000000002;169,92000000000002;2;1,0
c_5872;f;57,5625;8;20,23;323,68;11;0,0
c_5873;m;34,46153846153846;4;12,74;165,62;10;0,0
c_5874;f;58,666666666666664;47;17,61;1215,09;34;0,0
c_5875;f;42,54666666666667;27;12,447066666666666;933,53;40;0,0
c_5876;m;63,59090909090909;39;16,148333333333333;1065,79;33;0,0
c_5877;m;56,714285714285715;9;17,482857142857142;244,76;7;0,0
c_5878;f;21,72222222222222;12;28,921111111111106;520,5799999999999;7;1,0
c_5879;f;34,521126760563384;33;14,312112676056337;1016,16;33;0,0
c_588;m;40,654205607476634;89;11,607990654205608;2484,11;102;0,0
c_5880;m;42,640625;108;12,6203125;3230,8;126;0,0
c_5881;f;22,818181818181817;12;24,284545454545455;534,26;10;1,0
c_5882;f;45,588235294117645;22;12,232156862745098;623,84;30;0,0
c_5883;f;31,675324675324674;64;12,009545454545455;1849,47;66;0,0
c_5884;m;20,526315789473685;42;41,52280701754386;2366,8;29;1,0
c_5885;f;34,68333333333333;18;11,358833333333333;681,53;27;0,0
c_5886;f;52,755102040816325;78;16,17020408163265;1584,6799999999998;49;0,0
c_5887;f;52,529411764705884;15;14,43764705882353;245,44;12;0,0
c_5888;m;75,71428571428571;25;18,71392857142857;523,99;11;0,0
c_5889;f;50,72727272727273;20;21,25121212121212;701,29;12;0,0
c_589;m;17,824324324324323;35;42,44297297297297;3140,7799999999997;28;1,0
c_5890;m;64,65060240963855;56;17,61566265060241;1462,1;40;0,0
c_5891;f;63,725;34;15,3385;613,54;23;0,0
c_5892;m;44,57377049180328;53;14,147213114754098;1725,96;62;0,0
c_5893;f;67,82352941176471;15;22,533529411764704;766,14;15;0,0
c_5894;m;46,589371980676326;81;12,839951690821255;2657,87;121;0,0
c_5895;m;50,53741496598639;113;15,732789115646257;2312,72;72;0,0
c_5896;f;36,666666666666664;34;14,20940476190476;1193,59;41;0,0
c_5897;m;17,821428571428573;16;29,846071428571427;835,6899999999999;15;1,0
c_5898;m;30,686153846153847;144;14,051169230769231;4566,63;151;0,0
c_5899;m;25,547169811320753;29;44,3311320754717;2349,55;30;1,0
c_59;m;45,66101694915254;47;13,922542372881354;1642,86;57;0,0
c_590;f;37,457142857142856;16;11,463428571428572;401,22;23;0,0
c_5900;f;18,692307692307693;20;65,62884615384615;1706,35;9;1,0
c_5901;m;23,615384615384617;14;30,209615384615386;785,45;12;1,0
c_5902;f;17,56179775280899;21;15,831460674157304;1409,0;44;1,0
c_5903;f;25,842105263157894;5;60,75842105263157;1154,4099999999999;10;1,0
c_5904;m;51,6;16;18,59575;743,8299999999999;20;0,0
c_5905;f;17,576923076923077;13;26,800384615384612;696,81;15;1,0
c_5906;m;46,65384615384615;19;11,975769230769231;622,74;23;0,0
c_5907;f;30,71361502347418;81;13,01643192488263;2772,5;91;0,0
c_5908;m;57,625;68;19,807125;1584,57;40;0,0
c_5909;f;43,52173913043478;13;11,290869565217392;259,69;11;0,0
c_591;f;48,57487922705314;87;13,763864734299517;2849,12;103;0,0
c_5910;f;54,56363636363636;52;13,144363636363636;722,9399999999999;31;0,0
c_5911;f;47,70909090909091;105;12,776145454545455;3513,44;126;0,0
c_5912;f;40,75438596491228;26;11,133157894736843;634,59;27;0,0
c_5913;f;38,55;13;14,3105;286,21;10;0,0
c_5914;f;20,666666666666668;32;68,83911111111111;3097,7599999999998;17;1,0
c_5915;m;55,44;10;23,6948;592,37;14;0,0
c_5916;m;17,5;20;42,9928125;1375,77;17;1,0
c_5917;m;44,450980392156865;17;11,999019607843138;611,95;33;0,0
c_5918;m;24,842105263157894;25;19,30017543859649;1100,11;27;0,0
c_5919;f;66,0;2;7,99;15,98;2;0,0
c_592;f;39,708333333333336;32;15,087222222222222;1086,28;37;0,0
c_5920;f;55,833333333333336;26;14,755666666666665;442,66999999999996;13;0,0
c_5921;m;43,69491525423729;151;12,236723163841809;4331,8;153;0,0
c_5922;m;44,61329305135952;134;12,461087613293051;4124,62;162;0,0
c_5923;m;41,55769230769231;25;13,303461538461537;691,78;26;0,0
c_5924;f;39,66326530612245;80;14,037091836734694;2751,27;95;0,0
c_5925;m;84,78787878787878;11;14,988181818181816;494,60999999999996;17;0,0
c_5926;m;66,725;70;14,35675;1148,54;34;0,0
c_5927;m;26,714285714285715;33;51,26265306122449;2511,87;25;1,0
c_5928;m;52,875;29;14,821458333333332;711,43;21;0,0
c_5929;m;37,71111111111111;17;12,401555555555554;558,0699999999999;19;0,0
c_593;m;63,22222222222222;6;15,254444444444443;137,29;7;0,0
c_5930;m;26,0;12;43,03933333333334;645,59;5;1,0
c_5931;f;22,0;1;21,865;43,73;2;1,0
c_5932;f;59,69565217391305;111;16,83111801242236;2709,81;71;0,0
c_5933;f;37,50666666666667;26;13,405066666666666;1005,38;41;0,0
c_5934;m;28,642857142857142;40;39,20928571428571;2744,65;33;1,0
c_5935;f;43,67857142857143;142;13,96542207792208;4301,35;144;0,0
c_5936;m;60,57692307692308;23;18,107307692307693;470,78999999999996;13;0,0
c_5937;f;21,939393939393938;13;19,440303030303028;641,53;17;1,0
c_5938;m;45,86363636363637;62;14,808506493506492;2280,5099999999998;57;0,0
c_5939;f;25,672131147540984;39;44,9255737704918;2740,46;29;1,0
c_594;f;69,72413793103448;28;12,665862068965517;367,31;13;0,0
c_5940;f;43,50209205020921;112;12,650167364016736;3023,39;139;0,0
c_5941;m;70,63829787234043;66;18,185;1709,3899999999999;51;0,0
c_5942;f;17,62962962962963;24;42,89962962962963;2316,58;25;1,0
c_5943;f;61,76086956521739;19;23,50782608695652;1081,36;19;0,0
c_5944;m;71,6086956521739;28;19,36413043478261;890,75;25;0,0
c_5945;f;44,55102040816327;21;13,921836734693876;682,17;24;0,0
c_5946;f;18,52;10;33,7884;844,71;14;1,0
c_5947;m;63,724137931034484;23;12,965172413793104;375,99;13;0,0
c_5948;m;36,67383512544803;134;14,523512544802868;4052,06;131;0,0
c_5949;m;36,601476014760145;106;11,94339483394834;3236,66;132;0,0
c_595;f;65,76470588235294;58;18,581274509803922;1895,29;42;0,0
c_5950;f;34,57692307692308;100;13,293701923076924;2765,09;110;0,0
c_5951;m;39,416666666666664;5;21,194166666666664;254,32999999999998;7;0,0
c_5952;f;62,64;39;16,855999999999998;842,8;26;0,0
c_5953;m;35,736559139784944;131;12,930026881720432;4809,97;157;0,0
c_5954;m;79,68686868686869;84;15,21959595959596;1506,74;47;0,0
c_5955;m;48,72159090909091;84;12,655681818181819;2227,4;75;0,0
c_5956;f;20,857142857142858;14;45,832380952380944;962,4799999999999;12;1,0
c_5957;m;42,57425742574257;43;10,742673267326733;1085,01;51;0,0
c_5958;m;21,576923076923077;12;17,316153846153846;900,4399999999999;21;0,0
c_5959;f;25,625;8;21,741249999999997;521,79;12;1,0
c_596;m;19,565217391304348;17;53,973913043478255;1241,3999999999999;14;1,0
c_5960;m;35,585798816568044;77;12,923313609467455;2184,04;84;0,0
c_5961;f;59,6578947368421;58;15,137105263157896;1150,42;34;0,0
c_5962;f;24,0;1;13,99;13,99;1;0,0
c_5963;f;17,703703703703702;12;19,381851851851852;523,3100000000001;10;1,0
c_5964;f;81,86;21;15,4048;770,24;24;0,0
c_5965;m;82,58333333333333;28;12,525277777777777;450,90999999999997;21;0,0
c_5966;f;70,86666666666666;6;9,564666666666666;143,47;6;0,0
c_5967;f;18,666666666666668;3;91,8;275,4;2;1,0
c_5968;f;33,791666666666664;60;12,596607142857144;2116,23;80;0,0
c_5969;m;56,644067796610166;63;15,697966101694915;1852,36;56;0,0
c_597;m;17,0;3;40,553333333333335;121,66;3;1,0
c_5970;f;40,72641509433962;44;12,351415094339623;1309,25;51;0,0
c_5971;m;59,859375;15;16,044375;1026,84;28;0,0
c_5972;f;47,54237288135593;22;14,354067796610169;846,89;30;0,0
c_5973;m;53,78947368421053;6;29,584736842105265;562,11;9;0,0
c_5974;m;63,63779527559055;89;15,774803149606297;2003,3999999999999;60;0,0
c_5975;m;42,371428571428574;15;17,103428571428573;598,62;22;0,0
c_5976;f;33,61842105263158;27;14,22486842105263;1081,09;38;0,0
c_5977;f;39,71232876712329;125;13,061712328767124;3814,02;128;0,0
c_5978;m;35,58163265306123;75;12,831836734693878;2515,04;98;0,0
c_5979;f;17,555555555555557;8;40,665;731,97;11;1,0
c_598;m;56,813559322033896;37;16,958305084745763;1000,54;24;0,0
c_5980;m;17,69047619047619;28;68,57119047619047;2879,99;17;1,0
c_5981;f;47,63793103448276;47;13,614913793103447;1579,33;55;0,0
c_5982;f;35,69565217391305;17;15,080217391304346;693,6899999999999;22;0,0
c_5983;f;61,57142857142857;53;15,1025974025974;1162,8999999999999;46;0,0
c_5984;f;38,7;103;12,08672;3021,68;107;0,0
c_5985;f;86,65079365079364;98;18,671746031746032;2352,64;65;0,0
c_5986;f;78,6304347826087;38;17,566304347826087;808,05;25;0,0
c_5987;f;37,41379310344828;11;18,75413793103448;543,87;20;0,0
c_5988;f;40,61764705882353;19;14,939117647058824;507,93;18;0,0
c_5989;m;50,71212121212121;106;18,51840909090909;2444,43;58;0,0
c_599;m;22,771428571428572;15;33,774;1182,09;16;1,0
c_5990;f;26,0;23;42,472280701754386;2420,92;20;1,0
c_5991;f;63,69230769230769;41;15,9825;831,09;25;0,0
c_5992;f;63,964285714285715;24;14,654642857142857;410,33;9;0,0
c_5993;f;37,627450980392155;107;13,78375816993464;4217,83;135;0,0
c_5994;m;17,65;23;39,382;1575,28;18;1,0
c_5995;f;29,346938775510203;20;38,60040816326531;1891,42;33;1,0
c_5996;f;40,69090909090909;18;13,469818181818182;740,84;21;0,0
c_5997;f;53,7047619047619;80;17,919238095238097;1881,52;49;0,0
c_5998;m;68,64285714285714;21;13,806785714285713;386,59;13;0,0
c_5999;m;17,657894736842106;23;52,72026315789474;2003,3700000000001;16;1,0
c_6;f;17,8625;42;53,416;4273,28;25;1,0
c_60;f;37,662921348314605;70;13,46056179775281;2395,98;78;0,0
c_600;m;26,363636363636363;5;38,88727272727272;427,76;7;1,0
c_6000;f;84,57142857142857;11;19,103571428571428;267,45;7;0,0
c_6001;f;28,64864864864865;24;45,056486486486484;1667,09;21;1,0
c_6002;f;25,666666666666668;24;26,104222222222223;1174,69;23;1,0
c_6003;f;41,749049429657795;113;14,280380228136881;3755,74;105;0,0
c_6004;m;56,75;23;16,43875;657,55;16;0,0
c_6005;m;33,69805194805195;135;12,127467532467533;3735,2599999999998;138;0,0
c_6006;m;63,0;14;15,51;217,14;5;0,0
c_6007;f;49,667820069204154;109;13,911937716262974;4020,5499999999997;138;0,0
c_6008;f;65,6923076923077;29;15,715076923076921;1021,4799999999999;30;0,0
c_6009;f;46,574074074074076;18;23,38037037037037;1262,54;34;0,0
c_601;f;31,666666666666668;16;12,533333333333333;376,0;18;0,0
c_6010;f;38,714285714285715;18;13,51938775510204;662,4499999999999;23;0,0
c_6011;f;48,61904761904762;15;12,027857142857142;505,16999999999996;20;0,0
c_6012;f;59,54347826086956;42;17,113043478260867;787,1999999999999;24;0,0
c_6013;f;28,62962962962963;22;48,773703703703696;1316,8899999999999;13;1,0
c_6014;f;48,67914438502674;77;13,82470588235294;2585,22;92;0,0
c_6015;m;31,662337662337663;68;13,136753246753246;2023,06;71;0,0
c_6016;f;71,675;133;15,718250000000001;2514,92;72;0,0
c_6017;f;32,69230769230769;29;12,301794871794872;959,54;39;0,0
c_6018;m;73,57575757575758;19;16,527272727272727;545,4;15;0,0
c_6019;f;52,67460317460318;96;16,450555555555557;2072,77;58;0,0
c_602;m;75,70873786407768;76;16,29;1677,87;45;0,0
c_6020;m;27,5;13;24,36307692307692;633,4399999999999;13;1,0
c_6021;m;34,266666666666666;10;14,644;219,66;11;0,0
c_6022;f;55,333333333333336;3;11,6;34,8;2;0,0
c_6023;f;20,88888888888889;24;38,90266666666666;1750,62;20;1,0
c_6024;m;56,69444444444444;76;17,886111111111113;1931,7;48;0,0
c_6025;m;64,80263157894737;49;15,753947368421052;1197,3;31;0,0
c_6026;f;23,666666666666668;18;57,39694444444444;2066,29;16;1,0
c_6027;f;45,9041095890411;29;12,43917808219178;908,06;28;0,0
c_6028;m;17,517241379310345;14;47,56413793103448;1379,36;18;1,0
c_6029;f;24,53846153846154;6;28,772307692307695;374,04;11;1,0
c_603;f;79,54347826086956;39;16,717173913043478;768,99;25;0,0
c_6030;m;55,59090909090909;56;15,673484848484849;1034,45;35;0,0
c_6031;m;18,78;19;21,93;1096,5;19;1,0
c_6032;f;26,703703703703702;16;85,33296296296295;2303,99;11;1,0
c_6033;f;42,63309352517986;65;14,964748201438848;2080,1;67;0,0
c_6034;f;33,75675675675676;29;15,101081081081082;1117,48;35;0,0
c_6035;m;20,923076923076923;15;35,71961538461538;928,7099999999999;10;1,0
c_6036;m;34,75;45;13,43275;1611,93;54;0,0
c_6037;m;35,46511627906977;22;11,341860465116278;487,7;25;0,0
c_6038;m;19,77777777777778;30;55,23638888888889;1988,51;15;1,0
c_6039;m;35,7;25;13,126;656,3;23;0,0
c_604;f;42,875;14;14,000499999999999;560,02;22;0,0
c_6040;f;47,0;1;7,86;15,72;2;0,0
c_6041;m;59,76470588235294;24;16,319411764705883;554,86;19;0,0
c_6042;f;59,70967741935484;72;16,16268817204301;1503,1299999999999;46;0,0
c_6043;f;39,79545454545455;31;12,33965909090909;1085,8899999999999;43;0,0
c_6044;f;65,75;73;18,91357142857143;2118,32;39;0,0
c_6045;m;54,62068965517241;25;17,832758620689653;517,15;14;0,0
c_6046;f;17,790697674418606;22;38,82093023255814;1669,3;18;1,0
c_6047;m;87,76923076923077;11;18,43;239,59;6;0,0
c_6048;m;35,7536231884058;26;10,004492753623188;690,31;25;0,0
c_6049;m;57,0;2;14,41;72,05;5;0,0
c_605;m;30,59021406727829;132;12,1465749235474;3971,93;165;0,0
c_6050;m;30,671641791044777;79;14,207910447761193;2855,79;95;0,0
c_6051;f;50,69230769230769;63;14,837948717948716;1157,36;32;0,0
c_6052;m;82,74698795180723;35;14,623253012048194;1213,73;30;0,0
c_6053;f;47,75;3;10,995000000000001;43,980000000000004;3;0,0
c_6054;m;72,74193548387096;25;17,990967741935485;557,72;16;0,0
c_6055;f;22,655172413793103;11;23,812413793103445;690,56;14;1,0
c_6056;m;28,796875;39;48,6853125;3115,86;29;1,0
c_6057;m;35,614634146341466;94;13,995073170731706;2868,99;105;0,0
c_6058;f;53,666666666666664;23;18,87222222222222;509,54999999999995;16;0,0
c_6059;f;44,61739130434783;47;12,097999999999999;1391,27;57;0,0
c_606;f;39,745098039215684;20;18,361372549019606;936,43;20;0,0
c_6060;m;33,672413793103445;20;16,608620689655172;963,3;31;0,0
c_6061;f;36,66981132075472;40;13,12132075471698;1390,86;50;0,0
c_6062;f;41,84615384615385;12;14,889999999999999;387,14;10;0,0
c_6063;f;43,48979591836735;32;12,910204081632653;1265,2;55;0,0
c_6064;m;51,513513513513516;55;17,831621621621622;1319,54;42;0,0
c_6065;m;61,64705882352941;23;13,54970588235294;460,69;20;0,0
c_6066;m;34,90384615384615;19;17,951923076923077;933,5;19;0,0
c_6067;f;49,702222222222225;103;14,31791111111111;3221,5299999999997;109;0,0
c_6068;m;20,625;27;51,32270833333333;2463,49;29;1,0
c_6069;m;27,658536585365855;20;47,27463414634146;1938,26;20;1,0
c_607;f;35,694117647058825;43;14,707176470588234;1250,11;42;0,0
c_6070;f;49,49180327868852;23;12,314754098360655;751,1999999999999;38;0,0
c_6071;f;40,583333333333336;10;12,773333333333333;306,56;18;0,0
c_6072;f;18,357142857142858;15;17,636785714285715;493,83;21;1,0
c_6073;m;43,798701298701296;60;11,913116883116883;1834,62;68;0,0
c_6074;m;44,71134020618557;38;14,129484536082474;1370,56;52;0,0
c_6075;f;40,61888111888112;114;12,5929020979021;3601,57;140;0,0
c_6076;f;31,722513089005236;72;12,2034554973822;2330,86;84;0,0
c_6077;f;29,454545454545453;9;52,42818181818182;576,71;6;1,0
c_6078;f;53,73684210526316;42;17,932;1703,54;37;0,0
c_6079;f;21,22222222222222;7;38,74666666666666;348,71999999999997;7;1,0
c_608;f;42,610169491525426;28;13,325254237288137;786,19;34;0,0
c_6080;m;63,73770491803279;34;16,864590163934427;1028,74;30;0,0
c_6081;f;65,67647058823529;27;13,577941176470588;461,65;16;0,0
c_6082;f;38,55140186915888;44;13,340280373831776;1427,41;53;0,0
c_6083;m;22,706666666666667;23;25,842666666666666;1938,2;34;1,0
c_6084;m;19,697674418604652;20;31,899767441860465;1371,69;26;1,0
c_6085;f;26,733333333333334;21;42,611999999999995;1278,36;14;1,0
c_6086;m;65,67307692307692;22;20,939999999999998;1088,8799999999999;25;0,0
c_6087;m;44,75;84;13,211777777777778;2378,12;82;0,0
c_6088;f;50,733333333333334;6;16,097333333333335;241,46;7;0,0
c_6089;f;24,606060606060606;14;21,32272727272727;703,65;20;1,0
c_609;m;17,823529411764707;24;21,97364705882353;1867,76;39;1,0
c_6090;m;58,76;90;16,68016;2085,02;51;0,0
c_6091;f;20,64406779661017;23;35,37491525423729;2087,12;26;1,0
c_6092;f;20,732394366197184;34;32,190704225352114;2285,54;33;1,0
c_6093;f;68,76470588235294;71;17,206117647058825;1462,52;36;0,0
c_6094;f;44,459016393442624;26;12,808032786885246;781,29;37;0,0
c_6095;f;25,608695652173914;18;36,28304347826087;834,51;13;1,0
c_6096;f;55,55555555555556;21;14,962222222222222;673,3;26;0,0
c_6097;m;49,69444444444444;40;13,261666666666667;1432,26;44;0,0
c_6098;f;54,475;19;12,001;480,03999999999996;22;0,0
c_6099;f;39,53932584269663;33;13,439101123595504;1196,08;51;0,0
c_61;m;42,71052631578947;73;12,60375;1915,77;73;0,0
c_610;m;32,78333333333333;21;19,192333333333334;1151,54;32;0,0
c_6100;m;80,61206896551724;81;18,39094827586207;2133,35;59;0,0
c_6101;f;32,72222222222222;30;12,305444444444445;1107,49;42;0,0
c_6102;f;38,544642857142854;36;12,43517857142857;1392,74;56;0,0
c_6103;f;68,75;41;20,4209375;1306,94;31;0,0
c_6104;f;81,89285714285714;17;12,900357142857143;361,21;10;0,0
c_6105;f;52,653543307086615;101;15,886299212598425;2017,56;59;0,0
c_6106;f;30,606060606060606;56;12,775530303030303;1686,37;60;0,0
c_6107;f;30,721115537848604;93;12,826414342629482;3219,43;111;0,0
c_6108;m;39,614814814814814;50;14,370444444444445;1940,01;70;0,0
c_6109;f;37,5959595959596;40;14,57212121212121;1442,6399999999999;54;0,0
c_611;f;34,67687074829932;121;12,509863945578232;3677,9;128;0,0
c_6110;f;33,57692307692308;33;15,030769230769229;1172,3999999999999;40;0,0
c_6111;f;42,75;22;13,870833333333334;832,25;30;0,0
c_6112;f;33,68421052631579;53;15,289005847953216;2614,42;74;0,0
c_6113;f;28,53846153846154;9;40,81269230769231;1061,13;12;1,0
c_6114;f;78,58333333333333;45;15,497333333333334;929,84;34;0,0
c_6115;m;43,51724137931034;15;14,701724137931034;426,34999999999997;19;0,0
c_6116;f;29,547619047619047;24;42,62238095238095;1790,1399999999999;19;1,0
c_6117;m;63,56521739130435;13;15,348695652173912;353,02;11;0,0
c_6118;f;74,57831325301204;63;17,145180722891567;1423,05;43;0,0
c_6119;f;56,6875;82;18,377187499999998;2352,2799999999997;57;0,0
c_612;m;54,7710843373494;60;15,401807228915661;1278,35;38;0,0
c_6120;f;17,642857142857142;10;24,61785714285714;689,3;15;1,0
c_6121;m;61,714285714285715;10;14,940714285714284;209,17;8;0,0
c_6122;f;53,57142857142857;5;12,275714285714287;85,93;3;0,0
c_6123;m;67,72631578947369;70;18,43242105263158;1751,08;45;0,0
c_6124;m;35,660714285714285;55;12,08607142857143;1353,64;54;0,0
c_6125;m;53,57142857142857;20;12,492285714285714;437,23;16;0,0
c_6126;f;32,64242424242424;58;14,514242424242424;2394,85;70;0,0
c_6127;m;63,68571428571428;60;17,33328571428571;1213,33;35;0,0
c_6128;m;35,61194029850746;30;17,709850746268657;1186,56;38;0,0
c_6129;m;32,604395604395606;108;12,663699633699634;3457,19;132;0,0
c_613;m;52,74803149606299;95;16,129842519685038;2048,49;58;0,0
c_6130;m;77,36842105263158;11;15,774736842105261;299,71999999999997;12;0,0
c_6131;m;26,0;2;20,996000000000002;104,98;5;0,0
c_6132;m;37,8;34;11,979;958,3199999999999;34;0,0
c_6133;m;17,84313725490196;29;27,49823529411765;1402,41;21;1,0
c_6134;m;53,714285714285715;67;18,744166666666665;1574,51;38;0,0
c_6135;m;46,810344827586206;47;15,38655172413793;1784,84;49;0,0
c_6136;m;69,625;34;17,500416666666666;840,02;23;0,0
c_6137;m;57,583333333333336;17;16,857083333333332;404,57;15;0,0
c_6138;m;59,7;12;17,779999999999998;355,59999999999997;8;0,0
c_6139;m;20,433333333333334;12;42,08166666666667;1262,45;17;1,0
c_614;m;54,78378378378378;38;15,839054054054053;1172,09;33;0,0
c_6140;m;28,64516129032258;22;50,20161290322581;1556,25;14;1,0
c_6141;f;39,70873786407767;40;12,79621359223301;1318,01;39;0,0
c_6142;m;43,68292682926829;20;13,831219512195123;567,08;22;0,0
c_6143;f;68,83333333333333;9;15,254444444444443;274,58;7;0,0
c_6144;m;51,69281045751634;103;18,135098039215688;2774,67;62;0,0
c_6145;m;48,8;5;9,571000000000002;95,71000000000001;6;0,0
c_6146;m;40,604395604395606;37;12,98230769230769;1181,3899999999999;46;0,0
c_6147;m;52,73913043478261;13;19,436086956521738;447,03;12;0,0
c_6148;f;38,69230769230769;12;15,353076923076923;399,18;14;0,0
c_6149;m;17,916666666666668;6;36,964999999999996;443,58;5;1,0
c_615;m;51,66326530612245;80;17,008469387755103;1666,83;53;0,0
c_6150;m;54,65217391304348;19;15,103478260869565;347,38;11;0,0
c_6151;m;38,70982142857143;89;12,252589285714285;2744,58;111;0,0
c_6152;f;69,60431654676259;95;15,665107913669063;2177,45;62;0,0
c_6153;f;48,74666666666667;34;14,835333333333331;1112,6499999999999;36;0,0
c_6154;f;89,56896551724138;27;16,409310344827585;951,74;30;0,0
c_6155;f;75,67857142857143;19;16,794285714285714;470,24;13;0,0
c_6156;m;69,54411764705883;40;17,698970588235294;1203,53;34;0,0
c_6157;m;49,72289156626506;36;12,302409638554217;1021,1;47;0,0
c_6158;m;17,645833333333332;30;55,70083333333333;2673,64;27;1,0
c_6159;m;63,70322580645161;98;15,425870967741934;2391,0099999999998;69;0,0
c_616;f;52,75;12;16,076666666666668;192,92000000000002;5;0,0
c_6160;f;47,65384615384615;39;14,963557692307692;1556,21;54;0,0
c_6161;f;41,54838709677419;12;13,763870967741935;426,68;17;0,0
c_6162;m;61,5;4;17,1675;68,67;3;0,0
c_6163;f;51,78378378378378;72;13,534414414414414;1502,32;49;0,0
c_6164;m;53,723214285714285;96;15,913660714285713;1782,33;48;0,0
c_6165;f;70,58;38;15,9164;795,8199999999999;30;0,0
c_6166;m;24,555555555555557;7;48,208888888888886;433,88;5;1,0
c_6167;f;72,78787878787878;20;13,67939393939394;451,42;14;0,0
c_6168;f;44,598173515981735;91;13,099269406392693;2868,74;115;0,0
c_6169;f;49,431372549019606;18;16,306078431372548;831,61;34;0,0
c_617;m;43,52469135802469;61;12,876666666666667;2086,02;99;0,0
c_6170;f;47,55769230769231;24;12,314038461538463;640,33;33;0,0
c_6171;m;38,671052631578945;71;13,615065789473682;2069,49;77;0,0
c_6172;m;35,62732919254658;73;13,930434782608696;2242,8;80;0,0
c_6173;m;23,77027027027027;60;52,5804054054054;3890,95;30;1,0
c_6174;f;17,5;5;37,01;222,06;4;1,0
c_6175;f;33,784;49;16,13248;2016,56;52;0,0
c_6176;m;22,682926829268293;17;37,7690243902439;1548,53;22;1,0
c_6177;m;65,5;6;20,74875;165,99;5;0,0
c_6178;f;53,666666666666664;23;12,93037037037037;349,12;14;0,0
c_6179;m;47,53125;10;13,622187499999999;435,90999999999997;14;0,0
c_618;m;53,67878787878788;92;16,626;2743,29;71;0,0
c_6180;m;64,6793893129771;62;17,93175572519084;2349,06;58;0,0
c_6181;f;58,44444444444444;5;12,05111111111111;108,46;5;0,0
c_6182;f;43,71052631578947;117;13,663834586466166;3634,58;111;0,0
c_6183;m;34,333333333333336;7;11,998333333333333;215,97;11;0,0
c_6184;m;62,5;12;14,409230769230769;374,64;18;0,0
c_6185;m;37,64980544747082;100;13,257431906614785;3407,16;123;0,0
c_6186;m;40,816326530612244;20;11,22469387755102;550,01;27;0,0
c_6187;m;80,69117647058823;94;17,475294117647056;2376,64;59;0,0
c_6188;m;80,67567567567568;58;17,160540540540538;1269,8799999999999;39;0,0
c_6189;f;37,63819095477387;91;13,41678391959799;2669,94;97;0,0
c_619;m;82,59740259740259;50;15,464675324675325;1190,78;41;0,0
c_6190;m;39,35294117647059;18;16,04294117647059;545,46;22;0,0
c_6191;m;23,0;3;50,21666666666667;150,65;2;1,0
c_6192;f;68,87179487179488;30;16,072692307692307;1253,67;31;0,0
c_6193;f;22,625;23;62,7603125;2008,33;14;1,0
c_6194;f;73,68627450980392;30;17,95941176470588;915,93;24;0,0
c_6195;f;17,820224719101123;32;25,0561797752809;2230,0;41;1,0
c_6196;f;34,57142857142857;20;13,216938775510204;647,63;28;0,0
c_6197;m;36,81196581196581;45;12,984444444444446;1519,18;43;0,0
c_6198;f;29,916666666666668;9;29,0475;348,57;6;1,0
c_6199;f;51,64102564102564;52;16,06102564102564;1252,76;34;0,0
c_62;f;25,666666666666668;36;51,26974358974359;1999,52;16;1,0
c_620;f;17,75;17;56,268499999999996;1125,37;10;1,0
c_6200;m;64,5;2;26,93;53,86;1;0,0
c_6201;f;61,714285714285715;78;15,01218487394958;1786,45;54;0,0
c_6202;f;18,575757575757574;46;38,87318181818182;2565,63;28;1,0
c_6203;m;58,767857142857146;25;11,013392857142858;616,75;20;0,0
c_6204;m;31,73394495412844;45;12,053486238532109;1313,83;57;0,0
c_6205;f;37,689189189189186;29;12,507432432432433;925,55;39;0,0
c_6206;f;24,632653061224488;38;57,87326530612245;2835,79;25;1,0
c_6207;m;65,0;1;22,215;88,86;4;0,0
c_6208;f;39,771929824561404;29;15,400877192982456;877,85;24;0,0
c_6209;m;44,53703703703704;22;17,047407407407405;920,56;34;0,0
c_621;m;29,03846153846154;16;42,55;1106,3;7;1,0
c_6210;f;65,725;55;18,329749999999997;1466,3799999999999;37;0,0
c_6211;f;21,0;3;38,656666666666666;115,97;3;1,0
c_6212;m;26,61904761904762;20;77,30285714285715;1623,3600000000001;13;1,0
c_6213;m;50,84615384615385;26;13,309230769230767;346,03999999999996;12;0,0
c_6214;f;42,72540983606557;103;12,961598360655739;3162,63;108;0,0
c_6215;f;27,81578947368421;8;20,516052631578948;779,61;26;0,0
c_6216;f;24,536585365853657;20;33,083414634146344;1356,42;19;1,0
c_6217;m;21,775862068965516;26;30,658275862068965;1778,18;20;1,0
c_6218;f;34,680851063829785;13;19,766808510638295;929,04;21;0,0
c_6219;f;65,77272727272727;15;13,013636363636364;286,3;12;0,0
c_622;f;33,673151750972764;113;13,01941634241245;3345,99;113;0,0
c_6220;f;65,4;14;17,486666666666668;262,3;9;0,0
c_6221;m;19,808823529411764;26;27,501470588235293;1870,1;33;1,0
c_6222;m;35,46774193548387;21;11,355645161290322;704,05;38;0,0
c_6223;m;59,609756097560975;22;13,467317073170731;552,16;21;0,0
c_6224;m;18,5;2;32,855;131,42;2;1,0
c_6225;m;76,69902912621359;96;14,221650485436893;1464,83;48;0,0
c_6226;f;42,44;12;12,0448;301,12;15;0,0
c_6227;m;20,4;5;41,334;413,34000000000003;6;1,0
c_6228;f;23,627118644067796;37;37,82813559322034;2231,86;26;1,0
c_6229;m;22,458333333333332;13;30,763749999999998;738,3299999999999;13;1,0
c_623;f;20,79245283018868;32;54,896792452830184;2909,5299999999997;25;1,0
c_6230;f;57,60629921259842;87;16,287795275590554;2068,55;65;0,0
c_6231;f;24,626506024096386;33;28,940722891566264;2402,08;31;1,0
c_6232;m;45,0;7;10,496153846153847;136,45000000000002;6;0,0
c_6233;f;67,5;8;24,847499999999997;298,16999999999996;6;0,0
c_6234;m;87,66666666666667;19;17,37472222222222;625,49;20;0,0
c_6235;f;70,67441860465117;58;17,682558139534883;1520,7;39;0,0
c_6236;f;45,64705882352941;42;14,194607843137254;1447,85;46;0,0
c_6237;f;17,5;4;40,336666666666666;242,01999999999998;6;1,0
c_6238;f;53,64102564102564;29;19,58051282051282;763,64;19;0,0
c_6239;f;28,666666666666668;18;20,743333333333332;746,76;18;0,0
c_624;m;41,67164179104478;86;12,272935323383086;2466,86;97;0,0
c_6240;f;40,52238805970149;30;12,897313432835821;864,12;35;0,0
c_6241;f;65,63461538461539;60;17,900865384615386;1861,69;51;0,0
c_6242;f;22,692307692307693;33;40,25076923076924;2616,3;30;1,0
c_6243;f;48,6875;8;9,66625;154,66;8;0,0
c_6244;f;28,026315789473685;18;34,82868421052632;1323,49;14;1,0
c_6245;m;76,88888888888889;7;13,796111111111111;248,33;8;0,0
c_6246;f;26,689655172413794;17;27,92758620689655;809,9;13;1,0
c_6247;m;17,5;2;20,295;81,18;2;1,0
c_6248;f;33,5625;38;13,887;1110,96;42;0,0
c_6249;f;41,715654952076676;139;13,82035143769968;4325,7699999999995;130;0,0
c_625;f;29,5;8;74,81125;598,49;6;1,0
c_6250;f;52,76923076923077;16;14,364615384615385;373,48;14;0,0
c_6251;f;63,7962962962963;29;17,40240740740741;939,73;22;0,0
c_6252;m;44,73529411764706;12;12,06;410,04;17;0,0
c_6253;f;35,63392857142857;103;13,350624999999999;2990,54;105;0,0
c_6254;f;55,642857142857146;21;15,389999999999999;430,91999999999996;12;0,0
c_6255;m;48,72727272727273;17;13,996969696969696;461,9;16;0,0
c_6256;m;47,0;1;11,629999999999999;23,259999999999998;2;0,0
c_6257;f;33,71212121212121;27;11,377878787878789;750,94;32;0,0
c_6258;f;41,660493827160494;68;13,4529012345679;2179,37;83;0,0
c_6259;m;30,507462686567163;46;13,130746268656717;1759,52;72;0,0
c_626;f;31,66315789473684;79;11,989210526315789;2277,95;95;0,0
c_6260;m;22,885245901639344;36;39,008032786885245;2379,49;22;1,0
c_6261;m;55,8235294117647;7;12,459411764705882;211,81;10;0,0
c_6262;f;49,645833333333336;38;12,01625;1153,56;41;0,0
c_6263;m;43,59375;11;12,284375;393,1;22;0,0
c_6264;m;23,565217391304348;20;62,27043478260869;1432,2199999999998;14;1,0
c_6265;f;41,666666666666664;22;12,286666666666665;552,9;18;0,0
c_6266;f;38,69580419580419;105;13,636958041958042;3900,17;123;0,0
c_6267;f;26,48780487804878;14;19,027560975609756;780,13;27;0,0
c_6268;m;30,65945945945946;73;12,881783783783785;2383,13;87;0,0
c_6269;f;28,352941176470587;10;32,17;546,89;13;1,0
c_627;f;49,790419161676645;54;13,895868263473055;2320,61;66;0,0
c_6270;m;43,53846153846154;25;18,115192307692308;941,99;31;0,0
c_6271;m;59,794117647058826;21;18,639117647058825;633,73;14;0,0
c_6272;m;58,60162601626016;95;16,633252032520325;2045,8899999999999;61;0,0
c_6273;f;65,70967741935483;28;15,708709677419353;486,96999999999997;15;0,0
c_6274;m;72,56;22;16,3148;407,87;16;0,0
c_6275;f;17,673076923076923;40;37,63384615384616;1956,96;27;1,0
c_6276;m;17,692307692307693;9;100,70384615384616;1309,15;6;1,0
c_6277;f;17,875;20;34,015249999999995;1360,61;13;1,0
c_6278;f;26,727272727272727;17;56,82636363636364;1250,18;13;1,0
c_6279;f;53,666666666666664;52;16,688333333333333;2002,6;52;0,0
c_628;m;30,612068965517242;86;12,119181034482759;2811,65;116;0,0
c_6280;f;54,59649122807018;30;16,075438596491228;916,3;27;0,0
c_6281;f;62,55102040816327;24;14,97938775510204;733,99;26;0,0
c_6282;f;64,52631578947368;9;16,102105263157895;305,94;10;0,0
c_6283;f;53,5;6;14,966666666666667;89,8;3;0,0
c_6284;f;65,77777777777777;60;16,513333333333332;1337,58;35;0,0
c_6285;f;30,698529411764707;55;11,928014705882353;1622,21;67;0,0
c_6286;f;23,666666666666668;3;43,99;131,97;1;1,0
c_6287;f;42,46666666666667;11;15,848999999999998;475,46999999999997;15;0,0
c_6288;f;60,77333333333333;58;17,436933333333332;1307,77;30;0,0
c_6289;m;42,67892976588629;115;13,340100334448161;3988,69;137;0,0
c_629;f;17,736842105263158;22;22,604385964912282;1288,45;25;1,0
c_6290;f;67,5925925925926;40;12,379259259259259;668,48;29;0,0
c_6291;f;41,848101265822784;28;10,485316455696204;828,34;29;0,0
c_6292;m;29,0;1;24,24;24,24;1;1,0
c_6293;m;77,66666666666667;9;16,576190476190476;348,09999999999997;14;0,0
c_6294;f;23,76923076923077;39;48,16307692307692;2504,48;23;1,0
c_6295;f;33,77777777777778;38;15,839753086419753;1283,02;34;0,0
c_6296;m;56,6;5;15,083333333333334;226,25;6;0,0
c_6297;f;52,66265060240964;36;15,56156626506024;1291,61;46;0,0
c_6298;f;38,650442477876105;99;13,508318584070796;3052,88;99;0,0
c_6299;f;45,607142857142854;24;10,906785714285714;610,78;29;0,0
c_63;m;65,63829787234043;27;19,66276595744681;924,15;26;0,0
c_630;m;63,62820512820513;60;16,185769230769232;1262,49;35;0,0
c_6300;m;56,829268292682926;63;15,999268292682927;1311,94;34;0,0
c_6301;f;41,39393939393939;13;15,66878787878788;517,07;23;0,0
c_6302;m;30,65625;26;12,061562499999999;771,9399999999999;36;0,0
c_6303;m;49,655913978494624;75;14,860806451612904;2764,11;82;0,0
c_6304;f;39,660714285714285;78;14,710714285714285;2471,4;73;0,0
c_6305;f;19,6734693877551;24;38,07020408163265;1865,44;20;1,0
c_6306;f;51,45454545454545;18;15,02090909090909;330,46;16;0,0
c_6307;m;35,666666666666664;64;13,448809523809524;2259,4;81;0,0
c_6308;f;64,61290322580645;19;13,046774193548387;404,45;14;0,0
c_6309;m;62,64912280701754;47;16,190877192982455;922,88;28;0,0
c_631;f;54,711711711711715;91;16,807117117117116;1865,59;46;0,0
c_6310;m;23,58823529411765;8;34,74882352941176;590,7299999999999;11;1,0
c_6311;f;52,675213675213676;98;18,40760683760684;2153,69;55;0,0
c_6312;f;54,76315789473684;33;14,866578947368419;564,93;17;0,0
c_6313;m;45,62222222222222;24;14,919555555555556;671,38;20;0,0
c_6314;f;38,63076923076923;20;10,781846153846155;700,82;29;0,0
c_6315;f;29,52173913043478;16;56,85173913043478;1307,59;12;1,0
c_6316;m;37,647887323943664;87;14,181032863849765;3020,56;93;0,0
c_6317;m;65,7560975609756;87;13,840650406504064;1702,3999999999999;56;0,0
c_6318;m;59,333333333333336;7;17,229333333333333;258,44;10;0,0
c_6319;f;53,608695652173914;19;15,339130434782607;352,79999999999995;10;0,0
c_632;m;39,67391304347826;140;12,88586956521739;4742,0;159;0,0
c_6320;m;29,692307692307693;20;48,058076923076925;1249,51;14;1,0
c_6321;m;58,48148148148148;22;17,394074074074073;469,64;16;0,0
c_6322;m;51,67256637168141;87;17,98194690265487;2031,96;50;0,0
c_6323;f;26,5;6;12,989999999999998;103,91999999999999;4;0,0
c_6324;m;65,72857142857143;59;18,165999999999997;1271,62;33;0,0
c_6325;m;19,6;18;19,006999999999998;760,28;16;1,0
c_6326;m;63,63157894736842;17;16,831052631578945;319,78999999999996;10;0,0
c_6327;f;67,80434782608695;68;17,53945652173913;1613,6299999999999;41;0,0
c_6328;m;45,54945054945055;87;12,804065934065935;2330,34;93;0,0
c_6329;f;68,77049180327869;44;16,960327868852456;1034,58;28;0,0
c_633;m;31,625;65;13,790271739130434;2537,41;84;0,0
c_6330;f;34,58461538461538;34;14,722615384615384;956,97;34;0,0
c_6331;m;42,62780269058296;85;12,19390134529148;2719,24;111;0,0
c_6332;f;43,44444444444444;8;12,574444444444444;339,51;20;0,0
c_6333;m;37,45378151260504;52;15,071344537815126;1793,49;69;0,0
c_6334;m;41,77837837837838;78;12,46854054054054;2306,68;86;0,0
c_6335;f;26,771428571428572;10;18,55542857142857;649,4399999999999;14;0,0
c_6336;m;42,62698412698413;47;12,76952380952381;1608,96;60;0,0
c_6337;m;17,72222222222222;40;54,44875;3920,31;30;1,0
c_6338;f;35,642857142857146;8;15,797142857142857;221,16;7;0,0
c_6339;m;35,75;10;13,593;271,86;12;0,0
c_634;f;42,729166666666664;138;13,968809523809522;4693,5199999999995;145;0,0
c_6340;m;36,802547770700635;76;12,285350318471338;1928,8;75;0,0
c_6341;m;46,871428571428574;25;14,012142857142857;980,85;30;0,0
c_6342;f;45,58974358974359;20;11,948205128205128;465,98;27;0,0
c_6343;f;39,6036036036036;50;10,801171171171172;1198,93;58;0,0
c_6344;m;42,598765432098766;70;12,624938271604938;2045,24;84;0,0
c_6345;m;30,613636363636363;35;13,043636363636363;1147,84;45;0,0
c_6346;m;17,515151515151516;26;52,21545454545454;1723,11;18;1,0
c_6347;m;35,92;35;12,613866666666667;946,04;29;0,0
c_6348;m;20,62962962962963;14;42,442962962962966;1145,96;14;1,0
c_6349;f;30,518987341772153;33;13,492658227848102;1065,92;46;0,0
c_635;m;53,785714285714285;20;16,592499999999998;464,59;12;0,0
c_6350;f;67,6842105263158;19;13,27;252,13;9;0,0
c_6351;f;36,57142857142857;16;14,11142857142857;493,9;23;0,0
c_6352;m;34,46666666666667;14;12,172666666666666;365,18;18;0,0
c_6353;f;38,67857142857143;41;11,252738095238096;945,23;38;0,0
c_6354;f;29,595238095238095;21;19,969285714285714;838,71;21;0,0
c_6355;f;32,63461538461539;22;12,213269230769232;635,09;24;0,0
c_6356;f;72,64;53;15,477466666666666;1160,81;32;0,0
c_6357;m;81,67567567567568;51;15,748648648648647;1165,3999999999999;33;0,0
c_6358;m;45,66255144032922;106;12,643991769547323;3072,49;115;0,0
c_6359;m;39,648148148148145;94;12,827546296296296;2770,75;103;0,0
c_636;m;76,77777777777777;68;16,44827160493827;1332,31;36;0,0
c_6360;f;49,657303370786515;82;13,083820224719101;2328,92;93;0,0
c_6361;m;36,6;17;14,994909090909092;824,72;29;0,0
c_6362;m;55,541666666666664;17;17,054375;818,61;25;0,0
c_6363;f;57,737931034482756;88;19,401172413793105;2813,17;60;0,0
c_6364;m;55,66896551724138;88;17,07689655172414;2476,15;55;0,0
c_6365;f;29,86046511627907;36;43,61697674418605;1875,53;17;1,0
c_6366;m;33,75;55;15,5861875;2493,79;65;0,0
c_6367;m;30,648208469055376;134;12,356514657980455;3793,45;144;0,0
c_6368;m;19,666666666666668;2;25,656666666666666;76,97;3;1,0
c_6369;m;47,645833333333336;15;15,6275;750,12;28;0,0
c_637;f;26,62264150943396;30;33,76433962264151;1789,51;30;1,0
c_6370;m;45,66019417475728;44;12,899417475728157;1328,64;51;0,0
c_6371;f;30,616666666666667;29;13,328333333333335;799,7;35;0,0
c_6372;f;28,77777777777778;13;24,212777777777777;435,83;10;1,0
c_6373;f;30,520833333333332;20;13,923124999999999;668,31;25;0,0
c_6374;m;59,707317073170735;39;16,559268292682926;678,93;17;0,0
c_6375;f;35,6875;12;14,6675;234,68;9;0,0
c_6376;m;26,46153846153846;13;35,675769230769234;927,57;15;1,0
c_6377;f;38,7;58;13,893636363636363;1528,3;46;0,0
c_6378;f;17,67058823529412;40;34,514117647058825;2933,7;37;1,0
c_6379;f;41,516129032258064;7;17,120645161290323;530,74;18;0,0
c_638;m;64,8125;16;18,313125;293,01;7;0,0
c_6380;m;71,76086956521739;41;16,790652173913042;772,37;23;0,0
c_6381;m;34,67613636363637;66;13,629261363636363;2398,75;94;0,0
c_6382;m;56,794117647058826;20;23,716764705882355;806,37;14;0,0
c_6383;f;53,111111111111114;3;15,868888888888888;142,82;9;0,0
c_6384;m;38,70434782608696;75;13,373913043478261;3076,0;102;0,0
c_6385;m;40,69491525423729;56;11,372118644067797;1341,91;53;0,0
c_6386;f;36,42857142857143;13;12,140952380952381;254,96;14;0,0
c_6387;m;20,1;11;48,739999999999995;974,8;6;1,0
c_6388;f;23,661016949152543;36;49,717118644067796;2933,31;30;1,0
c_6389;f;30,788617886178862;108;13,07410569105691;3216,23;105;0,0
c_639;m;40,670212765957444;34;13,861808510638298;1303,01;47;0,0
c_6390;f;53,29032258064516;20;16,068387096774195;498,12;21;0,0
c_6391;m;64,69811320754717;81;16,565283018867923;1755,9199999999998;50;0,0
c_6392;f;46,45;20;11,296249999999999;451,84999999999997;23;0,0
c_6393;f;79,73584905660377;46;17,009056603773583;901,4799999999999;26;0,0
c_6394;m;17,75862068965517;18;65,57206896551723;1901,59;14;1,0
c_6395;m;39,68627450980392;19;11,074509803921568;564,8;24;0,0
c_6396;m;18,565217391304348;21;43,6695652173913;1004,4;11;1,0
c_6397;m;30,0;4;25,99;103,96;1;1,0
c_6398;f;73,44444444444444;9;16,10111111111111;144,91;5;0,0
c_6399;m;49,827586206896555;13;14,985172413793103;434,57;18;0,0
c_64;f;33,972972972972975;13;13,989459459459459;517,61;17;0,0
c_640;f;32,69109947643979;93;12,962513089005236;2475,84;84;0,0
c_6400;m;46,833333333333336;28;12,996923076923077;1013,76;32;0,0
c_6401;f;49,721804511278194;53;12,966691729323308;1724,57;59;0,0
c_6402;m;67,41176470588235;16;23,479999999999997;798,3199999999999;23;0,0
c_6403;m;41,723214285714285;108;13,012500000000001;2914,8;96;0,0
c_6404;f;56,69465648854962;102;16,867175572519084;2209,6;58;0,0
c_6405;f;66,5909090909091;22;19,890454545454546;437,59;13;0,0
c_6406;m;33,61818181818182;22;14,354909090909091;789,52;29;0,0
c_6407;m;42,704402515723274;134;13,37059748427673;4251,85;132;0,0
c_6408;m;27,630434782608695;32;41,84391304347826;1924,82;22;1,0
c_6409;m;43,6875;135;14,036710526315789;4267,16;138;0,0
c_641;m;61,662921348314605;55;14,575730337078651;1297,24;42;0,0
c_6410;f;46,8;24;12,50311111111111;562,64;18;0,0
c_6411;f;66,68604651162791;58;15,437325581395347;1327,61;42;0,0
c_6412;f;40,65625;52;15,359;2457,44;78;0,0
c_6413;f;43,61946902654867;51;11,380176991150442;1285,96;50;0,0
c_6414;f;47,59090909090909;35;11,76659090909091;1035,46;49;0,0
c_6415;m;64,86666666666666;22;16,451999999999998;740,3399999999999;20;0,0
c_6416;f;52,70967741935484;72;18,315967741935484;2271,18;53;0,0
c_6417;m;40,624;56;15,586879999999999;1948,36;65;0,0
c_6418;m;60,516666666666666;17;17,911333333333335;1074,68;32;0,0
c_6419;m;66,6923076923077;21;16,903076923076924;439,48;13;0,0
c_642;m;53,7093023255814;76;16,691511627906976;1435,47;37;0,0
c_6420;f;28,685714285714287;23;52,16657142857142;1825,83;13;1,0
c_6421;f;20,53846153846154;8;20,821153846153848;541,35;13;1,0
c_6422;m;70,70338983050847;91;16,243728813559322;1916,76;50;0,0
c_6423;f;38,60966542750929;122;13,801263940520446;3712,54;127;0,0
c_6424;m;58,625;10;13,130416666666667;315,13;11;0,0
c_6425;m;79,68354430379746;38;19,636835443037974;1551,31;38;0,0
c_6426;m;50,8125;46;18,796458333333334;902,23;21;0,0
c_6427;m;29,4;6;31,174;311,74;6;1,0
c_6428;f;38,61538461538461;35;10,999010989010989;1000,91;44;0,0
c_6429;f;41,72093023255814;22;13,724186046511628;590,14;21;0,0
c_643;f;45,64331210191083;63;14,495987261146496;2275,87;80;0,0
c_6430;f;77,75;12;16,184375;258,95;9;0,0
c_6431;m;23,642857142857142;32;68,14309523809524;2862,01;19;1,0
c_6432;f;28,4;6;65,777;657,77;7;1,0
c_6433;f;61,86666666666667;10;21,29733333333333;319,46;5;0,0
c_6434;f;17,70689655172414;21;21,477413793103448;1245,69;27;1,0
c_6435;f;56,75;13;17,4165;348,33;10;0,0
c_6436;m;26,75;41;64,98766666666667;3899,2599999999998;25;1,0
c_6437;f;26,625;2;19,0025;152,02;8;0,0
c_6438;m;17,697674418604652;45;39,948837209302326;3435,6;33;1,0
c_6439;f;17,653846153846153;34;58,29230769230769;3031,2;24;1,0
c_644;m;43,76842105263158;83;13,230315789473684;2513,7599999999998;84;0,0
c_6440;m;38,71345029239766;63;12,083684210526316;2066,31;84;0,0
c_6441;f;50,625;29;14,58078125;933,17;30;0,0
c_6442;m;19,612903225806452;13;24,749032258064517;767,22;13;1,0
c_6443;f;44,7609561752988;118;12,707888446215138;3189,68;103;0,0
c_6444;m;41,71493212669683;97;14,198778280542985;3137,93;102;0,0
c_6445;m;28,79310344827586;38;34,862758620689654;2022,04;21;1,0
c_6446;m;50,51851851851852;20;20,434074074074076;551,72;15;0,0
c_6447;m;20,333333333333332;7;77,00666666666666;693,06;6;1,0
c_6448;m;46,57142857142857;79;11,713928571428571;1967,94;90;0,0
c_6449;f;26,659574468085108;24;34,61446808510638;1626,8799999999999;22;1,0
c_645;m;27,571428571428573;5;42,607142857142854;298,25;3;1,0
c_6450;f;24,444444444444443;8;42,97777777777778;386,8;5;1,0
c_6451;f;46,5;16;12,613157894736842;479,3;20;0,0
c_6452;f;60,57627118644068;98;15,001186440677966;1770,1399999999999;56;0,0
c_6453;f;56,72222222222222;28;15,507222222222222;837,39;28;0,0
c_6454;m;29,727272727272727;25;57,29727272727273;1890,81;15;1,0
c_6455;m;18,576923076923077;9;18,45576923076923;479,85;11;1,0
c_6456;m;30,514285714285716;25;11,884571428571428;831,92;38;0,0
c_6457;f;46,527272727272724;20;10,673454545454545;587,04;30;0,0
c_6458;m;17,670731707317074;45;40,149268292682926;3292,24;40;1,0
c_6459;m;37,534246575342465;60;12,286849315068492;1793,8799999999999;83;0,0
c_646;m;54,56521739130435;11;19,77173913043478;454,75;10;0,0
c_6460;f;62,666666666666664;76;15,796666666666667;1611,26;49;0,0
c_6461;f;43,6;20;11,591111111111111;521,6;24;0,0
c_6462;m;44,70192307692308;38;13,07951923076923;1360,27;46;0,0
c_6463;m;45,36363636363637;15;13,63060606060606;449,81;21;0,0
c_6464;m;17,847826086956523;22;33,40108695652174;1536,45;21;1,0
c_6465;m;59,73770491803279;86;19,31590163934426;2356,54;58;0,0
c_6466;f;26,666666666666668;11;40,62833333333334;487,54;7;1,0
c_6467;f;46,7;48;14,345466666666669;2151,82;57;0,0
c_6468;m;79,6875;48;14,66725;1173,3799999999999;30;0,0
c_6469;f;49,657534246575345;25;13,501369863013698;985,6;34;0,0
c_647;m;67,65789473684211;22;29,341052631578947;1114,96;15;0,0
c_6470;f;48,53448275862069;20;13,041896551724138;756,43;32;0,0
c_6471;f;25,866666666666667;9;26,624666666666666;399,37;6;1,0
c_6472;f;32,833333333333336;6;15,426666666666668;185,12;7;0,0
c_6473;f;26,78723404255319;10;36,88489361702128;1733,59;19;1,0
c_6474;f;57,82178217821782;53;19,334554455445545;1952,79;44;0,0
c_6475;m;51,72093023255814;20;18,860697674418603;811,01;18;0,0
c_6476;m;17,81081081081081;18;32,545675675675675;1204,19;17;1,0
c_6477;f;22,63888888888889;31;70,02055555555555;2520,74;18;1,0
c_6478;f;63,58653846153846;73;15,118942307692306;1572,37;53;0,0
c_6479;m;51,583333333333336;11;15,899166666666666;190,79;7;0,0
c_648;m;45,570093457943926;44;12,59822429906542;1348,01;63;0,0
c_6480;m;30,732758620689655;34;13,149310344827585;1525,32;46;0,0
c_6481;m;54,76923076923077;15;32,85923076923076;854,3399999999999;12;0,0
c_6482;m;19,65;19;41,7395;834,79;11;1,0
c_6483;f;18,545454545454547;10;84,16454545454545;925,81;6;1,0
c_6484;f;54,46153846153846;19;16,92153846153846;439,96;14;0,0
c_6485;m;35,6;10;13,0885;261,77;11;0,0
c_6486;m;17,74418604651163;25;54,65302325581395;2350,08;18;1,0
c_6487;f;17,934782608695652;11;19,884999999999998;914,7099999999999;18;1,0
c_6488;m;22,87878787878788;17;27,275757575757577;900,1;16;1,0
c_6489;f;33,68681318681319;71;12,990384615384615;2364,25;82;0,0
c_649;m;53,6;13;14,780666666666665;221,70999999999998;6;0,0
c_6490;m;17,756756756756758;27;46,725675675675674;1728,85;13;1,0
c_6491;f;25,533333333333335;7;20,180666666666664;302,71;7;0,0
c_6492;f;66,7741935483871;23;18,01032258064516;558,3199999999999;13;0,0
c_6493;f;23,738095238095237;25;46,01761904761905;1932,74;21;1,0
c_6494;m;33,696969696969695;35;15,136969696969697;999,04;26;0,0
c_6495;f;25,884615384615383;21;54,39346153846154;1414,23;8;1,0
c_6496;m;25,71232876712329;44;41,592465753424655;3036,25;33;1,0
c_6497;m;62,714285714285715;91;19,69580357142857;2205,93;51;0,0
c_6498;m;35,67391304347826;25;16,350217391304348;752,11;23;0,0
c_6499;f;18,765625;42;32,415156249999995;2074,5699999999997;30;1,0
c_65;m;41,67123287671233;32;15,902602739726026;1160,8899999999999;41;0,0
c_650;f;69,640625;51;18,54;1186,56;31;0,0
c_6500;f;61,52272727272727;31;15,144545454545455;666,36;24;0,0
c_6501;f;24,9875;24;21,54225;1723,3799999999999;27;1,0
c_6502;f;18,625;27;31,838333333333335;1528,24;25;1,0
c_6503;m;47,6;43;11,7936;1179,36;50;0,0
c_6504;f;65,66129032258064;31;20,684516129032257;1282,44;24;0,0
c_6505;f;58,8235294117647;4;12,143529411764705;206,44;10;0,0
c_6506;f;33,6;24;13,596461538461538;883,77;35;0,0
c_6507;f;21,77777777777778;16;18,990888888888886;854,5899999999999;22;1,0
c_6508;f;61,666666666666664;30;14,276904761904762;599,63;23;0,0
c_6509;f;22,5;8;50,021;500,21;5;1,0
c_651;m;57,598214285714285;79;17,580892857142857;1969,06;54;0,0
c_6510;f;48,6993006993007;60;12,446783216783215;1779,8899999999999;65;0,0
c_6511;f;42,670103092783506;76;12,096288659793814;2346,68;88;0,0
c_6512;f;70,7175572519084;109;16,2118320610687;2123,75;65;0,0
c_6513;m;79,74444444444444;49;15,563111111111112;1400,68;40;0,0
c_6514;f;20,833333333333332;9;51,538333333333334;618,46;5;1,0
c_6515;m;17,81132075471698;26;45,15735849056604;2393,34;22;1,0
c_6516;m;54,696969696969695;16;14,97181818181818;494,07;21;0,0
c_6517;m;60,666666666666664;13;16,945;406,68;12;0,0
c_6518;m;49,707317073170735;15;15,268536585365853;626,01;19;0,0
c_6519;f;75,78082191780823;48;20,726575342465754;1513,04;32;0,0
c_652;m;17,666666666666668;20;63,27851851851852;1708,52;17;1,0
c_6520;m;64,29411764705883;12;17,73470588235294;301,49;14;0,0
c_6521;f;46,76923076923077;19;11,435076923076922;743,28;33;0,0
c_6522;f;44,669669669669666;144;13,4006006006006;4462,4;147;0,0
c_6523;m;57,644067796610166;48;16,980677966101695;1001,8599999999999;34;0,0
c_6524;m;40,63677130044843;92;12,543273542600897;2797,15;115;0,0
c_6525;f;17,377777777777776;16;32,654444444444444;1469,45;32;1,0
c_6526;f;40,608695652173914;53;13,302971014492753;1835,81;64;0,0
c_6527;m;65,72916666666667;24;19,233958333333334;923,23;22;0,0
c_6528;m;17,72222222222222;28;42,72425925925926;2307,11;28;1,0
c_6529;f;21,5;9;17,87807692307692;464,83;13;1,0
c_653;m;46,45;12;9,806999999999999;196,14;12;0,0
c_6530;m;30,69832402234637;67;13,21832402234637;2366,08;96;0,0
c_6531;f;34,549019607843135;21;14,916078431372549;760,72;27;0,0
c_6532;f;32,75;19;11,67078125;746,93;30;0,0
c_6533;f;40,6;46;12,653157894736841;1202,05;49;0,0
c_6534;f;22,333333333333332;10;20,06380952380952;421,34;16;1,0
c_6535;f;42,747368421052634;39;13,009157894736841;1235,87;45;0,0
c_6536;m;34,6820987654321;137;13,171388888888888;4267,53;136;0,0
c_6537;f;51,68888888888889;24;21,31088888888889;958,99;19;0,0
c_6538;m;42,71814671814672;117;12,831583011583012;3323,38;116;0,0
c_6539;m;33,62903225806452;37;12,561129032258064;1557,58;61;0,0
c_654;f;40,661417322834644;118;12,372480314960631;3142,61;123;0,0
c_6540;m;17,745098039215687;31;45,05921568627451;2298,02;25;1,0
c_6541;m;38,563380281690144;29;14,538732394366198;1032,25;32;0,0
c_6542;m;34,54347826086956;20;14,202608695652172;653,3199999999999;25;0,0
c_6543;f;59,62068965517241;95;16,705431034482757;1937,83;59;0,0
c_6544;f;50,71111111111111;101;17,680074074074074;2386,81;59;0,0
c_6545;m;31,82608695652174;25;13,126086956521737;603,8;22;0,0
c_6546;m;23,671232876712327;34;31,046849315068496;2266,42;27;1,0
c_6547;m;72,58536585365853;34;13,749512195121952;563,73;23;0,0
c_6548;m;55,68518518518518;37;17,672962962962963;954,3399999999999;25;0,0
c_6549;f;19,916666666666668;6;13,229999999999999;158,76;6;0,0
c_655;m;21,681818181818183;19;56,31545454545455;1238,94;11;1,0
c_6550;f;25,36842105263158;9;77,78263157894736;1477,87;13;1,0
c_6551;f;18,714285714285715;7;41,73571428571428;292,15;2;1,0
c_6552;f;41,70866141732284;66;14,255118110236221;1810,4;67;0,0
c_6553;f;30,661538461538463;28;13,730153846153845;892,4599999999999;32;0,0
c_6554;m;49,416666666666664;23;10,09625;484,62;35;0,0
c_6555;m;27,610169491525422;26;36,74949152542373;2168,22;27;1,0
c_6556;m;49,585585585585584;54;12,937747747747746;1436,09;54;0,0
c_6557;m;63,554455445544555;71;17,148316831683168;1731,98;52;0,0
c_6558;f;33,784615384615385;23;22,80723076923077;1482,47;27;0,0
c_6559;m;56,68103448275862;81;16,700603448275864;1937,27;53;0,0
c_656;f;38,86144578313253;57;12,780722891566265;2121,6;66;0,0
c_6560;f;18,551724137931036;25;51,10344827586207;1482,0;15;1,0
c_6561;f;67,66666666666667;78;15,574864864864864;1728,81;60;0,0
c_6562;m;82,625;15;17,144375;548,62;16;0,0
c_6563;m;35,735099337748345;57;13,728211920529802;2072,96;68;0,0
c_6564;f;25,74074074074074;23;57,433703703703706;1550,71;13;1,0
c_6565;f;32,714285714285715;57;13,583357142857144;1901,67;65;0,0
c_6566;f;39,776315789473685;21;18,726184210526313;1423,1899999999998;27;0,0
c_6567;f;42,671875;23;13,583124999999999;869,3199999999999;29;0,0
c_6568;m;43,48888888888889;15;16,32022222222222;734,41;26;0,0
c_6569;m;66,75;9;16,10375;257,66;9;0,0
c_657;f;21,794871794871796;20;31,02153846153846;1209,84;12;1,0
c_6570;f;60,67032967032967;55;16,505604395604397;1502,01;42;0,0
c_6571;f;85,58333333333333;35;22,091166666666666;1325,47;27;0,0
c_6572;f;42,7;27;13,685142857142857;957,96;32;0,0
c_6573;f;45,7072463768116;144;12,465043478260869;4300,44;149;0,0
c_6574;f;65,7719298245614;34;22,348771929824565;1273,88;24;0,0
c_6575;m;17,666666666666668;13;51,10066666666667;766,51;7;1,0
c_6576;f;21,533333333333335;7;16,038666666666664;240,57999999999998;12;0,0
c_6577;f;62,6551724137931;22;19,14965517241379;555,3399999999999;16;0,0
c_6578;m;29,5;4;69,905;279,62;3;1,0
c_6579;f;44,632183908045974;27;14,652528735632183;1274,77;43;0,0
c_658;f;62,71186440677966;41;18,257457627118644;1077,19;24;0,0
c_6580;f;69,68041237113403;64;16,71360824742268;1621,22;42;0,0
c_6581;f;39,65;8;13,291999999999998;265,84;17;0,0
c_6582;m;31,70769230769231;25;17,33230769230769;1126,6;29;0,0
c_6583;f;57,71875;18;18,349375;587,18;16;0,0
c_6584;m;35,732484076433124;70;13,801910828025479;2166,9;69;0,0
c_6585;m;27,575;16;23,6405;945,62;20;1,0
c_6586;m;35,411764705882355;16;13,977352941176472;475,23;23;0,0
c_6587;f;43,613861386138616;36;14,637920792079209;1478,43;50;0,0
c_6588;m;58,53968253968254;32;16,0315873015873;1009,99;34;0,0
c_6589;m;44,58536585365854;17;14,250731707317073;584,28;24;0,0
c_659;f;20,839080459770116;44;43,0803448275862;3747,99;36;1,0
c_6590;f;59,723404255319146;38;10,073617021276595;473,46;20;0,0
c_6591;f;50,64545454545455;76;15,254545454545454;1678,0;56;0,0
c_6592;f;30,466666666666665;12;11,675333333333333;350,26;19;0,0
c_6593;f;22,57894736842105;23;35,28763157894737;1340,93;19;1,0
c_6594;m;57,61538461538461;21;16,52653846153846;429,69;13;0,0
c_6595;f;45,617283950617285;40;13,437901234567901;1088,47;39;0,0
c_6596;f;56,58490566037736;26;16,086981132075472;852,61;30;0,0
c_6597;f;47,63084112149533;100;12,064158878504673;2581,73;109;0,0
c_6598;f;54,666666666666664;19;13,275714285714287;278,79;11;0,0
c_6599;f;41,673469387755105;46;12,279897959183675;1203,43;51;0,0
c_66;f;53,625;8;13,524999999999999;108,19999999999999;4;0,0
c_660;m;43,74;67;13,866599999999998;2079,99;58;0,0
c_6600;m;28,52;18;53,9308;1348,27;15;1,0
c_6601;m;33,75757575757576;19;10,272424242424243;338,99;15;0,0
c_6602;m;55,56;32;16,3864;819,3199999999999;25;0,0
c_6603;f;47,690140845070424;28;11,479154929577465;815,02;30;0,0
c_6604;f;45,5;56;12,980384615384615;1687,45;80;0,0
c_6605;f;21,610169491525422;42;46,32135593220339;2732,96;32;1,0
c_6606;m;43,67901234567901;33;13,494938271604937;1093,09;40;0,0
c_6607;f;51,554054054054056;44;15,162432432432432;1122,02;48;0,0
c_6608;m;49,733333333333334;25;14,173333333333334;850,4;27;0,0
c_6609;f;67,28571428571429;7;18,448571428571427;129,14;5;0,0
c_661;f;21,637931034482758;29;44,47948275862069;2579,81;30;1,0
c_6610;f;21,5;2;60,37;120,74;1;1,0
c_6611;m;54,75;28;14,836666666666666;534,12;15;0,0
c_6612;f;61,72727272727273;8;16,243636363636366;178,68;5;0,0
c_6613;f;36,583333333333336;10;12,879166666666668;463,65000000000003;18;0,0
c_6614;f;18,0;6;52,73571428571428;369,15;4;1,0
c_6615;f;66,78260869565217;62;13,953260869565218;1283,7;39;0,0
c_6616;f;67,61290322580645;20;17,303870967741933;536,42;17;0,0
c_6617;f;45,68478260869565;91;13,446847826086955;2474,22;94;0,0
c_6618;f;17,735294117647058;26;52,819705882352935;1795,87;16;1,0
c_6619;f;27,806451612903224;14;35,43516129032258;1098,49;15;1,0
c_662;f;53,60162601626016;105;17,390731707317073;2139,06;64;0,0
c_6620;m;32,83673469387755;17;14,09673469387755;690,74;25;0,0
c_6621;f;58,76315789473684;88;17,374649122807018;1980,71;53;0,0
c_6622;m;33,527027027027025;66;14,158716216216215;2095,49;86;0,0
c_6623;m;42,729729729729726;29;15,403648648648646;1139,87;38;0,0
c_6624;m;68,80373831775701;58;17,60859813084112;1884,12;44;0,0
c_6625;f;42,67857142857143;25;11,94767857142857;669,0699999999999;25;0,0
c_6626;m;60,76712328767123;51;13,799452054794521;1007,36;30;0,0
c_6627;f;31,666666666666668;23;16,220625000000002;778,59;21;0,0
c_6628;m;62,72222222222222;15;16,531666666666666;297,57;9;0,0
c_6629;m;52,60526315789474;53;13,895131578947368;1056,03;36;0,0
c_663;f;29,615384615384617;12;56,24692307692308;731,21;8;1,0
c_6630;f;17,36842105263158;9;27,679999999999996;525,92;12;1,0
c_6631;f;29,606060606060606;22;55,874848484848485;1843,8700000000001;18;1,0
c_6632;m;23,625;12;19,054166666666667;457,3;12;0,0
c_6633;m;31,9375;18;17,444166666666664;837,3199999999999;18;0,0
c_6634;f;57,520833333333336;30;17,093333333333334;820,48;27;0,0
c_6635;f;38,69318181818182;110;13,858181818181817;3658,56;127;0,0
c_6636;f;29,564102564102566;19;26,032564102564102;1015,27;19;1,0
c_6637;f;82,76785714285714;42;15,429821428571428;864,0699999999999;27;0,0
c_6638;m;63,69620253164557;131;14,669556962025316;2317,79;66;0,0
c_6639;m;25,333333333333332;5;83,42666666666666;500,55999999999995;4;1,0
c_664;m;61,78448275862069;104;19,747844827586206;2290,75;44;0,0
c_6640;f;18,526315789473685;15;37,15842105263158;706,01;10;1,0
c_6641;m;35,69444444444444;24;12,479861111111111;898,55;36;0,0
c_6642;m;57,78172588832487;122;18,008477157360407;3547,67;86;0,0
c_6643;f;49,333333333333336;6;11,8525;142,23;8;0,0
c_6644;f;35,46938775510204;18;19,318571428571428;946,61;29;0,0
c_6645;m;29,613636363636363;18;25,1375;1106,05;20;1,0
c_6646;m;47,74411764705882;132;14,046705882352942;4775,88;145;0,0
c_6647;f;22,5;17;52,111000000000004;1042,22;10;1,0
c_6648;m;17,774193548387096;19;61,25290322580645;1898,84;12;1,0
c_6649;m;47,638888888888886;50;14,114722222222223;1524,39;55;0,0
c_665;f;17,863636363636363;14;88,06136363636364;1937,35;11;1,0
c_6650;m;42,68041237113402;35;14,415257731958762;1398,28;51;0,0
c_6651;f;19,523809523809526;10;61,3495238095238;1288,34;12;1,0
c_6652;f;23,733333333333334;33;31,493111111111112;1417,19;23;1,0
c_6653;m;22,6;34;61,66075000000001;2466,4300000000003;19;1,0
c_6654;m;75,85714285714286;65;17,78590476190476;1867,52;40;0,0
c_6655;m;45,62406015037594;54;13,006766917293234;1729,9;66;0,0
c_6656;f;52,791666666666664;15;14,962083333333332;359,09;10;0,0
c_6657;f;45,4375;16;11,8128125;378,01;19;0,0
c_6658;f;53,645161290322584;19;17,356129032258064;538,04;17;0,0
c_6659;f;81,62962962962963;20;17,44185185185185;470,93;12;0,0
c_666;m;35,6875;11;11,069374999999999;354,21999999999997;17;0,0
c_6660;f;32,5;8;11,259444444444446;202,67000000000002;11;0,0
c_6661;f;67,61682242990655;93;17,05429906542056;1824,81;54;0,0
c_6662;f;21,434782608695652;18;30,62608695652174;704,4;15;1,0
c_6663;f;41,77049180327869;22;11,842622950819672;722,4;26;0,0
c_6664;f;31,62857142857143;110;11,798857142857141;2890,72;117;0,0
c_6665;f;60,69767441860465;30;16,101860465116278;692,38;21;0,0
c_6666;f;42,81481481481482;21;12,23074074074074;990,6899999999999;27;0,0
c_6667;f;79,78378378378379;30;15,485945945945947;572,98;20;0,0
c_6668;f;17,746666666666666;53;42,48146666666667;3186,11;34;1,0
c_6669;m;42,644067796610166;99;15,05021186440678;3551,85;112;0,0
c_667;m;28,535714285714285;36;45,81339285714285;2565,5499999999997;32;1,0
c_6670;f;35,699029126213595;85;12,299417475728154;2533,68;91;0,0
c_6671;f;81,81372549019608;66;20,13323529411765;2053,59;43;0,0
c_6672;m;39,74418604651163;49;13,337286821705426;1720,51;57;0,0
c_6673;m;31,6;14;11,099333333333334;332,98;15;0,0
c_6674;m;20,857142857142858;12;45,59928571428571;638,39;5;1,0
c_6675;m;18,466666666666665;12;68,30266666666667;1024,54;9;1,0
c_6676;m;23,625;18;24,954375;798,54;19;1,0
c_6677;f;24,609375;34;40,908125;2618,12;30;1,0
c_6678;f;38,696969696969695;8;13,115454545454545;432,81;10;0,0
c_6679;f;24,5;9;22,285357142857144;623,99;16;1,0
c_668;m;27,571428571428573;7;49,33714285714286;345,36;4;1,0
c_6680;m;42,50299401197605;55;13,752934131736525;2296,74;96;0,0
c_6681;m;69,75;13;13,765416666666667;330,37;12;0,0
c_6682;f;33,56578947368421;25;15,016842105263157;1141,28;39;0,0
c_6683;m;19,90909090909091;10;37,05045454545455;815,11;8;1,0
c_6684;f;60,666666666666664;31;13,074242424242424;431,45;15;0,0
c_6685;f;17,833333333333332;6;29,599999999999998;177,6;3;1,0
c_6686;m;39,65853658536585;27;13,92231707317073;1141,6299999999999;42;0,0
c_6687;m;49,57462686567164;67;13,450522388059701;1802,37;70;0,0
c_6688;m;49,68944099378882;57;13,490124223602484;2171,91;75;0,0
c_6689;f;65,76923076923077;13;11,778076923076924;306,23;11;0,0
c_669;m;33,721311475409834;163;12,293333333333333;4499,36;148;0,0
c_6690;m;39,80722891566265;28;13,086265060240962;1086,1599999999999;33;0,0
c_6691;f;49,7;17;10,113999999999999;505,7;20;0,0
c_6692;f;39,68098159509202;68;14,996134969325153;2444,37;73;0,0
c_6693;m;56,75609756097561;19;17,31390243902439;709,87;17;0,0
c_6694;f;37,68518518518518;18;15,33148148148148;827,9;27;0,0
c_6695;f;41,601941747572816;47;13,493106796116505;1389,79;51;0,0
c_6696;m;17,913978494623656;50;42,093440860215054;3914,69;38;1,0
c_6697;f;48,77372262773723;48;14,122481751824818;1934,78;58;0,0
c_6698;f;25,625;38;40,669875;3253,5899999999997;39;1,0
c_6699;f;35,73033707865169;37;11,69191011235955;1040,58;43;0,0
c_67;f;56,693548387096776;44;15,582258064516127;966,0999999999999;28;0,0
c_670;m;19,6;17;36,00657142857143;1260,23;16;1,0
c_6700;m;37,556650246305416;81;13,41256157635468;2722,75;106;0,0
c_6701;f;44,51428571428571;19;15,917714285714286;557,12;19;0,0
c_6702;m;52,666666666666664;44;16,411176470588234;836,97;24;0,0
c_6703;f;38,370370370370374;9;15,53962962962963;419,57;18;0,0
c_6704;f;52,851351351351354;45;15,532837837837839;1149,43;30;0,0
c_6705;m;17,714285714285715;12;22,564285714285713;1105,6499999999999;23;1,0
c_6706;f;76,4;6;39,464;394,64;6;0,0
c_6707;f;59,78313253012048;58;19,272530120481928;1599,62;36;0,0
c_6708;m;22,65714285714286;13;23,16857142857143;810,9;14;1,0
c_6709;m;51,708333333333336;94;16,389166666666668;1966,7;55;0,0
c_671;f;50,59649122807018;41;20,821228070175437;1186,81;31;0,0
c_6710;m;46,285714285714285;5;8,544285714285715;59,81;5;0,0
c_6711;f;64,5;18;19,41815789473684;737,89;20;0,0
c_6712;m;60,714285714285715;7;26,687142857142856;373,62;6;0,0
c_6713;f;58,46153846153846;18;18,763461538461538;487,85;17;0,0
c_6714;f;53,67465417710489;2620;16,730086047271538;153598,91999999998;1380;2,0
c_6715;m;24,62962962962963;12;27,112222222222222;732,03;14;1,0
c_6716;f;33,64335664335665;42;14,50083916083916;2073,62;75;0,0
c_6717;m;54,65934065934066;69;18,604725274725276;1693,03;41;0,0
c_6718;f;42,1875;8;12,24;195,84;13;0,0
c_6719;m;26,869565217391305;23;48,385217391304344;2225,72;19;1,0
c_672;m;30,595238095238095;16;13,97642857142857;587,01;27;0,0
c_6720;m;57,50666666666667;40;17,370266666666666;1302,77;41;0,0
c_6721;f;56,71153846153846;74;18,123076923076923;1884,8;52;0,0
c_6722;m;28,647058823529413;12;42,57470588235294;1447,54;18;1,0
c_6723;f;39,63855421686747;33;11,81433734939759;980,59;43;0,0
c_6724;f;26,75;7;54,60249999999999;436,81999999999994;4;1,0
c_6725;m;50,666666666666664;8;12,242666666666667;183,64;9;0,0
c_6726;f;47,62458471760797;116;13,26906976744186;3993,99;134;0,0
c_6727;f;19,77777777777778;24;28,734666666666666;1293,06;20;1,0
c_6728;f;64,71428571428571;14;18,525;259,34999999999997;8;0,0
c_6729;f;24,829787234042552;15;21,756382978723405;1022,55;21;1,0
c_673;m;22,829787234042552;35;43,339787234042554;2036,97;25;1,0
c_6730;f;36,62380952380953;109;13,747523809523809;2886,98;107;0,0
c_6731;f;20,533333333333335;31;47,31511111111111;2129,18;25;1,0
c_6732;f;54,666666666666664;54;16,875999999999998;1012,56;29;0,0
c_6733;f;18,6;31;36,36272727272728;1999,95;29;1,0
c_6734;m;17,823529411764707;21;47,10176470588235;1601,46;16;1,0
c_6736;m;28,533333333333335;18;55,86133333333333;1675,84;17;1,0
c_6737;m;22,272727272727273;6;37,6;413,6;8;1,0
c_6738;m;42,4375;9;11,47875;183,66;11;0,0
c_6739;m;52,61538461538461;42;14,981153846153846;779,02;26;0,0
c_674;m;61,333333333333336;3;9,526666666666666;28,58;2;0,0
c_6740;f;54,73076923076923;66;13,55326923076923;1409,54;39;0,0
c_6741;f;49,714285714285715;52;13,494453781512604;1605,84;56;0,0
c_6742;f;36,476190476190474;11;10,97;230,37;15;0,0
c_6743;m;29,63157894736842;17;57,61368421052632;1094,66;9;1,0
c_6744;m;34,59090909090909;55;12,848181818181818;1695,96;62;0,0
c_6745;f;54,78431372549019;15;12,110392156862744;617,63;16;0,0
c_6746;f;50,75714285714286;24;14,928714285714285;1045,01;26;0,0
c_6747;f;58,7;8;19,427;194,26999999999998;5;0,0
c_6748;m;38,48;11;14,2028;355,07;13;0,0
c_6749;f;18,6;25;42,100199999999994;2105,0099999999998;21;1,0
c_675;f;21,473684210526315;12;42,043684210526315;798,8299999999999;10;1,0
c_6750;f;47,4375;33;13,3025;1064,2;55;0,0
c_6751;m;25,901960784313726;28;30,813137254901957;1571,4699999999998;21;1,0
c_6752;m;34,73684210526316;27;17,826052631578946;1354,78;31;0,0
c_6753;f;30,59016393442623;48;12,528934426229508;1528,53;60;0,0
c_6754;f;53,604166666666664;34;16,413541666666667;787,85;20;0,0
c_6755;m;44,833333333333336;50;11,694920634920635;1473,56;49;0,0
c_6756;f;29,615384615384617;12;26,364615384615384;1028,22;15;1,0
c_6757;f;23,615384615384617;11;47,86846153846154;622,29;7;1,0
c_6758;f;89,52631578947368;13;16,34631578947368;310,58;12;0,0
c_6759;m;44,82692307692308;19;13,132307692307693;682,88;22;0,0
c_676;m;50,69230769230769;13;18,894615384615385;245,63;5;0,0
c_6760;m;50,64102564102564;16;16,522051282051283;644,36;21;0,0
c_6761;f;24,52777777777778;21;79,82666666666667;2873,76;21;1,0
c_6762;f;45,72727272727273;37;11,703909090909091;1287,43;39;0,0
c_6763;f;18,571428571428573;7;44,784285714285716;313,49;4;1,0
c_6764;f;22,5625;8;44,836875;717,39;9;1,0
c_6765;f;63,833333333333336;28;19,720833333333335;709,95;15;0,0
c_6766;f;17,40909090909091;14;32,20454545454545;708,5;14;1,0
c_6767;f;35,62068965517241;32;14,366436781609194;1249,8799999999999;38;0,0
c_6768;f;26,869565217391305;15;29,19;671,37;10;1,0
c_6769;m;42,87692307692308;55;15,485923076923077;2013,17;52;0,0
c_677;f;48,78333333333333;28;17,170833333333334;1030,25;26;0,0
c_6770;m;61,70454545454545;79;18,102045454545454;2389,47;61;0,0
c_6771;f;40,71052631578947;10;14,207894736842105;539,9;18;0,0
c_6772;f;54,77142857142857;52;16,299857142857142;1140,99;30;0,0
c_6773;f;62,603053435114504;96;19,390458015267175;2540,15;71;0,0
c_6774;f;42,51162790697674;20;12,04953488372093;518,13;28;0,0
c_6775;m;38,66761363636363;140;13,0328125;4587,55;165;0,0
c_6776;f;71,71052631578948;25;12,558684210526316;477,23;23;0,0
c_6777;m;63,81818181818182;11;15,534545454545453;170,88;5;0,0
c_6778;m;63,75;24;12,416666666666666;298,0;10;0,0
c_6779;m;26,6875;12;28,34875;453,58;7;1,0
c_678;m;58,04;29;15,808;790,4;17;0,0
c_6780;m;50,63157894736842;56;16,468070175438594;938,68;27;0,0
c_6781;m;55,544642857142854;82;15,735535714285714;1762,3799999999999;62;0,0
c_6782;f;20,79746835443038;49;36,85379746835443;2911,45;28;1,0
c_6783;m;45,63636363636363;47;12,880454545454544;1416,85;54;0,0
c_6784;f;30,551724137931036;25;11,966896551724139;694,08;30;0,0
c_6785;f;59,67045454545455;54;16,156136363636364;1421,74;43;0,0
c_6786;m;17,76;25;41,1408;2057,04;25;1,0
c_6787;m;52,8;13;15,702444444444446;706,61;19;0,0
c_6788;m;78,95;17;18,3325;366,65;7;0,0
c_6789;f;26,615384615384617;19;23,25076923076923;906,78;17;1,0
c_679;f;35,707317073170735;23;11,698292682926828;479,63;19;0,0
c_6790;f;41,63953488372093;31;13,239534883720928;1138,6;38;0,0
c_6791;f;22,0;7;28,723809523809525;603,2;8;1,0
c_6792;f;30,745222929936304;69;12,096942675159235;1899,22;72;0,0
c_6793;f;73,58333333333333;18;14,187083333333334;340,49;13;0,0
c_6794;f;36,51020408163265;21;16,23061224489796;795,3;30;0,0
c_6795;f;56,7421875;78;15,717421875;2011,83;60;0,0
c_6796;m;36,629629629629626;10;11,97962962962963;323,45;14;0,0
c_6797;f;61,609756097560975;26;14,109268292682927;578,48;25;0,0
c_6798;m;37,66804979253112;96;13,840746887966805;3335,62;106;0,0
c_6799;f;73,77952755905511;64;16,721338582677166;2123,61;54;0,0
c_68;f;63,06818181818182;20;15,476590909090909;680,97;16;0,0
c_680;f;67,77272727272727;15;11,608181818181817;255,38;11;0,0
c_6800;f;42,714285714285715;39;14,175306122448978;1389,1799999999998;51;0,0
c_6801;f;33,646153846153844;84;12,383692307692309;2414,82;94;0,0
c_6802;m;38,59183673469388;49;14,025442176870747;2061,74;70;0,0
c_6803;f;33,88135593220339;22;14,319322033898306;844,84;21;0,0
c_6804;m;31,61842105263158;34;11,539342105263158;876,99;35;0,0
c_6805;f;53,708333333333336;17;27,7225;665,34;11;0,0
c_6806;m;42,75483870967742;63;12,231935483870968;1895,95;65;0,0
c_6807;f;67,63934426229508;48;15,53311475409836;947,52;30;0,0
c_6808;f;54,823008849557525;85;15,69716814159292;1773,78;45;0,0
c_6809;m;35,78947368421053;21;11,308245614035087;644,5699999999999;24;0,0
c_681;m;33,72641509433962;45;13,646603773584905;1446,54;49;0,0
c_6810;f;51,66326530612245;56;17,583979591836734;1723,23;47;0,0
c_6811;m;34,59574468085106;18;13,956382978723406;655,95;26;0,0
c_6812;f;21,81578947368421;22;37,8721052631579;1439,14;21;1,0
c_6813;f;42,48792270531401;92;12,035845410628019;2491,42;111;0,0
c_6814;m;28,806451612903224;24;57,979032258064514;1797,35;13;1,0
c_6815;f;27,35;8;57,775;1155,5;12;1,0
c_6816;m;21,375;7;40,17375;321,39;6;1,0
c_6817;f;17,25;4;43,4225;347,38;8;1,0
c_6818;m;24,666666666666668;9;40,41777777777778;363,76;5;1,0
c_6819;m;41,638888888888886;65;11,447444444444445;2060,54;88;0,0
c_682;f;47,54984894259819;161;12,393293051359517;4102,18;165;0,0
c_6820;m;43,804597701149426;34;11,761724137931035;1023,27;37;0,0
c_6821;m;80,72222222222223;20;18,67861111111111;672,43;17;0,0
c_6822;f;50,8125;36;17,768875;1421,51;33;0,0
c_6823;m;63,71764705882353;63;17,252470588235294;1466,46;36;0,0
c_6824;m;53,588235294117645;59;15,969705882352942;1085,94;35;0,0
c_6825;m;53,6578947368421;26;17,600526315789477;668,82;19;0,0
c_6826;f;40,58888888888889;75;13,48111111111111;2426,6;96;0,0
c_6827;f;44,6692607003891;108;11,861906614785992;3048,5099999999998;116;0,0
c_6828;f;24,11111111111111;7;65,94555555555556;593,51;7;1,0
c_6829;m;39,513513513513516;12;12,631081081081081;467,35;16;0,0
c_683;f;64,29032258064517;12;18,754516129032258;581,39;10;0,0
c_6830;m;68,5;15;12,194090909090908;268,27;11;0,0
c_6831;m;35,94117647058823;10;14,035882352941176;238,60999999999999;9;0,0
c_6832;f;25,6;24;50,21228571428571;1757,43;17;1,0
c_6833;f;74,64423076923077;75;14,874807692307693;1546,98;48;0,0
c_6834;f;66,7479674796748;94;17,412195121951218;2141,7;55;0,0
c_6835;m;67,70833333333333;21;14,832083333333332;355,96999999999997;12;0,0
c_6836;m;56,68852459016394;36;17,233770491803277;1051,26;25;0,0
c_6837;f;26,5;2;57,99;115,98;1;1,0
c_6838;m;59,90909090909091;17;20,55818181818182;452,28;7;0,0
c_6839;f;57,67605633802817;113;16,796901408450704;2385,16;70;0,0
c_684;f;54,63265306122449;34;17,316530612244897;848,51;26;0,0
c_6840;m;73,63157894736842;64;16,155052631578947;1534,73;48;0,0
c_6841;f;17,541666666666668;10;29,829166666666666;715,9;16;1,0
c_6842;f;61,61538461538461;15;10,878846153846155;282,85;12;0,0
c_6843;f;17,71875;21;45,520937499999995;1456,6699999999998;14;1,0
c_6844;m;24,733333333333334;11;43,64466666666667;654,6700000000001;7;1,0
c_6845;m;19,9;12;67,44300000000001;1348,8600000000001;12;1,0
c_6846;m;47,662921348314605;34;13,274606741573034;1181,44;45;0,0
c_6847;f;43,657534246575345;96;14,025251141552513;3071,53;110;0,0
c_6848;f;31,25;4;9,7875;117,45;9;0,0
c_6849;m;43,720338983050844;56;13,35686440677966;1576,11;60;0,0
c_685;m;22,513513513513512;18;22,30027027027027;825,11;19;1,0
c_6850;f;34,6931216931217;84;12,816296296296297;2422,28;91;0,0
c_6851;m;35,47008547008547;53;13,188888888888888;1543,1;64;0,0
c_6852;m;22,526315789473685;16;68,46947368421053;1300,92;11;1,0
c_6853;f;17,6;4;86,164;430,82;3;1,0
c_6854;m;58,71052631578947;80;18,929122807017546;2157,92;55;0,0
c_6855;m;33,58791208791209;79;13,817692307692308;2514,82;95;0,0
c_6856;m;31,886363636363637;18;10,799090909090909;475,15999999999997;16;0,0
c_6857;m;52,625;18;16,6553125;532,97;16;0,0
c_6858;f;50,609756097560975;32;15,6990243902439;643,66;20;0,0
c_6859;f;70,5;16;14,282222222222222;257,08;10;0,0
c_686;m;21,77777777777778;6;74,97;674,73;3;1,0
c_6860;m;70,75886524822695;120;16,69503546099291;2354,0;61;0,0
c_6861;m;55,27272727272727;6;10,80181818181818;118,82;8;0,0
c_6863;f;63,55882352941177;20;13,595882352941176;462,26;18;0,0
c_6864;f;80,78571428571429;38;18,483571428571427;1293,85;29;0,0
c_6865;f;44,5;20;12,20483870967742;756,7;34;0,0
c_6866;m;28,652173913043477;11;23,894782608695653;549,58;9;1,0
c_6867;m;18,694444444444443;17;31,024999999999995;1116,8999999999999;19;1,0
c_6868;m;38,351851851851855;20;14,682407407407409;792,85;38;0,0
c_6869;f;53,333333333333336;19;16,845555555555553;606,4399999999999;25;0,0
c_687;f;53,861111111111114;11;15,11611111111111;544,18;16;0,0
c_6870;m;29,285714285714285;4;78,91285714285713;552,39;6;1,0
c_6871;m;52,56;11;14,764000000000001;369,1;12;0,0
c_6872;m;43,62237762237762;133;12,643846153846154;3616,14;148;0,0
c_6873;m;39,742105263157896;79;14,19642105263158;2697,32;97;0,0
c_6874;f;33,69892473118279;33;12,25258064516129;1139,49;46;0,0
c_6875;m;58,630434782608695;33;17,700652173913046;814,23;20;0,0
c_6876;f;26,725806451612904;46;52,32951612903226;3244,43;26;1,0
c_6877;m;71,33333333333333;4;15,391666666666666;92,35;4;0,0
c_6878;m;71,78616352201257;88;14,861006289308177;2362,9;68;0,0
c_6879;f;24,5;2;45,685;91,37;2;1,0
c_688;m;27,657894736842106;26;42,40157894736842;1611,26;17;1,0
c_6880;m;30,943661971830984;24;22,65605633802817;1608,58;22;0,0
c_6881;m;41,80373831775701;100;14,433831775700936;3088,84;100;0,0
c_6882;f;57,773109243697476;56;16,890504201680674;2009,97;48;0,0
c_6883;m;61,79710144927536;29;16,583623188405795;1144,27;32;0,0
c_6884;m;27,833333333333332;6;53,849999999999994;323,09999999999997;2;1,0
c_6885;m;64,725;38;17,687;707,48;19;0,0
c_6886;f;54,73913043478261;56;18,315942028985507;1263,8;33;0,0
c_6887;f;17,387096774193548;14;39,71935483870968;1231,3;19;1,0
c_6888;m;41,66;23;13,206800000000001;660,34;24;0,0
c_6889;f;53,666666666666664;9;18,205555555555556;163,85;5;0,0
c_689;f;37,6271186440678;19;13,88542372881356;819,24;28;0,0
c_6890;f;62,676923076923075;52;16,648615384615386;1082,16;30;0,0
c_6891;m;27,82608695652174;29;37,089130434782604;1706,1;18;1,0
c_6892;m;20,772727272727273;28;56,657272727272726;2492,92;18;1,0
c_6893;f;38,53703703703704;30;10,316481481481482;557,09;29;0,0
c_6894;f;33,68306010928962;72;12,097704918032788;2213,88;82;0,0
c_6895;f;32,73913043478261;134;12,908561872909699;3859,66;125;0,0
c_6896;f;29,866666666666667;5;28,71;430,65000000000003;8;1,0
c_6897;f;62,74390243902439;55;16,979268292682928;1392,3;33;0,0
c_6898;f;38,56115107913669;61;13,30388489208633;1849,24;76;0,0
c_6899;f;48,61864406779661;42;15,768559322033898;1860,69;56;0,0
c_69;m;54,0;5;18,569;185,69;4;0,0
c_690;f;58,73170731707317;55;16,32536585365854;1338,68;35;0,0
c_6900;m;33,333333333333336;8;14,28111111111111;257,06;14;0,0
c_6901;f;35,660377358490564;22;12,96754716981132;687,28;27;0,0
c_6902;m;66,4;14;15,376499999999998;307,53;12;0,0
c_6903;f;34,816326530612244;23;11,48469387755102;562,75;27;0,0
c_6904;f;44,57575757575758;24;12,379696969696969;817,06;33;0,0
c_6905;f;42,74285714285714;16;15,216285714285712;532,5699999999999;17;0,0
c_6906;m;35,61087866108787;104;12,097071129707112;2891,2;117;0,0
c_6907;m;44,59533073929961;119;12,839377431906614;3299,72;125;0,0
c_6908;f;55,75925925925926;90;16,736296296296295;1807,52;47;0,0
c_6909;m;40,698412698412696;28;13,286984126984128;837,08;32;0,0
c_691;f;73,7578947368421;71;16,938736842105264;1609,18;43;0,0
c_6910;f;18,0;13;34,18529411764706;1162,3;10;1,0
c_6911;f;26,885714285714286;16;24,504571428571428;857,66;14;1,0
c_6912;f;72,5952380952381;26;18,272857142857145;767,46;25;0,0
c_6913;m;18,75;27;40,63125;1625,25;21;1,0
c_6914;f;46,611111111111114;9;13,917222222222222;250,51;9;0,0
c_6915;m;23,434782608695652;13;37,4404347826087;861,13;17;1,0
c_6916;m;26,666666666666668;7;34,422380952380955;722,87;9;1,0
c_6917;f;37,792;56;12,57576;1571,97;57;0,0
c_6918;f;39,44897959183673;20;12,22469387755102;599,01;28;0,0
c_6919;f;29,642857142857142;33;67,02357142857143;2814,99;19;1,0
c_692;m;17,59375;16;32,1059375;1027,39;16;1,0
c_6920;f;31,552147239263803;60;13,718895705521472;2236,18;87;0,0
c_6921;m;47,745098039215684;28;16,76392156862745;854,9599999999999;20;0,0
c_6922;m;65,66929133858268;89;15,910787401574803;2020,6699999999998;60;0,0
c_6923;f;39,70037453183521;102;13,154194756554308;3512,17;114;0,0
c_6924;f;36,6566265060241;82;12,59831325301205;2091,32;73;0,0
c_6925;f;29,4;5;44,47;222,35;4;1,0
c_6926;m;33,604166666666664;23;15,596874999999999;748,65;26;0,0
c_6927;f;55,68571428571428;74;15,513809523809524;1628,95;52;0,0
c_6928;m;45,666666666666664;15;11,858666666666666;533,64;27;0,0
c_6929;f;34,648275862068964;67;13,550482758620689;1964,82;73;0,0
c_693;m;50,84615384615385;13;16,93307692307692;220,13;4;0,0
c_6931;f;75,85714285714286;36;18,208928571428572;1019,7;19;0,0
c_6932;m;58,833333333333336;32;18,169375;872,13;24;0,0
c_6933;m;28,166666666666668;15;56,84777777777778;1023,26;15;1,0
c_6934;f;44,59090909090909;36;11,152045454545455;981,38;43;0,0
c_6935;m;43,6764705882353;31;17,555735294117646;1193,79;32;0,0
c_6936;m;44,686619718309856;117;14,149295774647888;4018,4;133;0,0
c_6937;m;51,45;12;14,5875;291,75;11;0,0
c_6938;f;33,8;17;15,588333333333333;467,65;12;0,0
c_6939;f;18,7;12;34,5715;691,4300000000001;10;1,0
c_694;m;26,7;6;43,553999999999995;435,53999999999996;5;1,0
c_6940;m;76,77049180327869;37;16,660819672131147;1016,31;28;0,0
c_6941;m;21,11764705882353;13;52,14705882352941;886,5;15;1,0
c_6942;f;47,61538461538461;11;11,041923076923077;287,09;14;0,0
c_6943;f;65,55714285714286;56;14,725714285714284;1030,8;37;0,0
c_6944;f;88,77272727272727;82;16,95281818181818;1864,81;44;0,0
c_6945;m;51,76;55;15,910599999999999;1591,06;49;0,0
c_6946;f;80,66666666666667;28;18,53333333333333;722,8;20;0,0
c_6947;m;19,555555555555557;9;93,21333333333334;838,9200000000001;4;1,0
c_6948;m;18,774193548387096;13;28,601935483870967;886,66;15;1,0
c_6949;m;54,705882352941174;16;10,672941176470587;181,44;8;0,0
c_695;f;44,597457627118644;109;14,02415254237288;3309,7;113;0,0
c_6950;f;32,73252279635258;128;12,861398176291793;4231,4;139;0,0
c_6951;m;34,794444444444444;70;11,61988888888889;2091,58;72;0,0
c_6952;f;44,63636363636363;51;13,002867132867133;1859,41;73;0,0
c_6953;m;62,73170731707317;27;16,247560975609755;666,15;18;0,0
c_6954;f;31,542857142857144;20;14,475142857142856;506,63;21;0,0
c_6955;f;63,67741935483871;23;18,116451612903226;561,61;14;0,0
c_6956;m;56,70945945945946;81;14,412635135135137;2133,07;63;0,0
c_6957;f;68,53623188405797;47;17,63550724637681;1216,85;37;0,0
c_6958;f;53,578125;54;16,53234375;1058,07;32;0,0
c_6959;f;42,51724137931034;29;13,322068965517241;772,68;35;0,0
c_696;f;17,923076923076923;19;47,916666666666664;1868,75;16;1,0
c_6960;f;35,7093023255814;28;10,37953488372093;892,64;38;0,0
c_6961;m;25,59259259259259;38;36,532407407407405;1972,75;31;1,0
c_6962;m;33,74242424242424;20;14,513484848484849;957,89;24;0,0
c_6963;m;48,47761194029851;14;15,514626865671643;1039,48;38;0,0
c_6964;m;47,38235294117647;19;12,816764705882353;435,77;23;0,0
c_6965;f;41,529411764705884;7;13,755882352941176;233,85;15;0,0
c_6966;f;41,738461538461536;24;13,692615384615385;890,02;27;0,0
c_6967;m;73,675;27;18,59925;743,97;17;0,0
c_6968;f;74,66101694915254;46;15,511355932203388;915,17;28;0,0
c_6969;m;38,690402476780186;154;12,76185758513932;4122,08;161;0,0
c_697;f;61,69230769230769;63;17,07423076923077;1331,79;35;0,0
c_6970;f;59,4390243902439;22;25,035853658536585;1026,47;25;0,0
c_6971;m;29,5;22;46,3421875;1482,95;17;1,0
c_6972;f;17,6734693877551;34;62,074285714285715;3041,64;23;1,0
c_6973;m;58,48;13;14,46;361,5;14;0,0
c_6974;f;26,5;6;68,18;545,44;6;1,0
c_6975;f;27,633333333333333;13;28,220000000000002;846,6;14;1,0
c_6976;m;17,48;19;51,846000000000004;1296,15;15;1,0
c_6977;f;17,789473684210527;45;60,46223684210526;4595,13;31;1,0
c_6978;m;25,56;20;32,004400000000004;1600,22;23;1,0
c_6979;f;33,69166666666667;45;13,890083333333333;1666,81;63;0,0
c_698;m;38,59090909090909;82;12,695625;2234,43;91;0,0
c_6980;f;54,7027027027027;27;16,75864864864865;620,0699999999999;19;0,0
c_6981;f;47,523809523809526;49;12,270204081632654;1803,72;84;0,0
c_6982;m;22,304347826086957;17;52,307391304347824;1203,07;17;1,0
c_6983;m;32,69491525423729;144;11,569576271186442;4095,63;150;0,0
c_6984;f;48,7563025210084;49;14,42798319327731;1716,9299999999998;50;0,0
c_6985;f;32,648936170212764;84;12,558031914893617;2360,91;98;0,0
c_6986;m;17,7;23;55,451;1663,53;15;1,0
c_6987;m;37,58730158730159;27;11,667460317460316;735,05;32;0,0
c_6988;f;56,75555555555555;38;20,86888888888889;939,1;19;0,0
c_6989;m;42,72115384615385;32;15,41673076923077;1603,34;48;0,0
c_699;f;35,6551724137931;124;14,482999999999999;4200,07;141;0,0
c_6990;f;35,570247933884296;100;13,254917355371902;3207,69;124;0,0
c_6991;f;43,645161290322584;131;13,719928315412186;3827,86;122;0,0
c_6992;m;54,294117647058826;12;17,407647058823528;295,93;13;0,0
c_6993;f;26,75;6;37,65875;301,27;6;1,0
c_6994;m;53,734693877551024;63;16,285510204081632;1595,98;49;0,0
c_6995;f;61,74390243902439;69;18,12353658536585;1486,1299999999999;34;0,0
c_6996;f;53,751937984496124;100;19,35325581395349;2496,57;56;0,0
c_6997;m;44,57692307692308;23;15,612692307692308;811,86;25;0,0
c_6998;f;35,495327102803735;41;12,509532710280373;1338,52;70;0,0
c_6999;f;40,5796178343949;62;13,867324840764331;2177,17;95;0,0
c_7;f;54,654545454545456;28;19,76909090909091;1087,3;21;0,0
c_70;m;60,719298245614034;37;17,525087719298245;998,93;22;0,0
c_700;f;65,68115942028986;43;27,94913043478261;1928,49;28;0,0
c_7000;m;39,55769230769231;21;14,719999999999999;765,4399999999999;23;0,0
c_7001;f;75,42857142857143;7;21,462857142857143;150,24;5;0,0
c_7002;m;64,53424657534246;49;15,381780821917808;1122,87;42;0,0
c_7003;f;34,66492146596859;76;13,259214659685863;2532,5099999999998;86;0,0
c_7004;m;37,775;21;13,720499999999998;548,8199999999999;16;0,0
c_7005;f;24,666666666666668;16;37,892857142857146;795,75;10;1,0
c_7006;f;65,5909090909091;48;15,834242424242424;1045,06;32;0,0
c_7007;f;51,644444444444446;102;15,850888888888887;2139,87;63;0,0
c_7008;m;19,571428571428573;7;48,41428571428571;338,9;4;1,0
c_7009;m;37,683229813664596;61;14,735155279503106;2372,36;77;0,0
c_701;m;62,7;16;14,052;421,56;18;0,0
c_7010;f;68,79729729729729;36;13,466486486486486;996,52;31;0,0
c_7011;f;25,672727272727272;22;24,83981818181818;1366,19;23;1,0
c_7012;f;48,825;11;13,13825;525,53;18;0,0
c_7013;f;17,677419354838708;49;57,656129032258065;3574,68;25;1,0
c_7014;f;83,58333333333333;7;15,806666666666667;189,68;9;0,0
c_7015;m;47,8125;15;15,217812499999999;486,96999999999997;16;0,0
c_7016;m;39,8433734939759;30;12,964939759036143;1076,09;32;0,0
c_7017;f;30,678571428571427;73;13,47327380952381;2263,51;87;0,0
c_7018;f;23,772727272727273;22;41,224090909090904;906,93;9;1,0
c_7019;f;33,56488549618321;51;12,825725190839693;1680,1699999999998;69;0,0
c_702;m;80,6304347826087;18;15,405652173913042;708,66;18;0,0
c_7020;f;25,77777777777778;24;26,657999999999998;1199,61;22;1,0
c_7021;m;50,766666666666666;22;17,617;528,51;16;0,0
c_7022;m;45,74285714285714;19;15,32057142857143;536,22;18;0,0
c_7023;f;81,63793103448276;98;17,131724137931034;1987,28;61;0,0
c_7024;m;72,71428571428571;7;15,487142857142857;108,41;3;0,0
c_7025;f;50,666666666666664;7;19,503333333333334;175,53;4;0,0
c_7026;m;48,55;25;15,100375;1208,03;36;0,0
c_7027;f;40,56643356643357;51;13,485664335664335;1928,45;83;0,0
c_7028;f;82,93333333333334;14;13,755333333333333;412,65999999999997;15;0,0
c_7029;m;25,798076923076923;46;28,613173076923076;2975,77;45;1,0
c_703;m;77,37837837837837;19;13,14054054054054;486,2;27;0,0
c_7030;f;52,83870967741935;51;17,504086021505376;1627,8799999999999;42;0,0
c_7031;m;53,666666666666664;69;14,636666666666667;1449,03;46;0,0
c_7032;f;57,69642857142857;47;16,69125;934,7099999999999;24;0,0
c_7033;f;68,5575221238938;91;17,861061946902655;2018,3;60;0,0
c_7034;f;19,705882352941178;6;18,34264705882353;623,65;16;1,0
c_7035;m;30,5;18;13,78547619047619;578,99;20;0,0
c_7036;f;17,87878787878788;16;50,24545454545455;1658,1000000000001;13;1,0
c_7037;f;48,768115942028984;29;14,084782608695653;971,85;29;0,0
c_7038;m;31,708333333333332;35;11,441770833333335;1098,41;44;0,0
c_7039;f;43,64596273291925;61;14,664223602484473;2360,94;84;0,0
c_704;f;65,6923076923077;9;16,662307692307692;216,60999999999999;7;0,0
c_7040;m;29,375;5;56,0725;448,58;5;1,0
c_7041;f;31,714285714285715;62;13,468181818181817;2074,1;67;0,0
c_7042;f;24,875;29;26,453214285714285;1481,3799999999999;24;1,0
c_7043;f;61,641975308641975;56;18,278148148148148;1480,53;37;0,0
c_7044;f;80,6989247311828;62;19,313763440860217;1796,18;37;0,0
c_7045;f;24,85;23;35,92725;1437,09;16;1,0
c_7046;m;26,2;6;18,387999999999998;275,82;5;0,0
c_7047;f;39,72222222222222;126;12,204506172839505;3954,2599999999998;131;0,0
c_7048;m;40,75555555555555;47;13,236740740740741;1786,96;57;0,0
c_7049;f;34,57142857142857;63;13,587744360902256;1807,17;73;0,0
c_705;m;57,666666666666664;5;19,183333333333334;115,1;3;0,0
c_7050;f;25,630434782608695;18;27,790217391304346;1278,35;20;1,0
c_7051;f;26,666666666666668;31;39,946888888888886;1797,61;20;1,0
c_7052;m;34,77160493827161;79;13,721604938271605;2222,9;73;0,0
c_7053;m;23,363636363636363;7;19,293181818181818;424,45;8;1,0
c_7054;m;45,68421052631579;12;12,762631578947369;242,49;8;0,0
c_7055;m;44,75545851528384;100;11,455676855895197;2623,35;96;0,0
c_7056;m;37,44444444444444;18;13,156888888888888;592,06;28;0,0
c_7057;f;39,655913978494624;38;10,720752688172043;997,03;43;0,0
c_7058;m;23,72;30;41,317;2065,85;26;1,0
c_7059;m;31,740932642487046;77;13,433367875647667;2592,64;80;0,0
c_706;m;45,8125;11;11,4628125;366,81;15;0,0
c_7060;m;60,541666666666664;18;15,063333333333333;361,52;13;0,0
c_7061;m;58,698412698412696;22;17,898412698412695;1127,6;29;0,0
c_7062;m;41,831460674157306;40;11,674157303370787;1039,0;40;0,0
c_7063;m;43,68181818181818;10;11,620454545454546;255,65;11;0,0
c_7064;m;43,55555555555556;4;11,139999999999999;100,25999999999999;6;0,0
c_7065;f;46,69444444444444;29;15,109444444444442;1087,8799999999999;33;0,0
c_7066;m;35,25;3;15,489999999999998;61,959999999999994;3;0,0
c_7067;m;29,571428571428573;24;38,705714285714286;1354,7;16;1,0
c_7068;f;54,51724137931034;27;20,13448275862069;1167,8;34;0,0
c_7069;m;44,69032258064516;67;13,686516129032258;2121,41;79;0,0
c_707;m;35,74545454545454;135;13,427060606060607;4430,93;150;0,0
c_7070;m;26,529411764705884;19;18,786666666666665;958,12;25;0,0
c_7071;f;41,678714859437754;93;13,719397590361446;3416,13;116;0,0
c_7072;m;52,58620689655172;40;14,907413793103448;864,63;26;0,0
c_7073;m;54,642857142857146;11;18,01571428571429;252,22000000000003;6;0,0
c_7074;f;26,666666666666668;8;80,80333333333333;969,64;5;1,0
c_7075;m;33,66891891891892;59;14,352905405405405;2124,23;65;0,0
c_7076;m;59,70909090909091;33;22,210181818181816;1221,56;24;0,0
c_7077;m;34,743589743589745;19;13,786666666666669;537,6800000000001;19;0,0
c_7078;f;56,44444444444444;10;14,966111111111111;269,39;13;0,0
c_7079;f;52,333333333333336;2;21,876666666666665;65,63;3;0,0
c_708;f;44,71111111111111;23;13,465555555555557;605,95;21;0,0
c_7080;f;28,74074074074074;14;25,86074074074074;698,24;11;1,0
c_7081;m;83,57758620689656;85;16,720258620689656;1939,55;57;0,0
c_7082;m;65,74226804123711;49;17,837319587628865;1730,22;42;0,0
c_7083;f;50,69230769230769;88;16,109658119658118;1884,83;48;0,0
c_7084;f;45,66355140186916;45;12,974859813084112;1388,31;59;0,0
c_7085;f;41,75;31;12,00985294117647;816,67;30;0,0
c_7086;f;58,705128205128204;67;21,794358974358975;1699,96;40;0,0
c_7087;f;63,714285714285715;20;18,03607142857143;505,01;15;0,0
c_7088;m;34,73103448275862;49;13,442206896551724;1949,12;71;0,0
c_7089;m;19,75;4;63,99;255,96;1;1,0
c_709;m;41,61224489795919;21;16,12469387755102;790,11;24;0,0
c_7090;m;34,63157894736842;89;12,675175438596492;2889,94;116;0,0
c_7091;f;29,658227848101266;34;25,892025316455697;2045,47;32;1,0
c_7092;f;36,53586497890296;112;11,787637130801688;2793,67;131;0,0
c_7093;f;28,125;4;16,91875;135,35;7;0,0
c_7094;m;69,7;34;13,309000000000001;532,36;18;0,0
c_7095;m;54,74193548387097;26;11,853225806451613;367,45;15;0,0
c_7096;f;54,621212121212125;97;16,604772727272728;2191,83;60;0,0
c_7097;m;60,64705882352941;20;18,110882352941175;615,77;19;0,0
c_7098;f;45,68571428571428;54;12,140642857142858;1699,69;68;0,0
c_7099;f;50,77777777777778;21;18,66814814814815;504,03999999999996;14;0,0
c_71;m;79,57142857142857;7;18,62238095238095;391,07;9;0,0
c_710;m;57,714285714285715;21;16,821607142857143;942,01;24;0,0
c_7100;f;29,785714285714285;9;39,174285714285716;548,44;5;1,0
c_7101;f;38,76106194690266;110;13,0629203539823;2952,22;95;0,0
c_7102;m;38,74903474903475;122;12,392084942084942;3209,55;105;0,0
c_7103;m;53,672413793103445;53;19,220689655172414;1114,8;30;0,0
c_7104;f;41,611111111111114;13;12,074722222222222;434,69;23;0,0
c_7105;m;63,5;10;16,1465;322,93;12;0,0
c_7106;m;38,648648648648646;36;15,055945945945947;1671,21;54;0,0
c_7107;f;17,666666666666668;11;41,422380952380955;869,87;11;1,0
c_7108;f;60,723684210526315;50;16,70565789473684;1269,6299999999999;34;0,0
c_7109;m;55,70229007633588;92;16,57916030534351;2171,87;55;0,0
c_711;m;46,676767676767675;35;11,711919191919192;1159,48;48;0,0
c_7110;f;59,416666666666664;6;13,215000000000002;158,58;8;0,0
c_7111;m;53,74226804123711;58;18,70340206185567;1814,23;49;0,0
c_7112;m;36,78787878787879;32;13,195252525252524;1306,33;43;0,0
c_7113;f;55,55882352941177;27;19,206764705882353;653,03;18;0,0
c_7114;m;48,66216216216216;111;12,552567567567568;2786,67;103;0,0
c_7115;m;44,659574468085104;19;12,600851063829788;592,24;25;0,0
c_7116;m;65,68888888888888;16;16,944444444444443;762,5;20;0,0
c_7117;m;65,70769230769231;38;17,33446153846154;1126,74;32;0,0
c_7118;m;61,69;56;17,845;1784,5;37;0,0
c_7119;f;42,65217391304348;9;16,69086956521739;383,89;15;0,0
c_712;f;54,5;2;19,81;39,62;1;0,0
c_7120;m;48,660377358490564;19;15,350377358490565;813,5699999999999;25;0,0
c_7121;f;61,68;37;14,546266666666668;1090,97;34;0,0
c_7122;f;43,693693693693696;41;11,003153153153152;1221,35;55;0,0
c_7123;m;18,818181818181817;19;13,388333333333334;883,63;24;0,0
c_7124;f;33,421052631578945;11;7,652105263157894;145,39;11;0,0
c_7125;f;43,57446808510638;62;13,218014184397163;1863,74;73;0,0
c_7126;f;28,5;11;56,63285714285714;792,86;9;1,0
c_7127;f;57,80769230769231;69;14,547564102564102;1134,71;37;0,0
c_7128;m;53,5;8;16,72;200,64;7;0,0
c_7129;m;59,79245283018868;24;20,540377358490563;1088,6399999999999;26;0,0
c_713;f;17,363636363636363;8;51,88545454545454;570,74;7;1,0
c_7130;m;82,56862745098039;25;19,45156862745098;992,03;34;0,0
c_7131;f;39,75247524752475;46;11,828217821782179;1194,65;48;0,0
c_7132;f;40,65;10;14,6465;292,93;11;0,0
c_7133;m;42,4;20;12,241428571428571;428,45;24;0,0
c_7134;f;40,608695652173914;35;11,696304347826086;1076,06;48;0,0
c_7135;m;25,728813559322035;35;46,80169491525424;2761,3;32;1,0
c_7136;f;63,38095238095238;10;16,52857142857143;347,09999999999997;14;0,0
c_7137;f;41,56701030927835;41;14,152989690721649;1372,84;50;0,0
c_7138;m;38,645390070921984;54;13,646737588652483;1924,19;62;0,0
c_7139;f;66,58823529411765;13;12,900588235294117;219,31;10;0,0
c_714;f;41,67669172932331;53;11,71593984962406;1558,22;65;0,0
c_7140;m;40,607142857142854;22;10,623035714285715;594,89;30;0,0
c_7141;f;25,51219512195122;18;21,74170731707317;891,41;21;1,0
c_7142;f;52,575;29;20,90675;836,27;23;0,0
c_7143;m;33,64655172413793;46;14,059741379310346;1630,93;62;0,0
c_7144;f;37,66981132075472;90;12,272499999999999;2601,77;103;0,0
c_7145;f;19,822222222222223;15;24,87422222222222;1119,34;17;1,0
c_7146;m;50,69047619047619;49;16,621547619047618;1396,21;42;0,0
c_7147;m;38,65608465608466;84;15,076455026455026;2849,45;99;0,0
c_7148;m;60,68627450980392;37;19,67235294117647;1003,29;28;0,0
c_7149;f;41,724137931034484;14;11,074137931034482;321,15;15;0,0
c_715;m;78,77165354330708;96;17,12007874015748;2174,25;62;0,0
c_7150;f;34,666666666666664;132;12,723663663663663;4236,98;144;0,0
c_7151;f;22,857142857142858;15;62,21999999999999;1742,1599999999999;12;1,0
c_7152;m;26,285714285714285;4;19,49285714285714;136,45;6;0,0
c_7153;f;57,8;39;14,377111111111113;646,97;20;0,0
c_7154;m;17,657894736842106;32;56,48394736842105;2146,39;19;1,0
c_7155;m;28,772727272727273;20;52,01227272727272;1144,27;12;1,0
c_7156;m;27,666666666666668;25;33,395;1001,85;13;1,0
c_7157;m;27,9;7;26,857;268,57;4;1,0
c_7158;m;17,2;5;84,382;421,91;4;1,0
c_7159;m;68,66666666666667;64;15,584358974358974;1215,58;37;0,0
c_716;f;23,5609756097561;22;47,65365853658537;1953,8;23;1,0
c_7160;m;46,46666666666667;9;11,129333333333333;166,94;10;0,0
c_7161;f;65,6952380952381;86;17,232761904761905;1809,44;52;0,0
c_7162;m;29,473684210526315;11;48,42052631578947;919,99;9;1,0
c_7163;f;43,666666666666664;58;12,589583333333334;1812,9;69;0,0
c_7164;m;28,53191489361702;25;36,8095744680851;1730,05;26;1,0
c_7165;f;38,645161290322584;31;13,673548387096774;847,76;29;0,0
c_7166;m;23,543478260869566;20;39,26391304347826;1806,14;26;1,0
c_7167;m;31,621145374449338;96;12,699691629955947;2882,83;106;0,0
c_7168;m;65,68181818181819;11;13,465454545454547;296,24;11;0,0
c_7169;m;51,6875;66;14,267375000000001;1141,39;39;0,0
c_717;m;25,5;13;44,63730769230769;1160,57;13;1,0
c_7170;m;37,542857142857144;17;12,236285714285714;428,27;22;0,0
c_7171;m;19,666666666666668;9;47,843333333333334;430,59;5;1,0
c_7172;f;34,62874251497006;69;14,901556886227544;2488,56;83;0,0
c_7173;m;48,27777777777778;8;13,092222222222222;235,66;17;0,0
c_7174;f;87,64383561643835;56;14,904794520547945;1088,05;36;0,0
c_7175;m;18,4;5;61,605999999999995;308,03;4;1,0
c_7176;f;70,69491525423729;89;17,214322033898306;2031,29;57;0,0
c_7177;f;47,527027027027025;28;16,84635135135135;1246,6299999999999;42;0,0
c_7178;m;62,5521472392638;115;17,503926380368096;2853,14;84;0,0
c_7179;m;45,87931034482759;20;12,725517241379311;738,08;24;0,0
c_718;m;17,857142857142858;36;43,69892857142857;2447,14;21;1,0
c_7180;f;62,70175438596491;47;16,76157894736842;955,41;25;0,0
c_7181;f;29,58823529411765;13;36,35058823529412;617,96;10;1,0
c_7182;f;66,61261261261261;76;15,724234234234233;1745,3899999999999;58;0,0
c_7183;m;38,46153846153846;15;12,930576923076924;672,39;31;0,0
c_7184;m;65,69565217391305;78;15,691652173913043;1804,54;51;0,0
c_7185;f;31,772727272727273;45;11,951931818181817;1051,77;34;0,0
c_7186;m;42,6258064516129;61;13,287999999999998;2059,64;74;0,0
c_7187;f;85,76470588235294;29;14,607058823529412;496,64;15;0,0
c_7188;m;47,77777777777778;58;12,358055555555556;1779,56;63;0,0
c_7189;f;65,71052631578948;22;17,511842105263156;665,4499999999999;19;0,0
c_719;f;17,7;38;69,577;3478,85;24;1,0
c_7190;m;68,53846153846153;17;14,99;389,74;14;0,0
c_7191;f;74,11764705882354;6;19,454117647058823;330,71999999999997;15;0,0
c_7192;f;20,82857142857143;13;31,11742857142857;1089,11;16;1,0
c_7193;f;39,77777777777778;28;15,519444444444442;1117,3999999999999;30;0,0
c_7194;f;33,678048780487806;85;12,82570731707317;2629,27;105;0,0
c_7195;f;55,2;7;21,237000000000002;212,37;8;0,0
c_7196;f;46,712418300653596;70;12,394575163398692;1896,37;70;0,0
c_7197;f;61,75;44;16,29357142857143;912,4399999999999;23;0,0
c_7198;m;54,68036529680365;129;17,475981735159817;3827,24;96;0,0
c_7199;f;21,875;16;23,491071428571427;1315,5;16;1,0
c_72;m;53,7037037037037;20;17,198888888888888;928,74;17;0,0
c_720;f;61,891891891891895;23;15,28027027027027;565,37;13;0,0
c_7200;m;54,71621621621622;60;18,026486486486487;1333,96;31;0,0
c_7201;m;38,74305555555556;115;11,81201388888889;3401,86;114;0,0
c_7202;f;17,41176470588235;5;12,792352941176471;217,47;15;0,0
c_7203;f;56,35;14;17,87225;714,89;26;0,0
c_7204;f;29,659574468085108;18;30,988510638297875;1456,46;19;1,0
c_7205;m;50,64150943396226;36;17,153584905660377;909,14;24;0,0
c_7206;m;42,42622950819672;28;18,462459016393442;1126,21;45;0,0
c_7207;m;41,666666666666664;29;14,188636363636363;936,4499999999999;28;0,0
c_7208;m;42,65337423312884;144;13,084969325153374;4265,7;150;0,0
c_7209;m;43,88235294117647;13;11,813529411764705;401,65999999999997;16;0,0
c_721;f;72,71551724137932;91;16,61344827586207;1927,16;51;0,0
c_7210;f;52,66101694915254;51;17,720677966101693;1045,52;26;0,0
c_7211;m;45,630630630630634;89;13,104954954954955;2909,3;107;0,0
c_7212;f;46,67158671586716;131;14,1590036900369;3837,09;135;0,0
c_7213;m;42,55339805825243;47;12,288932038834952;1265,76;50;0,0
c_7214;f;39,75;8;16,5765625;530,45;17;0,0
c_7215;f;39,476190476190474;9;12,371428571428572;259,8;16;0,0
c_7216;m;41,74626865671642;80;12,81592039800995;2576,0;85;0,0
c_7217;f;45,6243093922652;74;13,35917127071823;2418,0099999999998;81;0,0
c_7218;f;35,66242038216561;64;11,864076433121019;1862,66;81;0,0
c_7219;f;55,59701492537314;89;16,613432835820895;2226,2;66;0,0
c_722;f;34,63841807909605;79;13,700677966101695;2425,02;90;0,0
c_7220;m;41,69230769230769;27;13,791153846153845;717,14;28;0,0
c_7221;f;62,62352941176471;46;16,46529411764706;1399,55;44;0,0
c_7222;f;25,729166666666668;39;56,930625;2732,67;24;1,0
c_7223;f;50,951219512195124;33;18,498780487804876;758,4499999999999;17;0,0
c_7224;f;63,5;14;14,525454545454545;319,56;18;0,0
c_7225;f;21,666666666666668;9;38,05555555555556;342,5;4;1,0
c_7226;f;47,73480662983425;76;12,680276243093923;2295,13;76;0,0
c_7227;f;55,8;50;17,312;1038,72;27;0,0
c_7228;m;44,42857142857143;13;16,963333333333335;356,23;13;0,0
c_7229;m;29,533333333333335;9;18,581333333333337;278,72;9;0,0
c_723;f;18,4;4;81,818;409,09;3;1,0
c_7230;f;29,84313725490196;21;25,739019607843137;1312,69;28;1,0
c_7231;f;50,6578947368421;24;18,61842105263158;707,5;22;0,0
c_7232;f;91,67073170731707;98;17,853597560975608;2927,99;78;0,0
c_7233;f;20,833333333333332;18;54,66222222222222;983,92;8;1,0
c_7234;f;17,595744680851062;24;43,09595744680851;2025,51;22;1,0
c_7235;f;46,73684210526316;124;13,419013157894737;4079,38;143;0,0
c_7236;f;40,773148148148145;93;12,157731481481482;2626,07;91;0,0
c_7237;f;21,547619047619047;28;35,87785714285714;1506,87;24;1,0
c_7238;m;54,705882352941174;60;18,296470588235294;1244,16;28;0,0
c_7239;f;17,181818181818183;6;40,166363636363634;441,83;10;1,0
c_724;m;58,689655172413794;42;16,29603448275862;945,17;29;0,0
c_7240;m;43,671826625387;133;14,075417956656345;4546,36;150;0,0
c_7241;m;35,56842105263158;42;13,661684210526314;1297,86;49;0,0
c_7242;f;30,775862068965516;24;12,274999999999999;711,9499999999999;27;0,0
c_7243;f;64,63333333333334;28;14,212333333333333;426,37;14;0,0
c_7244;f;43,73162939297124;138;13,515974440894569;4230,5;131;0,0
c_7245;f;38,666666666666664;103;15,422264957264957;3608,81;110;0,0
c_7246;m;45,67027027027027;77;13,388756756756758;2476,92;80;0,0
c_7247;m;62,65;34;15,174000000000001;606,96;21;0,0
c_7248;m;53,625;10;21,420625;342,73;10;0,0
c_7249;f;28,75438596491228;31;56,005614035087724;3192,32;22;1,0
c_725;f;57,64705882352941;27;13,325882352941177;453,08;19;0,0
c_7250;m;43,730923694779115;94;12,449598393574297;3099,95;106;0,0
c_7251;m;20,608695652173914;16;45,31;1042,13;16;1,0
c_7252;m;42,71578947368421;41;13,150105263157895;1249,26;38;0,0
c_7253;f;47,59615384615385;39;13,104615384615384;1362,8799999999999;51;0,0
c_7254;f;79,57894736842105;16;18,185263157894735;345,52;10;0,0
c_7255;m;38,0;2;12,828;64,14;5;0,0
c_7256;m;25,627906976744185;30;38,450930232558136;1653,3899999999999;20;1,0
c_7257;f;17,76923076923077;12;50,21192307692308;1305,51;13;1,0
c_7258;f;40,666666666666664;54;13,524324324324324;1501,2;53;0,0
c_7259;m;44,48684210526316;27;12,227763157894737;929,31;45;0,0
c_726;m;27,5;4;13,332857142857142;186,66;7;0,0
c_7260;m;22,93103448275862;21;30,773448275862066;892,43;11;1,0
c_7261;m;17,75862068965517;16;46,454482758620685;1347,1799999999998;11;1,0
c_7262;f;42,69736842105263;101;14,275833333333333;3254,89;118;0,0
c_7263;f;33,62032085561497;97;13,103262032085562;2450,31;88;0,0
c_7264;f;19,6;5;39,766000000000005;198,83;3;1,0
c_7265;m;30,558139534883722;37;13,509883720930231;1161,85;55;0,0
c_7266;m;17,585365853658537;26;36,91609756097561;1513,56;19;1,0
c_7267;m;43,68064516129032;110;12,322225806451613;3819,89;142;0,0
c_7268;f;36,679611650485434;43;14,565242718446601;1500,22;47;0,0
c_7269;f;38,73913043478261;114;13,276123188405798;3664,21;111;0,0
c_727;m;34,78125;16;16,7653125;536,49;12;0,0
c_7270;f;43,59090909090909;23;13,039545454545454;573,74;24;0,0
c_7271;f;47,76190476190476;22;11,643571428571429;489,03;19;0,0
c_7272;m;20,705882352941178;31;43,3385294117647;1473,51;16;1,0
c_7273;f;54,52;17;13,6532;341,33;14;0,0
c_7274;m;19,565217391304348;33;59,28695652173913;2727,2;24;1,0
c_7275;m;75,7;18;12,9755;259,51;12;0,0
c_7276;m;59,56;19;11,725999999999999;293,15;15;0,0
c_7277;f;33,42307692307692;20;12,204038461538461;634,61;33;0,0
c_7278;f;48,549180327868854;46;13,017377049180327;1588,12;61;0,0
c_7279;m;35,66120218579235;76;13,53792349726776;2477,44;91;0,0
c_728;m;70,33333333333333;5;18,323333333333334;109,94;5;0,0
c_7280;m;41,839506172839506;26;13,755061728395063;1114,16;39;0,0
c_7281;m;36,48148148148148;14;11,924444444444443;321,96;14;0,0
c_7282;f;41,526315789473685;67;11,137719298245614;1904,55;89;0,0
c_7283;m;57,57692307692308;12;14,604230769230771;379,71000000000004;11;0,0
c_7284;m;40,67226890756302;45;14,498067226890756;1725,27;51;0,0
c_7285;f;32,732142857142854;24;12,626607142857143;707,09;25;0,0
c_7286;f;50,62162162162162;27;15,16810810810811;561,22;21;0,0
c_7287;f;43,721311475409834;20;13,029344262295082;794,79;31;0,0
c_7288;f;65,6;6;14,645;146,45;8;0,0
c_7289;f;66,75757575757575;16;23,43060606060606;773,2099999999999;11;0,0
c_729;f;50,63551401869159;88;16,902803738317758;1808,6;53;0,0
c_7290;f;59,55555555555556;23;13,981388888888889;503,33;19;0,0
c_7291;m;62,61904761904762;74;17,00047619047619;1428,04;40;0,0
c_7292;f;32,8;19;15,126399999999999;756,3199999999999;22;0,0
c_7293;m;19,634146341463413;16;21,857073170731706;896,14;17;1,0
c_7294;f;55,72164948453608;71;16,34422680412371;1585,3899999999999;43;0,0
c_7295;f;35,656716417910445;80;13,488308457711444;2711,15;102;0,0
c_7296;f;17,88235294117647;14;39,27529411764706;667,68;8;1,0
c_7297;f;30,53125;25;13,804375;883,48;37;0,0
c_7298;m;22,581818181818182;28;29,34272727272727;1613,85;30;1,0
c_7299;m;38,68478260869565;80;13,044565217391304;2400,2;89;0,0
c_73;m;34,661764705882355;59;13,934411764705882;1895,08;68;0,0
c_730;f;52,71232876712329;49;17,807534246575344;1299,95;35;0,0
c_7300;f;41,72314049586777;94;12,469504132231405;3017,62;113;0,0
c_7301;f;53,5;8;14,970833333333335;538,95;20;0,0
c_7302;f;46,67741935483871;26;14,94258064516129;926,4399999999999;29;0,0
c_7303;f;51,813559322033896;51;16,893389830508475;996,71;25;0,0
c_7304;m;44,66816143497758;92;12,97726457399103;2893,93;103;0,0
c_7305;m;49,62264150943396;21;13,394150943396227;709,89;27;0,0
c_7306;f;52,671875;31;15,8871875;1016,78;30;0,0
c_7307;m;28,375;8;107,89999999999999;863,1999999999999;5;1,0
c_7308;m;68,6470588235294;23;15,603235294117647;530,51;16;0,0
c_7309;m;20,952380952380953;16;36,99952380952381;1553,98;16;1,0
c_731;f;54,795918367346935;11;15,021836734693876;736,0699999999999;17;0,0
c_7310;m;42,670731707317074;75;12,980853658536587;2128,86;83;0,0
c_7311;m;28,652173913043477;14;31,36391304347826;721,37;13;1,0
c_7312;m;21,90909090909091;35;41,88254545454545;2303,54;25;1,0
c_7313;f;25,6984126984127;19;17,991111111111113;1133,44;32;0,0
c_7314;m;20,666666666666668;2;30,216666666666665;90,64999999999999;3;1,0
c_7315;f;67,63888888888889;29;18,578055555555554;668,81;20;0,0
c_7316;f;37,632183908045974;42;13,691494252873564;1191,16;44;0,0
c_7317;f;40,642857142857146;29;11,839464285714286;663,01;28;0,0
c_7318;m;57,583333333333336;12;14,734166666666667;176,81;6;0,0
c_7319;f;47,67385444743935;145;13,896954177897573;5155,7699999999995;159;0,0
c_732;m;28,6875;20;35,548125;1137,54;15;1,0
c_7320;m;40,84444444444444;13;13,113777777777777;590,12;21;0,0
c_7321;m;36,52;13;11,6296;290,74;15;0,0
c_7322;f;61,535714285714285;13;19,12892857142857;535,61;14;0,0
c_7323;m;58,71527777777778;98;18,254444444444445;2628,64;63;0,0
c_7324;f;34,82222222222222;32;14,116999999999999;1270,53;36;0,0
c_7325;f;42,5;2;26,61;53,22;1;0,0
c_7326;m;22,692307692307693;33;55,751794871794864;2174,3199999999997;16;1,0
c_7327;f;20,741935483870968;11;29,23032258064516;906,14;11;1,0
c_7328;m;27,82857142857143;22;50,08914285714285;1753,12;16;1,0
c_7329;m;17,61111111111111;10;65,52555555555556;1179,46;9;1,0
c_733;m;17,7;8;25,5885;511,77;7;1,0
c_7330;f;45,8448275862069;18;13,464137931034482;780,92;26;0,0
c_7331;m;22,470588235294116;11;40,33176470588235;685,64;9;1,0
c_7332;f;66,5;4;20,89;83,56;2;0,0
c_7333;m;56,666666666666664;9;12,295833333333333;147,54999999999998;6;0,0
c_7334;f;45,666666666666664;12;12,736190476190476;267,46;11;0,0
c_7335;m;39,72549019607843;13;14,022745098039215;715,16;21;0,0
c_7336;m;40,640449438202246;25;11,781348314606742;1048,54;39;0,0
c_7337;m;19,526315789473685;17;42,24263157894737;802,61;12;1,0
c_7338;f;43,6578073089701;120;12,59514950166113;3791,14;142;0,0
c_7339;m;27,76923076923077;8;25,942307692307693;337,25;8;1,0
c_734;f;80,63917525773196;63;14,084845360824742;1366,23;45;0,0
c_7340;m;41,625;52;14,036875;1347,54;53;0,0
c_7341;f;58,25;3;16,869999999999997;67,47999999999999;3;0,0
c_7342;m;40,60919540229885;33;12,506436781609194;1088,06;50;0,0
c_7343;f;71,76404494382022;77;15,639213483146069;1391,89;41;0,0
c_7344;m;57,60629921259842;103;16,856692913385828;2140,8;59;0,0
c_7345;f;24,586206896551722;26;50,971724137931034;1478,18;18;1,0
c_7346;m;17,5;8;28,495;227,96;5;1,0
c_7347;f;77,65384615384616;42;17,754615384615384;923,24;25;0,0
c_7348;m;17,767441860465116;49;47,71569767441861;4103,55;33;1,0
c_7349;f;74,59482758620689;100;17,11646551724138;1985,51;60;0,0
c_735;m;22,55223880597015;34;24,188507462686566;1620,6299999999999;35;1,0
c_7350;f;43,61165048543689;38;12,367864077669903;1273,89;52;0,0
c_7351;m;22,69090909090909;34;49,68654545454545;2732,7599999999998;23;1,0
c_7352;m;41,411764705882355;8;12,659411764705883;215,21;13;0,0
c_7353;m;34,58870967741935;47;12,758790322580644;1582,09;61;0,0
c_7354;f;40,48936170212766;24;15,235106382978723;716,05;30;0,0
c_7355;m;63,6875;24;18,411875000000002;589,1800000000001;14;0,0
c_7356;f;22,607142857142858;21;56,192142857142855;1573,3799999999999;15;1,0
c_7357;m;65,60526315789474;92;18,54385964912281;2114,0;60;0,0
c_7358;f;17,70909090909091;30;54,89927272727273;3019,46;25;1,0
c_7359;f;49,65853658536585;35;14,071951219512195;1153,9;44;0,0
c_736;f;44,65384615384615;17;15,282499999999999;794,6899999999999;28;0,0
c_7360;f;18,62962962962963;12;18,538148148148146;500,53;14;1,0
c_7361;f;33,637362637362635;49;13,606813186813188;1238,22;50;0,0
c_7362;m;44,65;49;14,604;1460,3999999999999;43;0,0
c_7363;f;39,75;26;15,327272727272726;674,4;20;0,0
c_7364;f;49,56666666666667;70;13,7582;2063,73;73;0,0
c_7365;m;18,473684210526315;11;66,72157894736843;1267,71;10;1,0
c_7366;f;38,59375;17;12,6421875;404,55;17;0,0
c_7367;m;42,68292682926829;18;18,08560975609756;741,51;17;0,0
c_7368;m;72,65891472868218;99;16,177674418604653;2086,92;59;0,0
c_7369;f;39,6219512195122;34;13,55560975609756;1111,56;38;0,0
c_737;f;27,444444444444443;5;13,758888888888889;123,83;5;0,0
c_7370;f;60,666666666666664;21;16,4625;592,65;16;0,0
c_7371;m;23,428571428571427;19;40,03214285714286;1681,35;24;1,0
c_7372;m;40,6;9;18,658;559,74;16;0,0
c_7373;f;37,473684210526315;18;12,040526315789474;457,54;21;0,0
c_7374;m;43,57364341085271;64;13,758294573643411;1774,82;64;0,0
c_7375;m;26,76;13;22,451999999999998;561,3;15;1,0
c_7376;f;54,6;22;16,85457142857143;589,91;15;0,0
c_7377;f;61,689655172413794;24;22,575862068965513;654,6999999999999;13;0,0
c_7378;m;30,50943396226415;20;10,83867924528302;574,45;27;0,0
c_7379;m;59,59615384615385;25;16,424615384615382;854,0799999999999;24;0,0
c_738;f;67,73846153846154;57;14,153538461538462;919,98;28;0,0
c_7380;f;88,95238095238095;12;14,595714285714285;306,51;11;0,0
c_7381;f;44,76543209876543;62;13,134382716049382;2127,77;67;0,0
c_7382;f;61,6875;13;18,22;291,52;7;0,0
c_7383;f;40,765151515151516;106;13,319128787878787;3516,25;110;0,0
c_7384;m;53,78688524590164;36;19,29688524590164;1177,11;29;0,0
c_7385;m;55,80769230769231;17;14,198076923076922;369,15;10;0,0
c_7386;f;43,55223880597015;67;13,257164179104478;1776,46;72;0,0
c_7387;m;67,67469879518072;66;16,609879518072287;1378,62;39;0,0
c_7388;m;44,69642857142857;117;13,548499999999999;3793,58;140;0,0
c_7389;m;23,666666666666668;3;60,24333333333333;180,73;2;1,0
c_739;m;51,583333333333336;19;15,001944444444442;540,0699999999999;15;0,0
c_7390;f;18,7;47;56,364;4509,12;37;1,0
c_7391;m;66,71875;22;16,094375;515,02;14;0,0
c_7392;m;67,78571428571429;14;17,127142857142857;239,78;6;0,0
c_7393;m;29,736842105263158;11;39,38473684210527;748,3100000000001;9;1,0
c_7394;f;54,611570247933884;69;16,142148760330578;1953,2;59;0,0
c_7395;m;25,658536585365855;33;37,13341463414634;1522,47;17;1,0
c_7396;m;62,78260869565217;110;17,64149068322981;2840,2799999999997;67;0,0
c_7397;f;49,714285714285715;8;15,981428571428571;223,74;7;0,0
c_7398;m;36,63529411764706;22;16,695529411764703;1419,12;36;0,0
c_7399;f;33,411764705882355;9;16,77823529411765;285,23;10;0,0
c_74;f;31,735294117647058;26;13,48014705882353;916,65;31;0,0
c_740;m;26,6046511627907;28;73,78906976744187;3172,9300000000003;22;1,0
c_7400;m;54,78787878787879;12;14,782121212121211;487,81;13;0,0
c_7401;m;41,66816143497758;89;12,137040358744395;2706,56;104;0,0
c_7402;m;76,86363636363636;15;19,10590909090909;420,33;9;0,0
c_7403;f;51,78658536585366;123;15,809329268292682;2592,73;66;0,0
c_7404;m;45,30769230769231;6;16,05153846153846;208,67;9;0,0
c_7405;m;39,62992125984252;40;11,226062992125984;1425,71;58;0,0
c_7406;m;33,699029126213595;42;13,716893203883494;1412,84;47;0,0
c_7407;f;39,825;24;15,218;1217,44;32;0,0
c_7408;m;42,78;22;13,0776;653,88;18;0,0
c_7409;f;46,65625;23;13,81078125;883,89;28;0,0
c_741;f;34,67796610169491;25;12,96457627118644;764,91;28;0,0
c_7410;m;31,78688524590164;28;12,582295081967214;767,52;23;0,0
c_7411;f;19,652173913043477;14;15,666521739130435;360,33;11;0,0
c_7412;f;20,285714285714285;5;40,91571428571429;286,41;5;1,0
c_7413;f;22,833333333333332;6;39,449999999999996;236,7;2;1,0
c_7414;m;53,796875;22;14,694374999999999;940,4399999999999;25;0,0
c_7415;m;47,53846153846154;48;11,497094017094017;1345,16;66;0,0
c_7416;m;88,63636363636364;41;14,364181818181818;790,03;29;0,0
c_7417;f;49,61691542288557;75;12,533134328358209;2519,16;90;0,0
c_7418;m;34,77835051546392;74;14,395412371134022;2792,71;81;0,0
c_7419;f;58,6219512195122;60;17,29121951219512;1417,8799999999999;31;0,0
c_742;m;43,568627450980394;53;14,902549019607845;2280,09;75;0,0
c_7420;f;52,65384615384615;18;19,18769230769231;498,88;14;0,0
c_7421;m;43,693931398416886;155;13,325065963060686;5050,2;170;0,0
c_7422;f;45,61666666666667;45;13,959583333333335;1675,15;57;0,0
c_7423;m;35,642857142857146;19;14,826428571428572;622,71;20;0,0
c_7424;m;55,60526315789474;71;14,906315789473682;1132,8799999999999;41;0,0
c_7425;f;53,69491525423729;56;14,370677966101695;847,87;26;0,0
c_7426;m;30,714285714285715;31;17,12017857142857;958,73;24;0,0
c_7427;f;56,63636363636363;15;14,576666666666666;481,03;23;0,0
c_7428;f;56,75;13;14,1725;283,45;10;0,0
c_7429;m;29,0;1;17,006;85,03;5;0,0
c_743;f;53,25;7;11,409999999999998;136,92;10;0,0
c_7430;f;20,545454545454547;8;48,86636363636364;537,53;6;1,0
c_7431;m;52,86206896551724;16;17,997931034482757;521,9399999999999;14;0,0
c_7432;m;53,74285714285714;23;21,202857142857145;742,1;16;0,0
c_7433;m;56,91304347826087;16;17,84695652173913;820,96;19;0,0
c_7434;f;69,7948717948718;25;15,215384615384615;593,4;16;0,0
c_7435;m;50,484848484848484;17;14,395454545454546;475,05;18;0,0
c_7436;f;48,5;7;10,2375;204,75;10;0,0
c_7437;m;51,285714285714285;8;15,920714285714284;222,89;10;0,0
c_7438;m;24,58139534883721;19;38,911162790697674;1673,18;31;1,0
c_7439;f;30,764331210191084;66;14,036369426751593;2203,71;66;0,0
c_744;f;30,48;12;16,4756;411,89;14;0,0
c_7440;m;33,829268292682926;18;13,281219512195122;544,53;22;0,0
c_7441;f;68,70833333333333;23;16,348541666666666;784,73;24;0,0
c_7442;m;72,52173913043478;40;13,29695652173913;917,49;34;0,0
c_7443;f;17,75;9;44,63999999999999;535,68;6;1,0
c_7444;m;17,575757575757574;21;31,687575757575754;1045,6899999999998;21;1,0
c_7445;f;46,59183673469388;26;11,297346938775508;553,5699999999999;27;0,0
c_7446;f;58,666666666666664;15;18,54095238095238;389,35999999999996;12;0,0
c_7447;m;34,71910112359551;67;11,804269662921348;2101,16;86;0,0
c_7448;m;27,84285714285714;42;43,04628571428571;3013,24;27;1,0
c_7449;f;66,72631578947369;63;14,804736842105264;1406,45;45;0,0
c_745;f;54,74285714285714;30;20,692857142857143;724,25;20;0,0
c_7450;m;47,78102189781022;58;12,014160583941607;1645,94;61;0,0
c_7451;f;56,888888888888886;22;9,145925925925926;246,94;7;0,0
c_7452;f;60,577777777777776;35;17,064888888888888;767,92;28;0,0
c_7453;m;35,68231046931408;110;12,321552346570398;3413,07;131;0,0
c_7454;f;26,614035087719298;23;22,932105263157894;1307,1299999999999;29;1,0
c_7455;m;32,666666666666664;13;11,856923076923078;462,42;18;0,0
c_7456;f;36,62566844919786;92;11,985828877005346;2241,35;91;0,0
c_7457;m;49,473684210526315;20;17,992631578947368;683,72;20;0,0
c_7458;f;46,6;12;14,779;443,37;14;0,0
c_7459;m;64,79;76;19,1008;1910,08;41;0,0
c_746;m;37,59701492537314;22;14,310298507462687;958,79;30;0,0
c_7460;f;47,72108843537415;46;14,464285714285714;2126,25;74;0,0
c_7461;f;18,875;8;36,6425;293,14;4;1,0
c_7462;f;29,73846153846154;36;38,46276923076923;2500,08;30;1,0
c_7463;f;62,74074074074074;41;14,519814814814813;784,0699999999999;23;0,0
c_7464;f;20,71698113207547;25;21,59188679245283;1144,37;24;1,0
c_7465;f;45,65979381443299;76;13,117319587628865;2544,7599999999998;91;0,0
c_7466;f;17,64;28;60,3266;3016,33;27;1,0
c_7467;m;21,435897435897434;25;32,79025641025641;1278,82;26;1,0
c_7468;m;24,1875;9;37,70125;603,22;13;1,0
c_7469;m;65,66355140186916;77;16,558971962616823;1771,81;49;0,0
c_747;f;35,806451612903224;39;14,508924731182795;1349,33;40;0,0
c_7470;f;62,78358208955224;70;21,5155223880597;2883,08;48;0,0
c_7471;f;52,541666666666664;34;17,188541666666666;825,05;25;0,0
c_7472;f;17,73076923076923;17;52,37423076923077;1361,73;13;1,0
c_7473;f;85,63529411764706;66;16,879411764705882;1434,75;36;0,0
c_7474;m;67,61904761904762;36;17,192619047619047;722,09;23;0,0
c_7475;f;53,64102564102564;29;16,115641025641025;628,51;17;0,0
c_7476;m;55,625;18;16,3328125;522,65;19;0,0
c_7477;f;25,5;17;41,15107142857143;1152,23;14;1,0
c_7478;f;37,56;16;17,145599999999998;428,64;14;0,0
c_7479;f;69,66666666666667;7;22,25583333333333;267,07;7;0,0
c_748;m;74,59154929577464;57;15,74788732394366;1118,1;39;0,0
c_7480;m;38,72727272727273;33;15,359898989898989;1520,6299999999999;36;0,0
c_7481;m;35,375;7;12,369375;197,91;13;0,0
c_7482;f;59,44;19;12,7804;319,51;15;0,0
c_7483;m;17,825;29;67,24225;2689,69;17;1,0
c_7484;m;37,75949367088607;26;13,596708860759495;1074,14;33;0,0
c_7485;m;19,75609756097561;24;48,15707317073171;1974,44;20;1,0
c_7486;m;74,65384615384616;20;21,239038461538463;1104,43;25;0,0
c_7487;f;46,69642857142857;31;12,03125;673,75;26;0,0
c_7488;m;26,7;12;21,338;640,14;9;0,0
c_7489;m;37,66938775510204;99;13,008408163265306;3187,06;127;0,0
c_749;f;17,642857142857142;11;46,305;648,27;7;1,0
c_7490;f;29,73076923076923;23;60,95769230769231;1584,9;12;1,0
c_7491;f;18,5;7;40,27625;322,21;6;1,0
c_7492;f;27,724137931034484;46;40,085402298850575;3487,43;35;1,0
c_7493;f;65,6875;33;17,225625;1378,05;40;0,0
c_7494;f;26,533333333333335;15;46,188;1385,64;18;1,0
c_7495;m;39,68711656441718;68;14,986134969325152;2442,74;90;0,0
c_7496;m;76,85483870967742;34;17,480806451612903;1083,81;19;0,0
c_7497;m;61,48275862068966;25;12,485862068965517;362,09;18;0,0
c_7498;m;64,5625;12;21,510625;344,17;10;0,0
c_7499;f;44,64802631578947;138;12,004605263157895;3649,4;141;0,0
c_75;f;37,76923076923077;27;14,258615384615384;926,81;27;0,0
c_750;m;18,11111111111111;6;67,48666666666666;607,38;8;1,0
c_7500;m;34,66326530612245;39;11,251734693877552;1102,67;44;0,0
c_7501;m;52,90909090909091;8;19,626363636363635;215,89;4;0,0
c_7502;m;44,71604938271605;35;12,901358024691358;1045,01;37;0,0
c_7503;f;23,69047619047619;21;45,39785714285714;1906,71;21;1,0
c_7504;f;55,59090909090909;30;15,263030303030304;1007,36;30;0,0
c_7505;m;17,83050847457627;27;23,469830508474576;1384,72;24;1,0
c_7506;f;42,584;46;12,18696;1523,37;61;0,0
c_7507;m;40,59583333333333;102;13,590458333333334;3261,71;113;0,0
c_7508;m;32,68235294117647;71;14,078470588235295;2393,34;82;0,0
c_7509;f;52,69117647058823;57;17,007941176470588;1156,54;34;0,0
c_751;m;59,6578947368421;60;16,311184210526317;1239,65;36;0,0
c_7510;f;58,583333333333336;12;14,666666666666666;176,0;6;0,0
c_7511;f;31,756944444444443;77;15,031319444444446;2164,51;69;0,0
c_7512;m;73,72368421052632;45;16,53157894736842;1256,3999999999999;41;0,0
c_7513;m;47,786764705882355;52;15,648970588235292;2128,2599999999998;64;0,0
c_7514;f;31,816666666666666;25;13,236999999999998;794,2199999999999;30;0,0
c_7515;f;54,64102564102564;23;13,866923076923076;540,81;20;0,0
c_7516;f;78,78571428571429;19;20,12892857142857;563,61;12;0,0
c_7517;f;64,6;19;14,227499999999997;284,54999999999995;14;0,0
c_7518;m;26,956521739130434;5;20,168260869565216;463,87;8;0,0
c_7519;m;39,60493827160494;26;16,786296296296296;1359,69;38;0,0
c_752;m;31,626373626373628;41;14,186043956043957;1290,93;45;0,0
c_7520;f;24,547169811320753;31;40,901698113207544;2167,79;30;1,0
c_7521;m;46,6271186440678;31;13,175254237288136;777,34;27;0,0
c_7522;f;35,64356435643565;35;12,925643564356436;1305,49;55;0,0
c_7523;m;65,6304347826087;37;16,36782608695652;752,92;21;0,0
c_7524;f;21,5;15;50,566500000000005;1011,33;12;1,0
c_7525;f;54,52;42;18,3434;917,17;25;0,0
c_7526;f;47,644067796610166;119;12,954847457627118;3821,68;135;0,0
c_7527;m;56,791666666666664;15;17,263749999999998;414,33;9;0,0
c_7528;m;53,638888888888886;15;21,159166666666668;761,73;19;0,0
c_7529;m;80,6;59;18,088615384615384;1175,76;34;0,0
c_753;f;39,77358490566038;44;15,090188679245282;1599,56;42;0,0
c_7530;f;53,59090909090909;38;15,623181818181818;687,42;21;0,0
c_7531;m;58,64957264957265;89;17,562735042735046;2054,84;54;0,0
c_7532;f;48,63809523809524;43;10,40857142857143;1092,9;51;0,0
c_7533;f;17,958333333333332;24;40,73458333333333;1955,26;20;1,0
c_7534;m;29,5;2;100,99;201,98;1;1,0
c_7535;m;36,0;13;14,44090909090909;635,4;21;0,0
c_7536;f;36,620879120879124;88;11,933021978021978;2171,81;85;0,0
c_7537;f;27,64;11;30,9468;773,67;9;1,0
c_7538;f;79,6774193548387;25;17,784516129032255;551,3199999999999;17;0,0
c_7539;f;34,642857142857146;48;13,57095238095238;1709,94;56;0,0
c_754;m;31,59090909090909;11;12,885454545454547;283,48;11;0,0
c_7540;f;26,606060606060606;15;56,92393939393939;1878,49;16;1,0
c_7541;m;26,692307692307693;13;68,13538461538461;885,76;7;1,0
c_7542;m;62,64;19;23,157999999999998;578,9499999999999;13;0,0
c_7543;m;34,6578947368421;28;13,168552631578947;1000,81;33;0,0
c_7544;f;27,72972972972973;27;62,784324324324324;2323,02;16;1,0
c_7545;m;65,72527472527473;64;18,275714285714283;1663,09;38;0,0
c_7546;m;17,73913043478261;23;48,83869565217391;1123,29;11;1,0
c_7547;f;43,60294117647059;26;14,346176470588235;975,54;36;0,0
c_7548;m;64,51515151515152;42;14,694848484848485;969,86;35;0,0
c_7549;m;24,583333333333332;11;62,405;748,86;6;1,0
c_755;f;25,5;4;124,6125;498,45;2;1,0
c_7550;f;48,661764705882355;23;12,876911764705882;875,63;37;0,0
c_7551;m;67,72826086956522;52;18,711304347826086;1721,44;39;0,0
c_7552;f;48,63636363636363;83;13,722670454545455;2415,19;86;0,0
c_7553;m;29,58823529411765;23;45,726470588235294;1554,7;18;1,0
c_7554;f;20,545454545454547;20;67,01136363636364;1474,25;9;1,0
c_7555;m;40,5625;13;12,4690625;399,01;21;0,0
c_7556;m;36,682432432432435;64;15,123851351351352;2238,33;69;0,0
c_7557;m;40,92307692307692;6;13,973846153846154;181,66;7;0,0
c_7558;f;77,72549019607843;29;18,933333333333334;965,6;23;0,0
c_7559;f;17,753846153846155;21;17,404;1131,26;26;1,0
c_756;f;18,59090909090909;14;59,76272727272727;1314,78;11;1,0
c_7560;m;17,61111111111111;22;35,5475;1279,71;17;1,0
c_7561;m;24,795454545454547;43;34,46454545454546;3032,88;34;1,0
c_7562;m;25,79310344827586;16;34,3048275862069;994,84;11;1,0
c_7563;f;22,84090909090909;21;33,01681818181818;1452,74;15;1,0
c_7564;m;31,606060606060606;40;14,246464646464647;1410,4;49;0,0
c_7565;f;33,74149659863946;53;14,880544217687076;2187,44;60;0,0
c_7566;m;50,713178294573645;91;16,55441860465116;2135,52;60;0,0
c_7567;f;19,57894736842105;12;44,881052631578946;852,74;9;1,0
c_7568;m;27,75925925925926;36;48,298148148148144;2608,1;24;1,0
c_7569;f;17,916666666666668;12;42,595416666666665;1022,29;8;1,0
c_757;m;50,648648648648646;35;16,56135135135135;612,77;18;0,0
c_7570;m;27,756756756756758;24;57,67;2133,79;20;1,0
c_7571;m;56,04;17;17,5772;439,43;14;0,0
c_7572;f;43,71212121212121;58;12,7275;1680,03;68;0,0
c_7573;m;35,691489361702125;31;14,297021276595746;1343,92;44;0,0
c_7574;m;35,613821138211385;102;13,97341463414634;3437,46;114;0,0
c_7575;m;48,645161290322584;27;14,61741935483871;906,28;31;0,0
c_7576;f;28,58730158730159;19;17,705238095238098;1115,43;26;0,0
c_7577;m;29,70731707317073;31;43,77097560975609;1794,61;18;1,0
c_7578;m;26,735294117647058;20;58,26294117647059;1980,94;16;1,0
c_7579;m;44,64473684210526;74;13,960921052631578;2122,06;71;0,0
c_758;f;27,595238095238095;21;28,00238095238095;1176,1;23;1,0
c_7580;f;22,9;8;38,914;389,14;4;1,0
c_7581;f;24,625;6;65,72375;525,79;5;1,0
c_7582;f;22,71698113207547;31;55,22188679245283;2926,7599999999998;22;1,0
c_7583;m;38,0;6;11,71;386,43;11;0,0
c_7585;m;27,75;4;91,53625;732,29;4;1,0
c_7586;f;45,71264367816092;36;14,034827586206896;1221,03;40;0,0
c_7587;f;85,60185185185185;79;17,638333333333335;1904,94;51;0,0
c_7588;f;17,666666666666668;20;17,93111111111111;968,28;24;1,0
c_7589;f;22,0;2;59,489999999999995;237,95999999999998;2;1,0
c_759;f;58,73809523809524;97;15,007619047619048;1890,96;61;0,0
c_7590;f;68,33333333333333;5;13,99;83,94;5;0,0
c_7591;m;45,67088607594937;24;14,442151898734178;1140,93;33;0,0
c_7592;m;53,69090909090909;21;19,188181818181818;1055,35;33;0,0
c_7593;f;28,846153846153847;7;41,926923076923075;545,05;5;1,0
c_7594;m;19,571428571428573;5;36,567142857142855;255,97;3;1,0
c_7595;m;67,8;20;13,256499999999999;265,13;11;0,0
c_7596;m;29,043478260869566;26;42,59978260869565;1959,59;20;1,0
c_7597;f;57,857142857142854;14;11,477857142857143;160,69;6;0,0
c_7598;m;66,73684210526316;61;15,743421052631579;1196,5;34;0,0
c_7599;m;50,72222222222222;10;15,30777777777778;551,08;19;0,0
c_76;m;42,65833333333333;55;12,983916666666666;1558,07;54;0,0
c_760;m;41,693333333333335;155;12,64024;4740,09;163;0,0
c_7600;f;64,66315789473684;26;14,23778947368421;1352,59;37;0,0
c_7601;f;44,77732793522267;104;14,271417004048583;3525,04;102;0,0
c_7602;m;67,5;18;23,107727272727274;508,37;13;0,0
c_7603;m;68,69135802469135;41;15,458641975308641;1252,1499999999999;40;0,0
c_7604;m;25,789473684210527;16;35,02263157894737;665,43;6;1,0
c_7605;m;30,618705035971225;58;13,11568345323741;1823,08;79;0,0
c_7606;m;51,592592592592595;46;14,767222222222221;797,43;27;0,0
c_7607;m;55,607142857142854;19;17,9875;503,65;12;0,0
c_7608;m;70,82608695652173;66;16,043695652173913;1476,02;38;0,0
c_7609;m;29,487179487179485;24;46,05820512820513;1796,27;22;1,0
c_761;f;22,735849056603772;27;25,487358490566038;1350,83;27;1,0
c_7610;m;27,416666666666668;10;64,38416666666666;772,6099999999999;7;1,0
c_7611;m;62,5;9;14,648636363636363;322,27;14;0,0
c_7612;m;32,79710144927536;19;13,00391304347826;897,27;26;0,0
c_7613;f;28,725;25;55,96;2238,4;18;1,0
c_7614;m;26,6;8;14,518666666666666;217,78;6;0,0
c_7615;f;35,68493150684932;21;17,144246575342464;1251,53;40;0,0
c_7616;m;28,41176470588235;8;35,96764705882353;611,45;12;1,0
c_7617;m;17,714285714285715;18;39,39107142857143;1102,95;13;1,0
c_7618;m;54,67289719626168;89;16,904766355140186;1808,81;55;0,0
c_7619;f;17,565217391304348;15;49,361304347826085;1135,31;13;1,0
c_762;m;17,857142857142858;7;20,701428571428572;144,91;3;1,0
c_7620;f;87,55;14;16,8585;337,17;11;0,0
c_7621;m;64,70370370370371;27;17,572222222222223;474,45;12;0,0
c_7622;f;56,5;7;25,156666666666666;301,88;6;0,0
c_7623;f;48,54347826086956;20;13,796521739130435;634,64;21;0,0
c_7624;m;20,65;25;48,33025;1933,21;18;1,0
c_7625;m;34,8125;30;15,07671875;964,91;26;0,0
c_7626;f;23,5;3;22,6425;90,57;3;1,0
c_7627;f;48,51111111111111;34;13,910777777777778;1251,97;47;0,0
c_7628;m;60,17391304347826;12;17,735217391304346;407,90999999999997;19;0,0
c_7629;f;21,59090909090909;16;17,1475;754,49;23;0,0
c_763;m;38,674418604651166;37;12,803720930232556;1101,12;44;0,0
c_7630;f;71,67961165048544;81;16,41864077669903;1691,12;51;0,0
c_7631;f;27,605263157894736;28;44,08947368421053;1675,4;18;1,0
c_7632;f;46,710144927536234;93;13,352850241545893;2764,04;93;0,0
c_7633;m;19,685714285714287;28;57,464;2011,24;17;1,0
c_7634;m;41,7304347826087;64;12,588521739130435;1447,68;53;0,0
c_7635;m;39,58536585365854;66;12,123841463414633;1988,31;86;0,0
c_7636;f;55,611111111111114;30;15,225370370370369;822,17;32;0,0
c_7637;f;57,825;16;20,28075;811,23;14;0,0
c_7638;m;64,66129032258064;95;16,065;1992,06;55;0,0
c_7639;m;44,357142857142854;10;12,36;346,08;17;0,0
c_764;m;17,2;3;13,190000000000001;65,95;4;0,0
c_7640;m;20,627118644067796;41;44,138474576271186;2604,17;25;1,0
c_7641;f;28,53846153846154;8;47,714615384615385;620,29;7;1,0
c_7642;f;53,72093023255814;61;16,9446511627907;1457,24;40;0,0
c_7643;m;17,705882352941178;17;17,72098039215686;903,77;23;1,0
c_7644;m;23,666666666666668;9;71,18333333333334;640,65;5;1,0
c_7645;f;67,58823529411765;15;14,132941176470588;240,26;9;0,0
c_7646;f;48,651408450704224;109;13,780387323943662;3913,63;122;0,0
c_7647;m;34,63157894736842;26;14,913508771929823;850,0699999999999;30;0,0
c_7648;m;19,666666666666668;3;14,84;222,6;5;0,0
c_7649;f;52,625;46;19,890875;1591,27;40;0,0
c_765;f;68,60606060606061;24;15,747575757575756;519,67;16;0,0
c_7650;m;29,708333333333332;45;30,73972222222222;2213,2599999999998;30;1,0
c_7651;m;53,696969696969695;50;18,316212121212118;1208,87;26;0,0
c_7652;f;71,71428571428571;113;16,608831168831166;2557,7599999999998;73;0,0
c_7653;f;37,554621848739494;44;13,033193277310925;1550,95;64;0,0
c_7654;m;33,633663366336634;45;12,776930693069307;1290,47;49;0,0
c_7655;f;34,0;3;12,711428571428572;88,98;7;0,0
c_7656;m;65,76923076923077;20;17,682692307692307;459,75;10;0,0
c_7657;f;61,7953216374269;111;15,339239766081873;2623,01;63;0,0
c_7658;f;34,68263473053892;75;12,765209580838324;2131,79;72;0,0
c_7659;m;27,0;6;47,275;283,65;2;1,0
c_766;f;60,84615384615385;13;13,352307692307694;173,58;5;0,0
c_7660;m;28,818181818181817;25;29,92848484848485;987,64;16;1,0
c_7661;m;26,555555555555557;16;72,9738888888889;1313,53;10;1,0
c_7662;m;77,72;50;15,573599999999999;1168,02;39;0,0
c_7663;m;33,68879668049792;93;12,764730290456432;3076,3;108;0,0
c_7664;m;41,729729729729726;16;17,27054054054054;639,01;17;0,0
c_7665;m;53,875;12;12,6025;201,64;8;0,0
c_7666;m;35,64251207729468;94;13,376521739130435;2768,94;88;0,0
c_7667;f;26,79310344827586;23;42,19655172413793;1223,7;12;1,0
c_7668;f;22,666666666666668;3;39,0;117,0;2;1,0
c_7669;f;29,4;3;36,088;180,44;5;1,0
c_767;m;62,701492537313435;27;16,046417910447758;1075,11;29;0,0
c_7670;f;37,76571428571429;62;12,26462857142857;2146,31;73;0,0
c_7671;m;17,46153846153846;9;33,47538461538461;435,17999999999995;10;1,0
c_7672;m;30,787401574803148;44;17,07307086614173;2168,2799999999997;53;0,0
c_7673;f;66,6923076923077;18;14,274807692307691;742,29;23;0,0
c_7674;m;56,81818181818182;29;14,881636363636364;818,49;23;0,0
c_7675;m;53,71818181818182;80;19,156454545454547;2107,21;52;0,0
c_7676;m;23,785714285714285;23;33,589999999999996;940,52;13;1,0
c_7677;m;60,583333333333336;26;17,198888888888888;619,16;21;0,0
c_7678;f;17,8;13;36,082;902,05;8;1,0
c_7679;f;38,72027972027972;70;12,776433566433566;1827,03;59;0,0
c_768;m;41,78082191780822;24;13,011095890410958;949,81;27;0,0
c_7680;m;34,74647887323944;84;12,831971830985916;2733,21;86;0,0
c_7681;f;75,48148148148148;17;17,122222222222224;462,3;15;0,0
c_7682;f;42,666666666666664;25;12,863484848484848;848,99;34;0,0
c_7683;f;48,58387096774194;128;12,45516129032258;3861,1;160;0,0
c_7684;f;21,55;14;29,8085;596,17;12;1,0
c_7685;m;38,6243093922652;87;12,338729281767955;2233,31;88;0,0
c_7686;m;17,714285714285715;17;39,28523809523809;824,99;9;1,0
c_7687;f;69,58333333333333;75;17,020833333333332;1634,0;51;0,0
c_7688;m;24,694444444444443;26;41,40055555555555;1490,4199999999998;14;1,0
c_7689;f;69,64285714285714;10;16,50857142857143;231,12;7;0,0
c_769;m;36,65185185185185;60;14,802518518518518;1998,34;56;0,0
c_7690;m;40,714285714285715;36;12,174;1278,27;50;0,0
c_7691;f;46,65816326530612;72;13,48545918367347;2643,15;91;0,0
c_7692;m;45,172413793103445;11;12,471724137931036;361,68;24;0,0
c_7693;m;60,65;16;17,113;342,26;12;0,0
c_7694;m;63,62068965517241;30;16,250172413793102;942,51;28;0,0
c_7695;m;43,57303370786517;37;14,69370786516854;1307,74;40;0,0
c_7696;f;43,638297872340424;33;13,376808510638298;1257,42;44;0,0
c_7697;f;21,627906976744185;28;41,11976744186046;1768,1499999999999;16;1,0
c_7698;f;65,58823529411765;9;20,528823529411767;348,99;8;0,0
c_7699;f;58,75961538461539;69;19,754038461538464;2054,42;42;0,0
c_77;m;29,2;6;17,096666666666668;256,45;12;0,0
c_770;f;65,7843137254902;72;15,446470588235293;1575,54;41;0,0
c_7700;f;54,73134328358209;47;17,30865671641791;1159,68;34;0,0
c_7701;m;17,64864864864865;22;33,04081081081081;1222,51;20;1,0
c_7702;f;32,744680851063826;29;14,163510638297872;1331,37;50;0,0
c_7703;m;61,57142857142857;68;15,958441558441558;1228,8;38;0,0
c_7704;m;43,646153846153844;45;12,784076923076924;1661,93;52;0,0
c_7705;m;38,833333333333336;29;11,72121212121212;773,6;25;0,0
c_7706;m;34,375;14;14,094249999999999;563,77;25;0,0
c_7707;f;29,91176470588235;21;60,63;2061,42;14;1,0
c_7708;m;33,76744186046512;28;12,205232558139533;1049,6499999999999;35;0,0
c_7709;m;33,69767441860465;22;14,655813953488371;630,1999999999999;25;0,0
c_771;m;56,61666666666667;56;17,49;1049,3999999999999;25;0,0
c_7710;m;28,555555555555557;8;22,71666666666667;408,90000000000003;11;0,0
c_7711;m;39,63008130081301;89;12,763414634146342;3139,8;117;0,0
c_7712;f;17,75;43;38,2165;3057,32;31;1,0
c_7713;m;56,627906976744185;58;17,061511627906977;1467,29;39;0,0
c_7714;f;49,63076923076923;30;14,128307692307693;918,34;38;0,0
c_7715;f;20,666666666666668;9;66,43666666666667;597,93;4;1,0
c_7716;m;45,68115942028985;55;13,676231884057971;1887,32;65;0,0
c_7717;m;59,6875;40;18,153541666666666;871,37;21;0,0
c_7718;f;27,7;21;37,802499999999995;1512,1;20;1,0
c_7719;f;20,73170731707317;9;21,641463414634146;887,3;23;1,0
c_772;f;25,555555555555557;30;56,27333333333334;2532,3;22;1,0
c_7720;f;44,62992125984252;50;13,355511811023623;1696,15;76;0,0
c_7721;m;43,66801619433198;89;11,702186234817814;2890,44;108;0,0
c_7722;m;66,625;91;13,998482142857142;1567,83;57;0,0
c_7723;f;42,73170731707317;15;15,150975609756099;621,19;18;0,0
c_7724;f;57,74193548387097;52;15,219354838709675;943,5999999999999;29;0,0
c_7725;m;20,591836734693878;31;36,92285714285714;1809,22;25;1,0
c_7726;f;46,735;95;12,93635;2587,27;93;0,0
c_7727;f;29,53125;14;23,22;743,04;20;0,0
c_7728;m;33,68652037617555;138;12,409341692789969;3958,58;144;0,0
c_7729;f;34,666666666666664;11;14,34875;344,37;16;0,0
c_773;m;22,714285714285715;5;90,16142857142857;631,13;4;1,0
c_7730;m;24,666666666666668;17;16,02462962962963;865,3299999999999;21;0,0
c_7731;m;53,64;19;14,07;351,75;16;0,0
c_7732;m;32,70059880239521;75;11,37377245508982;1899,42;76;0,0
c_7733;f;47,75728155339806;43;14,099902912621358;1452,29;46;0,0
c_7734;m;25,818181818181817;7;51,344545454545454;564,79;6;1,0
c_7735;f;48,5;6;11,117142857142857;155,64000000000001;9;0,0
c_7736;f;58,5;14;14,905833333333334;357,74;16;0,0
c_7737;m;33,68292682926829;16;11,508048780487805;471,83;20;0,0
c_7738;m;57,35294117647059;12;14,867058823529412;252,74;12;0,0
c_7739;m;25,0;3;68,99;206,96999999999997;1;1,0
c_774;f;62,72826086956522;76;16,18445652173913;1488,97;41;0,0
c_7740;f;46,61224489795919;40;11,874489795918368;1163,7;51;0,0
c_7741;m;19,637931034482758;32;30,5501724137931;1771,9099999999999;28;1,0
c_7742;m;37,7027027027027;20;12,480945945945946;923,59;26;0,0
c_7743;m;45,72093023255814;116;13,293410852713178;3429,7;116;0,0
c_7744;m;24,636363636363637;17;46,15090909090909;1015,3199999999999;12;1,0
c_7745;f;20,805555555555557;19;26,267222222222223;945,62;17;1,0
c_7746;m;26,666666666666668;19;37,54083333333333;1801,96;25;1,0
c_7747;m;21,696428571428573;29;34,62732142857143;1939,1299999999999;28;1,0
c_7748;f;32,63855421686747;40;15,129156626506024;1255,72;38;0,0
c_7749;m;17,55263157894737;26;42,58947368421053;1618,4;20;1,0
c_775;f;59,75590551181102;103;14,594173228346458;1853,46;48;0,0
c_7750;f;53,689655172413794;96;16,882155172413793;1958,33;58;0,0
c_7751;f;47,5625;90;12,137291666666668;2330,36;105;0,0
c_7752;f;45,64705882352941;27;11,948235294117648;609,36;25;0,0
c_7753;f;48,95505617977528;31;13,850337078651686;1232,68;43;0,0
c_7754;f;17,540983606557376;32;34,4888524590164;2103,82;30;1,0
c_7755;m;31,666666666666668;25;12,146666666666667;801,68;26;0,0
c_7756;f;27,857142857142858;7;57,19;400,33;3;1,0
c_7757;f;20,59090909090909;35;70,05954545454546;3082,62;20;1,0
c_7758;m;51,76470588235294;20;17,15901960784314;875,11;24;0,0
c_7759;f;49,46;15;12,459200000000001;622,96;33;0,0
c_776;f;37,68055555555556;56;13,165694444444444;1895,86;70;0,0
c_7760;m;37,5;12;12,715909090909092;279,75;12;0,0
c_7761;m;25,5625;8;58,0075;928,12;7;1,0
c_7762;m;55,74626865671642;55;16,430746268656716;1100,86;30;0,0
c_7763;f;31,795555555555556;88;14,449377777777778;3251,11;97;0,0
c_7764;f;44,64313725490196;105;12,325725490196078;3143,06;117;0,0
c_7765;m;17,45;6;16,88;337,59999999999997;13;1,0
c_7766;f;29,77777777777778;36;34,20740740740741;1847,2;26;1,0
c_7767;f;61,84848484848485;52;18,723939393939393;1235,78;26;0,0
c_7768;m;48,63090128755365;101;12,848755364806866;2993,7599999999998;126;0,0
c_7769;f;41,69444444444444;74;12,141222222222222;2185,42;82;0,0
c_777;f;30,87037037037037;21;10,070185185185185;543,79;21;0,0
c_7770;f;21,6;10;61,334999999999994;613,3499999999999;5;1,0
c_7771;f;76,52307692307693;46;16,28846153846154;1058,75;36;0,0
c_7772;f;47,77272727272727;19;15,48090909090909;1021,74;31;0,0
c_7773;m;20,7319587628866;50;46,90329896907216;4549,62;40;1,0
c_7774;m;23,59375;17;29,53875;945,24;15;1,0
c_7775;m;51,57142857142857;12;20,56714285714286;287,94;7;0,0
c_7776;m;65,57971014492753;28;17,524347826086956;1209,18;37;0,0
c_7777;m;36,85;17;10,70125;428,05;19;0,0
c_7778;m;63,785714285714285;8;14,022857142857143;196,32;9;0,0
c_7779;m;38,616858237547895;127;13,915478927203065;3631,94;134;0,0
c_778;m;37,67323943661972;144;12,966985915492957;4603,28;158;0,0
c_7780;m;18,5;10;46,2545;925,09;13;1,0
c_7781;f;28,43243243243243;27;47,12918918918919;1743,78;22;1,0
c_7782;m;40,655;81;13,220450000000001;2644,09;93;0,0
c_7783;m;25,466666666666665;11;17,497333333333334;524,92;16;0,0
c_7784;m;68,77777777777777;6;19,954444444444444;179,59;4;0,0
c_7785;f;50,75;5;17,38625;139,09;4;0,0
c_7786;m;32,58064516129032;22;12,705967741935483;787,77;35;0,0
c_7787;m;37,583333333333336;35;11,924444444444443;858,56;38;0,0
c_7788;f;61,63013698630137;64;15,29082191780822;1116,23;37;0,0
c_7789;m;29,629032258064516;42;44,950645161290325;2786,94;26;1,0
c_779;m;32,515625;26;15,56921875;996,43;36;0,0
c_7790;f;38,72244897959184;93;13,391102040816326;3280,82;111;0,0
c_7791;f;65,68345323741008;102;17,498776978417265;2432,33;64;0,0
c_7792;f;35,699029126213595;41;15,637961165048544;1610,71;55;0,0
c_7793;m;32,8;12;13,537;406,11;13;0,0
c_7794;f;24,36842105263158;12;31,224736842105262;593,27;15;1,0
c_7795;m;19,076923076923077;8;51,01230769230769;663,16;6;1,0
c_7796;f;45,83529411764706;33;12,534705882352942;1065,45;36;0,0
c_7797;m;79,61111111111111;62;16,039583333333333;1154,85;33;0,0
c_7798;m;40,68181818181818;55;12,719545454545454;1399,1499999999999;57;0,0
c_7799;m;36,65846153846154;141;11,73036923076923;3812,37;158;0,0
c_78;m;73,95652173913044;15;15,324782608695651;352,46999999999997;9;0,0
c_780;m;32,70909090909091;42;14,941272727272727;1643,54;47;0,0
c_7800;m;17,4;5;19,089999999999996;95,44999999999999;3;1,0
c_7801;f;76,83333333333333;30;11,80888888888889;425,12;17;0,0
c_7802;f;26,428571428571427;17;58,44333333333333;1227,31;12;1,0
c_7803;m;54,55555555555556;9;17,43777777777778;156,94;5;0,0
c_7804;m;35,44285714285714;27;12,782142857142857;894,75;41;0,0
c_7805;f;52,704081632653065;76;15,604897959183674;1529,28;40;0,0
c_7806;f;27,893333333333334;46;35,529066666666665;2664,68;32;1,0
c_7807;m;40,673469387755105;17;15,078979591836735;738,87;22;0,0
c_7808;m;44,68525896414343;118;14,160358565737052;3554,25;117;0,0
c_7809;m;40,59701492537314;25;11,47;768,49;39;0,0
c_781;f;41,853932584269664;35;14,891348314606741;1325,33;39;0,0
c_7810;m;43,62307692307692;102;12,229384615384616;3179,64;118;0,0
c_7811;m;31,666666666666668;35;11,788854166666667;1131,73;48;0,0
c_7812;m;36,625;9;11,36125;181,78;8;0,0
c_7813;f;43,67636363636364;120;12,539781818181819;3448,44;139;0,0
c_7814;m;30,63;50;15,3801;1538,01;52;0,0
c_7815;f;29,5625;9;70,30625;1124,9;9;1,0
c_7816;m;36,64;46;12,66456;1583,07;61;0,0
c_7817;m;49,583333333333336;114;12,932777777777778;3259,06;124;0,0
c_7818;f;43,7979797979798;75;12,576010101010102;2490,05;79;0,0
c_7819;m;32,81318681318681;38;12,936153846153847;1177,19;43;0,0
c_782;m;30,794117647058822;18;16,961176470588235;576,68;17;0,0
c_7820;m;40,523809523809526;51;12,897063492063491;1625,03;74;0,0
c_7821;f;57,710144927536234;52;17,270289855072463;1191,6499999999999;34;0,0
c_7822;f;27,071428571428573;8;30,254285714285714;423,56;5;1,0
c_7823;f;41,6551724137931;10;10,888275862068966;315,76;15;0,0
c_7824;f;26,575;34;42,534;1701,36;18;1,0
c_7825;m;24,75;4;73,9725;295,89;2;1,0
c_7826;m;41,6858407079646;97;11,896814159292035;2688,68;108;0,0
c_7827;m;53,645833333333336;31;14,000208333333333;672,01;25;0,0
c_7828;f;45,75;12;12,372142857142858;346,42;12;0,0
c_7829;f;27,63157894736842;29;51,0328947368421;1939,25;21;1,0
c_783;f;62,6;22;17,719714285714286;620,1899999999999;21;0,0
c_7830;f;17,77358490566038;35;40,259811320754714;2133,77;26;1,0
c_7831;f;64,61682242990655;86;17,865981308411214;1911,6599999999999;55;0,0
c_7832;m;41,6436170212766;88;13,549148936170212;2547,24;95;0,0
c_7833;m;38,5974025974026;44;12,241428571428571;942,59;47;0,0
c_7834;f;34,58620689655172;13;15,028275862068964;435,82;16;0,0
c_7835;f;58,7037037037037;58;18,5241975308642;1500,46;37;0,0
c_7836;m;45,541666666666664;8;9,397916666666667;225,55;13;0,0
c_7837;f;47,6;45;12,576666666666666;1320,55;50;0,0
c_7838;m;54,725;59;16,645249999999997;1331,62;39;0,0
c_7839;f;46,69444444444444;19;15,41472222222222;554,93;18;0,0
c_784;f;58,7;13;18,136333333333333;544,09;13;0,0
c_7840;m;64,62711864406779;43;16,517118644067796;974,51;28;0,0
c_7841;m;27,776119402985074;39;36,09507462686567;2418,37;31;1,0
c_7842;f;27,571428571428573;23;64,16828571428572;2245,89;19;1,0
c_7843;f;61,5;2;9,99;59,94;3;0,0
c_7844;f;42,68;23;14,392800000000001;1079,46;35;0,0
c_7845;f;49,610169491525426;14;18,790338983050848;1108,63;28;0,0
c_7846;m;36,577639751552795;65;13,262484472049689;2135,2599999999998;78;0,0
c_7847;f;33,8348623853211;31;14,023669724770642;1528,58;43;0,0
c_7848;m;22,857142857142858;11;28,271428571428572;989,5;15;1,0
c_7849;f;43,60215053763441;75;12,406236559139785;2307,56;94;0,0
c_785;m;27,9;10;19,1785;383,57;11;0,0
c_7850;f;40,5;15;17,650666666666666;529,52;15;0,0
c_7851;f;67,52631578947368;15;16,53;314,07;10;0,0
c_7852;m;42,49425287356322;34;12,850919540229885;1118,03;48;0,0
c_7853;m;20,6;25;55,154250000000005;2206,17;21;1,0
c_7854;m;33,71508379888268;69;13,657150837988828;2444,63;85;0,0
c_7855;f;31,74015748031496;96;11,64515748031496;2957,87;106;0,0
c_7856;f;38,63157894736842;44;12,763263157894738;1212,51;48;0,0
c_7857;f;29,72222222222222;14;39,40722222222222;709,3299999999999;9;1,0
c_7858;f;45,65909090909091;54;12,37030303030303;1632,8799999999999;62;0,0
c_7859;m;52,53030303030303;44;21,67590909090909;1430,61;33;0,0
c_786;f;49,82105263157895;43;12,902947368421053;1225,78;39;0,0
c_7860;f;34,76470588235294;12;14,26705882352941;485,08;16;0,0
c_7861;f;31,651960784313726;86;12,464558823529412;2542,77;93;0,0
c_7862;m;56,68181818181818;23;18,908409090909092;831,97;18;0,0
c_7863;m;21,8;8;41,77066666666666;626,56;5;1,0
c_7864;f;76,83333333333333;10;23,2175;278,61;6;0,0
c_7865;f;24,806451612903224;14;30,220645161290324;936,84;15;1,0
c_7866;m;32,82222222222222;15;13,95422222222222;627,9399999999999;19;0,0
c_7867;m;22,1;12;47,2845;945,69;8;1,0
c_7868;m;50,59701492537314;59;19,429402985074628;1301,77;35;0,0
c_7869;f;55,57142857142857;39;18,23047619047619;765,68;23;0,0
c_787;m;36,73684210526316;15;17,702894736842108;672,71;15;0,0
c_7870;f;26,76;29;33,3802;1669,01;20;1,0
c_7871;f;72,7375;53;18,7165;1497,32;39;0,0
c_7872;m;39,559322033898304;29;10,190338983050848;601,23;34;0,0
c_7873;f;41,6839378238342;78;13,736062176165802;2651,06;93;0,0
c_7874;m;39,80769230769231;8;8,877692307692307;230,82;12;0,0
c_7875;m;17,65625;24;50,1859375;1605,95;16;1,0
c_7876;f;48,5;14;12,936785714285715;362,23;14;0,0
c_7877;m;36,44642857142857;21;14,390535714285715;805,87;31;0,0
c_7878;m;32,584070796460175;90;14,446858407079645;3264,99;119;0,0
c_7879;f;73,704;87;15,40384;1925,48;56;0,0
c_788;f;57,735849056603776;41;16,232641509433964;860,33;26;0,0
c_7880;m;27,714285714285715;11;34,99428571428571;489,91999999999996;5;1,0
c_7881;m;25,714285714285715;33;41,75857142857143;2046,1699999999998;25;1,0
c_7882;f;24,833333333333332;11;29,8275;715,86;9;1,0
c_7883;f;18,551724137931036;20;41,949999999999996;1216,55;14;1,0
c_7884;m;53,666666666666664;19;16,0275;576,99;14;0,0
c_7885;m;59,6764705882353;50;18,55720588235294;1261,8899999999999;27;0,0
c_7886;f;79,70652173913044;67;17,209130434782608;1583,24;40;0,0
c_7887;m;41,81818181818182;21;14,461666666666668;954,47;26;0,0
c_7888;f;23,548387096774192;22;37,54129032258064;1163,78;17;1,0
c_7889;f;39,56410256410256;32;15,775384615384615;1230,48;48;0,0
c_789;m;17,526315789473685;17;25,497631578947367;968,91;21;1,0
c_7890;f;22,6;21;59,11114285714285;2068,89;16;1,0
c_7891;m;40,652482269503544;52;10,885602836879432;1534,87;70;0,0
c_7892;m;56,63157894736842;28;14,531052631578946;552,18;18;0,0
c_7893;m;37,65625;19;11,83375;378,68;16;0,0
c_7894;m;59,57627118644068;49;15,675254237288136;924,84;34;0,0
c_7895;f;62,794117647058826;30;15,149705882352942;515,09;16;0,0
c_7896;m;44,65625;41;12,887083333333335;1237,16;54;0,0
c_7897;m;56,666666666666664;58;17,0841975308642;1383,82;39;0,0
c_7898;f;25,41176470588235;11;37,284705882352945;633,84;10;1,0
c_7899;m;72,60526315789474;21;17,97657894736842;683,11;23;0,0
c_79;f;65,75714285714285;28;17,272714285714283;1209,09;33;0,0
c_790;f;69,5625;9;17,338125;277,41;10;0,0
c_7900;f;21,642857142857142;8;30,124642857142856;843,49;19;1,0
c_7901;m;51,62135922330097;86;16,87504854368932;1738,1299999999999;49;0,0
c_7902;m;58,75;12;20,36625;325,86;9;0,0
c_7903;f;36,69892473118279;47;15,346129032258066;1427,19;48;0,0
c_7904;m;19,689655172413794;41;47,62448275862069;2762,22;23;1,0
c_7905;f;19,81578947368421;24;35,543684210526315;1350,66;18;1,0
c_7906;m;22,666666666666668;9;26,266000000000002;393,99;9;1,0
c_7907;f;46,707602339181285;73;12,492923976608187;2136,29;83;0,0
c_7908;f;20,5;26;40,153749999999995;1606,1499999999999;23;1,0
c_7909;f;31,698630136986303;31;11,394657534246575;831,81;31;0,0
c_791;m;32,48888888888889;15;15,282666666666668;687,72;26;0,0
c_7910;m;29,433333333333334;19;47,574333333333335;1427,23;18;1,0
c_7911;m;33,67741935483871;13;12,074516129032258;374,31;16;0,0
c_7912;f;32,58995815899581;100;12,645439330543931;3022,2599999999998;115;0,0
c_7913;f;51,69565217391305;30;15,116521739130436;695,36;23;0,0
c_7914;m;69,69354838709677;48;16,702903225806452;1035,58;31;0,0
c_7915;f;48,810344827586206;70;13,402816091954024;2332,09;71;0,0
c_7916;f;17,7;7;38,489999999999995;384,9;3;1,0
c_7917;f;42,48717948717949;27;12,113974358974358;944,89;48;0,0
c_7918;m;34,524752475247524;36;13,25940594059406;1339,2;61;0,0
c_7919;f;42,73575129533679;72;17,335492227979273;3345,75;80;0,0
c_792;f;57,59782608695652;79;17,63141304347826;1622,09;48;0,0
c_7920;m;65,8252427184466;47;18,419029126213594;1897,16;39;0,0
c_7921;f;39,75;32;17,020625000000003;1361,65;41;0,0
c_7922;f;73,68253968253968;55;14,708888888888888;926,66;30;0,0
c_7923;m;17,52;11;57,435599999999994;1435,8899999999999;13;1,0
c_7924;f;50,52;67;20,033933333333334;3005,09;79;0,0
c_7925;f;37,76571428571429;67;13,162857142857144;2303,5;82;0,0
c_7926;m;70,67058823529412;69;15,338823529411764;1303,8;38;0,0
c_7927;m;17,894736842105264;7;23,142105263157895;439,7;10;1,0
c_7928;f;29,75;9;34,83166666666666;417,97999999999996;4;1,0
c_7929;f;37,53846153846154;24;13,810923076923077;897,71;37;0,0
c_793;f;47,32142857142857;25;12,819285714285714;717,88;43;0,0
c_7930;f;26,428571428571427;10;16,67809523809524;350,24;14;0,0
c_7931;m;53,65909090909091;23;13,78;606,3199999999999;20;0,0
c_7932;f;41,68691588785047;96;12,994485981308411;2780,82;101;0,0
c_7933;f;28,736842105263158;9;38,044210526315794;722,84;7;1,0
c_7934;f;69,65;92;17,089916666666667;2050,79;63;0,0
c_7935;f;23,894736842105264;11;61,9;1176,1;9;1,0
c_7936;f;22,71794871794872;28;61,525128205128205;2399,48;15;1,0
c_7937;m;52,857142857142854;25;15,366071428571429;860,5;19;0,0
c_7938;m;49,836363636363636;23;13,92;765,6;21;0,0
c_7939;f;48,35294117647059;11;13,716176470588236;466,35;25;0,0
c_794;f;47,66477272727273;148;13,542045454545455;4766,8;162;0,0
c_7940;m;48,75675675675676;17;11,22081081081081;415,17;19;0,0
c_7941;m;18,0;2;120,58;482,32;2;1,0
c_7942;m;47,864583333333336;37;10,7115625;1028,31;43;0,0
c_7943;f;35,75126903553299;87;12,146700507614213;2392,9;79;0,0
c_7944;m;26,58823529411765;15;50,78823529411765;863,4;7;1,0
c_7945;m;45,603896103896105;59;12,013571428571428;1850,09;80;0,0
c_7946;f;34,53807106598985;83;12,257005076142132;2414,63;112;0,0
c_7947;m;25,605263157894736;20;69,57605263157895;2643,89;14;1,0
c_7948;m;40,78260869565217;27;16,357971014492755;1128,7;35;0,0
c_7949;m;46,666666666666664;97;13,53670731707317;3330,0299999999997;120;0,0
c_795;f;42,5945945945946;16;13,21972972972973;489,13;19;0,0
c_7950;m;40,56666666666667;16;16,795666666666666;503,87;13;0,0
c_7951;m;35,77333333333333;33;13,708133333333333;1028,11;29;0,0
c_7952;m;54,63768115942029;52;16,809420289855073;1159,85;37;0,0
c_7953;m;45,62068965517241;14;13,611034482758619;394,71999999999997;19;0,0
c_7954;m;48,71764705882353;119;13,311607843137255;3394,46;115;0,0
c_7955;f;27,791666666666668;38;59,70166666666666;2865,68;17;1,0
c_7956;f;26,25;5;35,82625;286,61;6;1,0
c_7957;m;29,615384615384617;19;34,38743589743589;1341,11;17;1,0
c_7958;f;59,645833333333336;110;19,44847222222222;2800,58;66;0,0
c_7959;f;47,65040650406504;146;13,78170731707317;5085,45;169;0,0
c_796;f;51,791666666666664;24;20,777291666666667;997,31;13;0,0
c_7960;m;41,610619469026545;50;13,5129203539823;1526,96;56;0,0
c_7961;m;46,63125;132;12,68578125;4059,45;157;0,0
c_7962;f;19,846153846153847;17;17,807884615384616;926,01;19;1,0
c_7963;m;58,46153846153846;9;12,964615384615383;168,54;10;0,0
c_7964;f;17,62857142857143;14;31,598285714285716;1105,94;19;1,0
c_7965;f;17,65;42;52,547666666666665;3152,8599999999997;30;1,0
c_7966;f;17,677966101694917;31;35,220338983050844;2078,0;27;1,0
c_7967;f;41,3125;8;11,455;183,28;11;0,0
c_7968;m;52,0;3;13,877272727272727;152,65;11;0,0
c_7969;f;22,771428571428572;21;22,091714285714286;773,21;15;1,0
c_797;m;44,67298578199052;90;13,173791469194313;2779,67;102;0,0
c_7970;m;19,86046511627907;29;42,12953488372093;1811,57;16;1,0
c_7971;m;17,725806451612904;43;53,73774193548387;3331,74;24;1,0
c_7972;m;40,55;20;12,46075;498,43;23;0,0
c_7973;f;20,681818181818183;30;39,32613636363636;1730,35;19;1,0
c_7974;f;34,66019417475728;50;15,896116504854369;1637,3;52;0,0
c_7975;m;61,38709677419355;29;16,703870967741935;517,8199999999999;19;0,0
c_7976;f;33,69230769230769;20;11,530576923076923;599,59;25;0,0
c_7977;m;60,69230769230769;99;20,095538461538464;2612,42;57;0,0
c_7978;f;32,67816091954023;42;16,008850574712643;1392,77;42;0,0
c_7979;m;53,83783783783784;16;17,807027027027026;658,86;12;0,0
c_798;m;36,73913043478261;66;16,157028985507246;2229,67;62;0,0
c_7980;f;41,45454545454545;5;12,02818181818182;132,31;6;0,0
c_7981;f;43,63934426229508;19;13,489016393442622;822,8299999999999;35;0,0
c_7982;m;43,6764705882353;33;12,904117647058824;877,48;37;0,0
c_7983;f;49,60294117647059;55;12,317941176470589;1675,24;74;0,0
c_7984;m;40,903225806451616;9;12,089354838709676;374,77;11;0,0
c_7985;m;18,733333333333334;17;24,09177777777778;1084,13;23;1,0
c_7986;f;42,61224489795919;83;12,251275510204081;2401,25;97;0,0
c_7987;f;42,72549019607843;15;11,544901960784314;588,79;25;0,0
c_7988;f;33,64341085271318;50;13,487286821705425;1739,86;65;0,0
c_7989;f;33,75;24;13,189107142857143;738,59;25;0,0
c_799;f;76,75;43;17,965357142857144;1006,0600000000001;29;0,0
c_7990;m;65,75;23;15,65925;626,37;15;0,0
c_7991;m;53,7037037037037;35;21,095185185185183;1139,1399999999999;24;0,0
c_7992;f;39,85;16;15,785750000000002;631,4300000000001;22;0,0
c_7993;f;49,641618497109825;76;13,138670520231212;2272,99;95;0,0
c_7994;m;32,69047619047619;15;15,604523809523808;655,39;25;0,0
c_7995;f;38,675925925925924;45;13,175277777777778;1422,93;55;0,0
c_7996;f;34,69186046511628;57;16,024767441860465;2756,2599999999998;70;0,0
c_7997;m;27,75;16;39,037;780,74;11;1,0
c_7998;m;57,8;17;20,2288;505,72;13;0,0
c_7999;f;30,635135135135137;88;13,36018018018018;2965,96;106;0,0
c_8;m;46,56459330143541;83;13,528564593301434;2827,47;107;0,0
c_80;f;17,5;12;40,321;806,42;11;1,0
c_800;f;36,689655172413794;84;12,425320197044336;2522,34;90;0,0
c_8000;m;17,76923076923077;10;21,245384615384616;552,38;15;1,0
c_8001;f;33,63861386138614;75;13,65019801980198;2757,34;98;0,0
c_8002;m;48,748717948717946;71;14,158871794871795;2760,98;86;0,0
c_8003;m;60,82258064516129;46;15,714193548387096;974,28;28;0,0
c_8004;f;23,071428571428573;8;33,01;462,14;13;1,0
c_8005;f;67,0;3;62,25;186,75;1;1,0
c_8006;f;32,705882352941174;55;14,0990756302521;1677,79;59;0,0
c_8007;m;19,62264150943396;38;51,2188679245283;2714,6;25;1,0
c_8008;f;17,545454545454547;11;30,84272727272727;1017,81;20;1,0
c_8009;f;73,54545454545455;7;12,803636363636365;140,84;6;0,0
c_801;f;23,596491228070175;41;43,96947368421052;2506,2599999999998;31;1,0
c_8010;m;77,88461538461539;18;13,195;343,07;8;0,0
c_8011;m;56,53164556962025;53;16,11367088607595;1272,98;40;0,0
c_8012;m;78,5625;20;15,067083333333334;723,22;29;0,0
c_8013;f;42,57251908396947;53;13,108625954198473;1717,23;68;0,0
c_8014;f;56,76923076923077;8;15,923461538461538;414,01;15;0,0
c_8015;m;64,93333333333334;15;17,586;263,78999999999996;8;0,0
c_8016;f;48,69090909090909;18;13,361636363636363;734,89;24;0,0
c_8017;m;23,416666666666668;26;41,01416666666667;1476,51;23;1,0
c_8018;f;56,62237762237762;107;15,894545454545455;2272,92;67;0,0
c_8019;m;31,55;17;13,829249999999998;553,17;24;0,0
c_802;m;17,64406779661017;30;36,81440677966102;2172,05;30;1,0
c_8020;m;48,5703125;58;13,801484375;1766,59;68;0,0
c_8021;f;53,83783783783784;25;16,86081081081081;623,85;14;0,0
c_8022;m;62,666666666666664;14;17,630555555555556;317,35;13;0,0
c_8023;m;33,64795918367347;84;13,447908163265305;2635,79;101;0,0
c_8024;f;85,5904761904762;84;17,618285714285715;1849,92;60;0,0
c_8025;f;71,61290322580645;17;21,36806451612903;662,41;12;0,0
c_8026;m;43,61702127659574;145;13,5175;5082,58;177;0,0
c_8027;m;21,3125;6;22,099999999999998;353,59999999999997;12;1,0
c_8028;f;51,64705882352941;34;16,230196078431373;827,74;27;0,0
c_8029;m;43,838095238095235;37;14,324285714285715;1504,05;43;0,0
c_803;m;73,76960784313725;143;17,235539215686273;3516,0499999999997;85;0,0
c_8030;f;63,84146341463415;31;18,012560975609755;1477,03;34;0,0
c_8031;f;55,60344827586207;80;15,799741379310344;1832,77;54;0,0
c_8032;m;17,5;2;4,41;17,64;2;0,0
c_8033;f;55,607142857142854;38;14,021428571428572;785,2;26;0,0
c_8034;f;48,71333333333333;50;12,129133333333334;1819,3700000000001;63;0,0
c_8035;f;42,80808080808081;68;11,840454545454545;2344,41;82;0,0
c_8036;m;63,642857142857146;44;15,644107142857141;876,0699999999999;32;0,0
c_8037;m;21,7;9;52,294;522,9399999999999;5;1,0
c_8038;m;17,723076923076924;37;42,33430769230769;2751,73;33;1,0
c_8039;f;53,721311475409834;52;17,09032786885246;1042,51;31;0,0
c_804;f;33,69642857142857;26;13,323571428571428;746,12;25;0,0
c_8040;f;34,6875;7;9,28875;148,62;7;0,0
c_8041;m;50,825;29;20,2125;808,5;15;0,0
c_8042;f;60,68;17;14,0044;350,11;13;0,0
c_8043;f;44,774869109947645;70;11,8765445026178;2268,42;89;0,0
c_8044;m;40,62244897959184;41;12,372244897959185;1212,48;56;0,0
c_8045;f;76,8;11;13,4815;269,63;9;0,0
c_8046;m;39,84931506849315;26;14,441232876712329;1054,21;30;0,0
c_8047;f;66,51851851851852;15;14,94111111111111;403,40999999999997;18;0,0
c_8048;m;38,72012578616352;133;12,884937106918239;4097,41;128;0,0
c_8049;f;26,866666666666667;40;27,836777777777776;2505,31;38;1,0
c_805;m;27,363636363636363;5;23,69909090909091;260,69;7;1,0
c_8050;f;27,4;7;67,839;678,39;6;1,0
c_8051;f;29,0;1;55,235;110,47;2;1,0
c_8052;f;29,825396825396826;32;26,65285714285714;1679,1299999999999;24;1,0
c_8053;m;50,724489795918366;81;15,412142857142856;1510,3899999999999;48;0,0
c_8054;f;25,9;16;19,72375;788,9499999999999;16;0,0
c_8055;f;32,68020304568528;74;14,858121827411168;2927,05;91;0,0
c_8056;m;36,69642857142857;50;12,674642857142857;1419,56;55;0,0
c_8057;m;55,642857142857146;50;18,396571428571427;1287,76;37;0,0
c_8058;m;30,736196319018404;72;13,339631901840491;2174,36;79;0,0
c_8059;f;62,8;9;15,041;150,41;5;0,0
c_806;f;46,79545454545455;45;13,910909090909092;1224,16;33;0,0
c_8060;f;42,72839506172839;25;14,976049382716049;1213,06;33;0,0
c_8061;f;41,61764705882353;28;13,72529411764706;933,32;40;0,0
c_8062;f;56,6578947368421;51;16,97605263157895;1290,18;36;0,0
c_8063;m;59,733668341708544;153;15,11145728643216;3007,18;83;0,0
c_8064;f;53,785714285714285;14;17,74142857142857;248,38;6;0,0
c_8065;f;17,4;21;47,738;1193,45;16;1,0
c_8066;m;67,0;5;12,256;61,28;5;0,0
c_8067;m;47,892857142857146;9;14,964642857142858;419,01;18;0,0
c_8068;f;19,6;5;40,715999999999994;203,57999999999998;3;1,0
c_8069;f;46,72839506172839;100;13,518806584362139;3285,0699999999997;117;0,0
c_807;f;20,625;14;73,608125;1177,73;7;1,0
c_8070;m;79,83333333333333;26;18,661388888888887;671,81;17;0,0
c_8071;f;17,652173913043477;27;53,68195652173913;2469,37;22;1,0
c_8072;m;28,625;19;72,19666666666667;1732,72;11;1,0
c_8073;m;39,705882352941174;53;12,35378151260504;1470,1;58;0,0
c_8074;m;52,728476821192054;90;16,138609271523176;2436,93;75;0,0
c_8075;f;59,75;8;19,924999999999997;159,39999999999998;5;0,0
c_8076;f;33,71311475409836;47;12,282377049180328;1498,45;53;0,0
c_8077;m;53,638888888888886;34;15,680833333333332;564,51;15;0,0
c_8078;m;43,59398496240601;56;11,718345864661654;1558,54;73;0,0
c_8079;f;59,42857142857143;37;16,359761904761903;687,11;29;0,0
c_808;m;17,333333333333332;6;33,025555555555556;297,23;8;1,0
c_8080;m;30,32;8;11,7452;293,63;17;0,0
c_8081;f;57,604166666666664;31;13,176458333333334;632,47;27;0,0
c_8082;m;43,6875;39;14,334895833333333;1376,1499999999999;40;0,0
c_8083;m;65,91666666666667;10;10,6;254,4;8;0,0
c_8084;m;68,8;31;14,169;708,45;21;0,0
c_8085;f;31,58;21;12,1874;609,37;30;0,0
c_8086;f;26,4;8;30,123;301,23;7;1,0
c_8087;f;54,71515151515152;139;16,468;2717,22;74;0,0
c_8088;f;54,56521739130435;19;16,23913043478261;373,5;12;0,0
c_8089;f;36,68867924528302;50;12,790566037735848;1355,8;53;0,0
c_809;m;32,598130841121495;48;12,641121495327102;1352,6;59;0,0
c_8090;m;34,611111111111114;24;12,129444444444445;654,99;34;0,0
c_8091;f;17,625;40;49,51979166666666;2376,95;23;1,0
c_8092;m;73,0;3;16,259999999999998;65,03999999999999;4;0,0
c_8093;m;89,33333333333333;18;19,644166666666667;471,46;16;0,0
c_8094;m;66,8;10;13,043000000000001;260,86;8;0,0
c_8095;f;43,666666666666664;12;8,7175;209,22;12;0,0
c_8096;f;32,74311926605505;48;12,091834862385321;1318,01;60;0,0
c_8097;f;53,651162790697676;23;15,865116279069765;682,1999999999999;21;0,0
c_8098;m;44,75;8;16,03875;384,93;9;0,0
c_8099;f;26,529411764705884;18;40,93617647058824;1391,83;21;1,0
c_81;m;46,59119496855346;73;12,792893081761006;2034,07;97;0,0
c_810;m;41,690140845070424;56;13,311690140845071;1890,26;63;0,0
c_8100;f;63,72222222222222;31;14,13;508,68;17;0,0
c_8101;m;28,375;3;16,891875;270,27;10;0,0
c_8102;m;44,59375;9;12,545;401,44;15;0,0
c_8103;f;29,763157894736842;51;41,69973684210526;3169,18;36;1,0
c_8104;m;23,862745098039216;15;31,309607843137254;1596,79;16;1,0
c_8105;m;34,714285714285715;41;13,909880952380954;1168,43;43;0,0
c_8106;m;20,62162162162162;20;29,83216216216216;1103,79;21;1,0
c_8107;m;52,705882352941174;13;16,55;281,35;8;0,0
c_8108;m;20,666666666666668;9;25,686666666666664;385,29999999999995;7;1,0
c_8109;f;39,61467889908257;34;14,536788990825688;1584,51;47;0,0
c_811;f;51,68571428571428;40;16,575;1160,25;28;0,0
c_8110;m;26,555555555555557;13;77,49;1394,82;10;1,0
c_8111;f;65,4;9;15,507;155,07;7;0,0
c_8112;m;17,678571428571427;47;43,10107142857142;2413,66;25;1,0
c_8113;m;22,294117647058822;14;50,67235294117647;861,43;13;1,0
c_8114;m;59,5;2;4,99;9,98;1;0,0
c_8115;f;18,73015873015873;18;14,858412698412698;936,0799999999999;31;0,0
c_8116;f;38,275;17;14,451999999999998;578,0799999999999;31;0,0
c_8117;m;21,636363636363637;19;29,906969696969696;986,93;16;1,0
c_8118;m;37,660633484162894;99;14,266515837104073;3152,9;107;0,0
c_8119;f;52,68354430379747;64;15,325443037974685;1210,71;36;0,0
c_812;m;35,611510791366904;47;13,488273381294963;1874,87;73;0,0
c_8120;f;32,714285714285715;58;13,46111111111111;1696,1;66;0,0
c_8121;f;50,59493670886076;59;15,35886075949367;1213,35;37;0,0
c_8122;f;18,6046511627907;32;44,76720930232558;1924,99;19;1,0
c_8123;f;27,571428571428573;6;55,395714285714284;387,77;4;1,0
c_8124;f;40,62222222222222;54;13,284296296296295;1793,3799999999999;66;0,0
c_8125;f;42,6328125;48;13,109765625;1678,05;60;0,0
c_8126;f;21,833333333333332;6;27,215833333333332;326,59;5;1,0
c_8127;f;33,58536585365854;5;11,388048780487804;466,90999999999997;17;0,0
c_8128;f;71,6830985915493;87;15,463732394366197;2195,85;60;0,0
c_8129;f;54,78787878787879;14;14,030303030303031;463,0;15;0,0
c_813;f;26,5;12;47,92307692307692;1246,0;20;1,0
c_8130;f;44,75;24;14,2659375;913,02;27;0,0
c_8131;m;38,708333333333336;11;11,617083333333333;278,81;17;0,0
c_8132;m;43,54;18;18,270799999999998;913,54;29;0,0
c_8133;m;56,82051282051282;56;15,324529914529915;1792,97;49;0,0
c_8134;f;56,8;13;17,137;514,11;12;0,0
c_8135;f;61,75609756097561;31;18,900243902439023;774,91;21;0,0
c_8136;m;35,65615141955836;134;12,384511041009464;3925,89;146;0,0
c_8137;f;50,45454545454545;11;18,082727272727272;198,91;6;0,0
c_8138;f;37,641666666666666;90;11,516791666666666;2764,0299999999997;109;0,0
c_8139;f;67,61971830985915;43;15,915492957746478;1130,0;34;0,0
c_814;f;17,892857142857142;13;50,96321428571429;1426,97;11;1,0
c_8140;m;50,5;2;4,15;8,3;1;0,0
c_8141;f;38,6554054054054;65;14,168783783783784;2096,98;71;0,0
c_8142;f;29,571428571428573;7;91,31000000000002;639,1700000000001;4;1,0
c_8143;f;20,764705882352942;9;22,776470588235295;387,2;9;1,0
c_8144;f;20,770833333333332;38;41,166666666666664;1976,0;23;1,0
c_8145;m;30,699029126213592;42;14,060679611650485;1448,25;57;0,0
c_8146;f;51,725806451612904;45;15,938387096774193;988,18;31;0,0
c_8147;m;31,852713178294575;52;13,424573643410852;1731,77;56;0,0
c_8148;f;32,64705882352941;7;11,001176470588236;187,02;7;0,0
c_8149;f;57,89795918367347;23;20,837142857142858;1021,02;19;0,0
c_815;m;75,6304347826087;36;16,445652173913043;756,5;22;0,0
c_8150;m;46,65573770491803;21;12,312950819672132;751,09;32;0,0
c_8151;m;50,72;18;13,439199999999998;671,9599999999999;23;0,0
c_8152;f;44,704918032786885;27;12,64327868852459;771,24;27;0,0
c_8153;f;46,5472972972973;69;11,556013513513513;1710,29;72;0,0
c_8154;f;32,59649122807018;28;12,133684210526315;691,62;35;0,0
c_8155;f;25,46153846153846;11;65,90307692307692;856,74;8;1,0
c_8156;f;26,833333333333332;6;34,065000000000005;204,39000000000001;2;1,0
c_8157;m;28,71794871794872;51;45,093717948717945;3517,31;36;1,0
c_8158;m;37,513513513513516;15;11,774324324324324;435,65;20;0,0
c_8159;m;17,729166666666668;59;45,4475;4362,96;35;1,0
c_816;f;42,55172413793103;29;13,870689655172415;804,5;33;0,0
c_8160;f;37,8;24;21,168;846,7199999999999;22;0,0
c_8161;m;66,66896551724138;113;19,47241379310345;2823,5;67;0,0
c_8162;f;75,74137931034483;41;16,04310344827586;930,5;30;0,0
c_8163;f;39,61875;125;13,165000000000001;4212,8;143;0,0
c_8164;m;65,56756756756756;13;14,861891891891892;549,89;19;0,0
c_8165;m;27,666666666666668;23;39,98799999999999;2399,2799999999997;21;1,0
c_8166;f;39,69491525423729;24;15,016101694915253;885,9499999999999;25;0,0
c_8167;m;56,697916666666664;78;17,318854166666664;1662,61;43;0,0
c_8168;m;37,76;14;10,9116;272,79;12;0,0
c_8169;m;58,81818181818182;68;16,062987012987012;1236,85;34;0,0
c_817;m;34,871428571428574;30;12,113142857142856;847,92;29;0,0
c_8170;m;36,642105263157895;40;12,784526315789474;1214,53;50;0,0
c_8171;m;49,612612612612615;46;13,670630630630631;1517,44;57;0,0
c_8172;f;33,666666666666664;123;12,839722222222223;3697,84;133;0,0
c_8173;f;37,73684210526316;9;12,981052631578947;246,64;9;0,0
c_8174;m;30,705128205128204;38;14,184102564102563;1106,36;35;0,0
c_8175;f;59,77142857142857;21;13,934;487,69;17;0,0
c_8176;m;45,285714285714285;6;9,255714285714285;129,57999999999998;10;0,0
c_8177;m;37,66315789473684;46;14,666526315789474;1393,32;48;0,0
c_8178;m;19,69090909090909;35;51,661454545454546;2841,38;25;1,0
c_8179;m;17,63888888888889;27;45,43444444444444;1635,6399999999999;18;1,0
c_818;m;60,80434782608695;34;16,930434782608696;778,8;20;0,0
c_8180;f;47,854838709677416;52;11,326048387096774;1404,43;50;0,0
c_8181;f;27,58823529411765;9;51,845882352941175;881,38;10;1,0
c_8182;f;17,8125;17;38,4228125;1229,53;12;1,0
c_8183;f;67,6470588235294;42;15,63078431372549;797,17;22;0,0
c_8184;f;45,60645161290323;71;12,473741935483872;1933,43;76;0,0
c_8185;m;45,58974358974359;15;13,934102564102563;543,43;19;0,0
c_8186;m;43,88;30;10,824;811,8;33;0,0
c_8187;f;45,40909090909091;9;16,47;362,34;13;0,0
c_8188;m;31,58267716535433;42;12,248188976377953;1555,52;58;0,0
c_8189;f;48,84146341463415;35;15,168658536585365;1243,83;31;0,0
c_819;m;20,666666666666668;5;38,91111111111111;350,2;3;1,0
c_8190;f;39,79245283018868;65;15,255597484276729;2425,64;65;0,0
c_8191;m;43,525862068965516;44;14,54103448275862;1686,76;67;0,0
c_8192;f;29,618181818181817;28;28,43109090909091;1563,71;28;1,0
c_8193;m;29,632478632478634;54;37,75145299145299;4416,92;53;1,0
c_8194;m;48,6;16;14,383;575,3199999999999;24;0,0
c_8195;f;42,678082191780824;59;12,395000000000001;1809,67;63;0,0
c_8196;m;53,42424242424242;20;15,589393939393942;514,45;20;0,0
c_8197;m;35,62903225806452;84;13,920376344086021;2589,19;102;0,0
c_8198;m;45,6875;9;14,67125;234,74;7;0,0
c_8199;f;27,827956989247312;39;39,307634408602155;3655,61;29;1,0
c_82;m;32,836363636363636;18;14,530181818181818;799,16;28;0,0
c_820;f;39,83050847457627;26;11,54271186440678;681,02;26;0,0
c_8200;m;79,6046511627907;15;15,00906976744186;645,39;21;0,0
c_8201;f;62,72486772486773;126;17,83089947089947;3370,04;78;0,0
c_8202;m;38,67567567567568;13;13,911891891891893;514,74;20;0,0
c_8203;f;62,851851851851855;12;12,378518518518517;334,21999999999997;11;0,0
c_8204;f;33,69662921348315;82;13,481067415730339;2399,63;83;0,0
c_8205;f;41,52447552447553;58;12,665594405594407;1811,18;85;0,0
c_8206;m;52,36363636363637;7;26,237272727272728;288,61;7;0,0
c_8207;m;25,583333333333332;8;22,88416666666667;274,61;6;1,0
c_8208;f;17,8;28;35,402545454545454;1947,14;27;1,0
c_8209;m;79,6907894736842;122;17,787171052631578;2703,65;74;0,0
c_821;f;28,51851851851852;18;35,55888888888889;960,0899999999999;15;1,0
c_8210;m;88,54545454545455;9;15,198636363636364;334,37;10;0,0
c_8211;f;37,62903225806452;32;14,951451612903226;926,99;30;0,0
c_8212;f;26,705882352941178;14;25,003235294117648;850,11;15;1,0
c_8213;f;43,63559322033898;55;13,786949152542372;1626,86;66;0,0
c_8214;m;58,0;4;16,825000000000003;67,30000000000001;2;0,0
c_8215;f;65,64864864864865;21;12,018378378378378;444,68;19;0,0
c_8216;m;56,63768115942029;34;21,148840579710146;1459,27;32;0,0
c_8217;m;50,72164948453608;71;21,049896907216493;2041,84;35;0,0
c_8218;f;61,732142857142854;48;16,745535714285715;937,75;29;0,0
c_8219;f;31,55072463768116;28;13,605507246376812;938,78;40;0,0
c_822;m;21,55;26;31,992166666666666;1919,53;33;1,0
c_8220;m;25,595238095238095;35;59,67095238095238;2506,18;20;1,0
c_8221;m;18,5;2;75,91499999999999;303,65999999999997;2;1,0
c_8222;m;29,571428571428573;7;54,971428571428575;384,8;4;1,0
c_8223;f;30,60427807486631;88;12,50379679144385;2338,21;93;0,0
c_8224;m;47,668571428571425;55;12,349542857142858;2161,17;87;0,0
c_8225;m;21,757575757575758;31;34,082727272727276;2249,46;34;1,0
c_8226;m;63,70175438596491;47;18,06298245614035;1029,59;32;0,0
c_8227;f;67,88888888888889;21;17,16177777777778;772,28;14;0,0
c_8228;f;42,63461538461539;26;13,297307692307694;691,46;24;0,0
c_8229;f;68,72847682119205;81;15,839072847682118;2391,7;69;0,0
c_823;m;41,61290322580645;12;12,894193548387095;399,71999999999997;16;0,0
c_8230;f;22,705882352941178;13;21,07558823529412;716,57;12;1,0
c_8231;f;72,6;40;15,585999999999999;779,3;22;0,0
c_8232;f;60,69230769230769;8;13,911538461538461;180,85;6;0,0
c_8233;m;58,63636363636363;29;18,782727272727275;619,83;17;0,0
c_8234;m;48,916666666666664;13;19,037222222222223;685,34;13;0,0
c_8235;f;29,75;19;51,214642857142856;1434,01;15;1,0
c_8236;f;29,566666666666666;6;15,879999999999999;476,4;13;0,0
c_8237;m;67,6891891891892;61;16,19054054054054;1198,1;33;0,0
c_8238;f;39,81318681318681;35;14,594945054945054;1328,1399999999999;36;0,0
c_8239;m;24,571428571428573;12;37,92642857142857;530,97;7;1,0
c_824;f;26,714285714285715;24;45,81928571428572;1282,94;15;1,0
c_8240;f;43,679611650485434;43;14,89495145631068;1534,18;50;0,0
c_8241;m;74,58333333333333;21;13,460555555555555;484,58;16;0,0
c_8242;m;28,79310344827586;46;32,36258620689655;1877,03;24;1,0
c_8243;m;51,611111111111114;12;12,166666666666666;219,0;9;0,0
c_8244;f;27,6;15;79,5655;1591,31;9;1,0
c_8245;f;17,555555555555557;14;30,664814814814818;827,95;19;1,0
c_8246;m;43,4;12;17,03033333333333;510,90999999999997;18;0,0
c_8247;f;33,595238095238095;19;11,590238095238096;486,79;20;0,0
c_8248;m;39,70666666666666;24;13,285866666666665;996,4399999999999;37;0,0
c_8249;m;57,64705882352941;21;17,889117647058825;608,23;18;0,0
c_825;f;44,64028776978417;73;14,1031654676259;1960,34;75;0,0
c_8250;m;70,52631578947368;35;20,485526315789475;778,45;21;0,0
c_8251;f;65,96551724137932;23;20,030344827586205;580,88;9;0,0
c_8252;f;32,77911646586345;102;12,401365461847389;3087,94;118;0,0
c_8254;f;71,71917808219177;91;14,597328767123289;2131,21;59;0,0
c_8255;f;19,625;11;30,80625;985,8;15;1,0
c_8256;m;32,42307692307692;12;10,554615384615385;274,42;19;0,0
c_8257;f;54,5919540229885;136;16,243965517241378;2826,45;81;0,0
c_8258;f;23,704545454545453;34;66,26386363636362;2915,6099999999997;18;1,0
c_8259;f;17,886363636363637;27;37,768181818181816;1661,8;21;1,0
c_826;f;17,6;16;42,045;840,9;11;1,0
c_8260;m;30,555555555555557;94;12,172463768115941;2519,7;103;0,0
c_8261;m;83,80597014925372;26;16,78313432835821;1124,47;30;0,0
c_8262;f;29,53846153846154;9;21,973846153846154;856,98;19;0,0
c_8263;m;64,71428571428571;16;23,447321428571428;1313,05;24;0,0
c_8264;f;31,68235294117647;94;12,903647058823529;3290,43;116;0,0
c_8265;f;24,615384615384617;11;43,45538461538461;564,92;6;1,0
c_8266;f;72,5625;47;16,59171875;1061,87;32;0,0
c_8267;m;47,77777777777778;38;13,757333333333333;1238,16;36;0,0
c_8268;m;23,904761904761905;14;70,1447619047619;1473,04;10;1,0
c_8269;f;52,45454545454545;8;19,747272727272726;217,21999999999997;6;0,0
c_827;f;38,601694915254235;44;14,923135593220339;1760,93;65;0,0
c_8270;m;59,666666666666664;12;9,61;115,32;6;0,0
c_8271;f;71,69491525423729;51;15,932033898305084;939,99;28;0,0
c_8272;m;30,508474576271187;22;13,492033898305085;796,03;37;0,0
c_8273;m;30,346938775510203;19;18,988979591836735;930,46;34;0,0
c_8274;f;46,73232323232323;73;12,92469696969697;2559,09;81;0,0
c_8275;f;30,625;15;15,478;619,12;16;0,0
c_8276;f;34,70967741935484;13;17,614193548387096;546,04;13;0,0
c_8277;f;44,74285714285714;42;12,502857142857142;1312,8;45;0,0
c_8278;f;37,47863247863248;41;14,223846153846154;1664,19;73;0,0
c_8279;f;34,682291666666664;87;12,799895833333332;2457,58;91;0,0
c_828;m;63,44444444444444;8;15,247777777777777;137,23;6;0,0
c_8280;f;54,666666666666664;71;15,45017543859649;1761,32;53;0,0
c_8281;m;20,833333333333332;16;62,76222222222222;1129,72;7;1,0
c_8282;f;45,662921348314605;104;11,4563670411985;3058,85;111;0,0
c_8283;m;24,666666666666668;21;62,10166666666666;2235,66;17;1,0
c_8284;m;46,710144927536234;30;12,07710144927536;833,3199999999999;29;0,0
c_8285;f;66,76470588235294;86;16,299607843137256;1662,56;46;0,0
c_8286;f;41,55263157894737;32;14,372543859649124;1638,47;65;0,0
c_8287;m;37,60204081632653;48;13,225306122448979;1296,08;51;0,0
c_8288;m;39,61224489795919;16;13,976122448979593;684,83;25;0,0
c_8289;f;48,847457627118644;26;11,077627118644067;653,5799999999999;24;0,0
c_829;m;35,70135746606335;82;11,978461538461538;2647,24;117;0,0
c_8290;f;40,74418604651163;19;13,448604651162789;578,29;21;0,0
c_8291;m;18,65;7;52,106500000000004;1042,13;8;1,0
c_8292;f;22,72222222222222;17;41,03888888888889;1477,4;16;1,0
c_8293;m;60,70886075949367;44;17,797974683544304;1406,04;39;0,0
c_8294;f;55,64705882352941;33;16,44607843137255;838,75;27;0,0
c_8295;f;17,666666666666668;13;31,039333333333335;931,1800000000001;12;1,0
c_8296;m;30,691176470588236;58;14,255588235294118;1938,76;61;0,0
c_8297;m;53,523809523809526;13;19,052857142857142;400,11;12;0,0
c_8298;f;56,583333333333336;16;14,8575;356,58;15;0,0
c_8299;m;52,73015873015873;47;18,617301587301586;1172,8899999999999;32;0,0
c_83;f;23,891304347826086;33;69,2586956521739;3185,8999999999996;18;1,0
c_830;f;40,76237623762376;46;12,698019801980198;1282,5;46;0,0
c_8300;f;38,875;11;14,87525;595,01;21;0,0
c_8301;f;47,666666666666664;68;12,040790960451977;2131,22;78;0,0
c_8302;m;25,58823529411765;23;67,17882352941176;2284,08;18;1,0
c_8303;m;31,79642857142857;113;14,747035714285715;4129,17;115;0,0
c_8304;m;32,60335195530726;76;13,896871508379888;2487,54;85;0,0
c_8305;m;29,033333333333335;10;28,1;843,0;17;1,0
c_8306;m;75,74137931034483;43;15,236034482758619;883,6899999999999;29;0,0
c_8307;m;48,69090909090909;24;13,309636363636363;732,03;29;0,0
c_8308;m;40,56204379562044;57;12,884525547445255;1765,18;68;0,0
c_8309;f;59,71111111111111;37;13,112222222222222;590,05;19;0,0
c_831;f;30,59433962264151;49;10,18066037735849;1079,15;59;0,0
c_8310;f;82,5;3;11,79;47,16;3;0,0
c_8311;f;51,81578947368421;28;14,821315789473685;563,21;14;0,0
c_8312;f;50,96;66;18,4957;1849,57;41;0,0
c_8313;f;34,734939759036145;41;15,528554216867468;1288,87;41;0,0
c_8314;m;17,8;32;56,17714285714286;1966,2;16;1,0
c_8315;f;52,791666666666664;19;27,653750000000002;663,69;9;0,0
c_8316;f;40,70634920634921;64;12,194444444444445;1536,5;56;0,0
c_8317;m;51,56;21;16,5228;413,07;15;0,0
c_8318;m;23,80327868852459;36;46,04032786885246;2808,46;28;1,0
c_8319;f;42,483870967741936;14;13,303548387096773;412,40999999999997;20;0,0
c_832;m;29,545454545454547;7;45,08090909090909;495,89;6;1,0
c_8320;f;55,76923076923077;42;17,136410256410255;1336,6399999999999;38;0,0
c_8321;m;35,717948717948715;12;16,406666666666666;639,86;18;0,0
c_8322;f;40,64963503649635;55;12,802116788321168;1753,89;75;0,0
c_8323;f;25,58974358974359;23;65,38051282051282;2549,84;21;1,0
c_8324;m;46,5938864628821;97;12,762838427947598;2922,69;119;0,0
c_8325;f;38,72888888888889;85;13,502577777777777;3038,08;106;0,0
c_8326;m;38,63106796116505;39;13,393980582524271;1379,58;52;0,0
c_8327;m;49,666666666666664;117;13,34191823899371;4242,73;143;0,0
c_8328;m;40,81818181818182;17;14,797272727272725;325,53999999999996;12;0,0
c_8329;m;17,625;6;39,435;315,48;5;1,0
c_833;f;60,73913043478261;31;15,36586956521739;706,8299999999999;27;0,0
c_8330;f;65,63541666666667;79;20,140520833333333;1933,49;48;0,0
c_8331;m;46,6031746031746;29;13,593333333333334;856,38;33;0,0
c_8332;m;25,96385542168675;20;23,297469879518072;1933,69;31;1,0
c_8333;m;58,67424242424242;105;16,472727272727273;2174,4;61;0,0
c_8334;f;68,71875;51;16,28265625;1042,09;25;0,0
c_8335;f;26,738095238095237;18;28,030714285714286;1177,29;14;1,0
c_8336;f;60,55172413793103;11;13,048275862068964;378,4;18;0,0
c_8337;f;63,73684210526316;32;12,514736842105263;475,56;16;0,0
c_8338;f;48,62068965517241;20;11,126551724137931;645,34;28;0,0
c_8339;f;50,68292682926829;48;15,71719512195122;1288,81;36;0,0
c_834;m;49,74193548387097;42;15,273333333333333;1420,42;49;0,0
c_8340;f;44,6695652173913;53;13,07521739130435;1503,65;53;0,0
c_8341;m;63,61538461538461;15;17,824871794871793;695,17;18;0,0
c_8342;f;43,48936170212766;15;11,971702127659574;562,67;24;0,0
c_8343;f;32,674311926605505;95;12,472018348623854;2718,9;109;0,0
c_8344;f;20,833333333333332;19;22,635277777777777;814,87;13;1,0
c_8345;f;28,62962962962963;18;55,75222222222222;1505,31;15;1,0
c_8346;f;42,607594936708864;37;12,295316455696202;971,33;50;0,0
c_8347;m;43,60952380952381;41;13,334761904761905;1400,15;53;0,0
c_8348;m;50,54545454545455;55;20,61766233766234;1587,56;45;0,0
c_8349;m;67,64;22;15,315999999999999;382,9;14;0,0
c_835;m;27,52777777777778;30;43,9375;1581,75;21;1,0
c_8350;f;90,56521739130434;12;18,532608695652176;426,25;13;0,0
c_8351;f;53,0;1;6,31;6,31;1;0,0
c_8352;m;43,847457627118644;23;11,920847457627117;703,3299999999999;26;0,0
c_8353;f;20,793650793650794;16;24,529682539682536;1545,37;25;1,0
c_8354;f;19,833333333333332;6;21,308333333333334;127,85;3;1,0
c_8355;f;42,5;16;12,693235294117647;431,57;21;0,0
c_8356;f;57,660714285714285;90;17,556428571428572;1966,32;53;0,0
c_8357;m;18,0;15;24,94780487804878;1022,86;16;1,0
c_8358;f;30,873417721518987;28;13,739493670886077;1085,42;27;0,0
c_8359;f;56,632183908045974;70;14,51494252873563;1262,8;40;0,0
c_836;f;53,55882352941177;11;15,210588235294116;517,16;14;0,0
c_8360;f;42,771929824561404;25;12,599649122807017;718,18;32;0,0
c_8361;f;37,666666666666664;19;15,27;595,53;15;0,0
c_8362;f;92,89795918367346;25;17,201428571428572;842,87;16;0,0
c_8363;f;25,615384615384617;18;31,98;831,48;12;1,0
c_8364;m;48,58715596330275;47;15,21348623853211;1658,27;58;0,0
c_8365;m;43,61306532663317;84;13,119798994974875;2610,84;95;0,0
c_8366;f;28,625;15;32,72125;1047,08;17;1,0
c_8367;f;48,82051282051282;20;12,447179487179486;485,44;22;0,0
c_8368;m;45,657303370786515;74;11,76185393258427;2093,61;77;0,0
c_8369;f;17,7;8;99,28999999999999;992,9;4;1,0
c_837;m;67,68571428571428;22;14,320285714285713;501,21;14;0,0
c_8370;f;51,58620689655172;25;16,70793103448276;484,53;16;0,0
c_8371;m;50,714285714285715;18;18,12607142857143;507,53;17;0,0
c_8372;f;43,79802955665025;83;14,438916256157635;2931,1;91;0,0
c_8373;f;24,829787234042552;32;48,333829787234045;2271,69;18;1,0
c_8374;m;58,65492957746479;112;16,43950704225352;2334,41;67;0,0
c_8375;f;82,78787878787878;20;19,42727272727273;641,1;13;0,0
c_8376;m;39,76190476190476;9;23,4;491,4;7;0,0
c_8377;f;61,48148148148148;25;14,857037037037037;401,14;16;0,0
c_8378;m;40,71232876712329;28;12,838630136986302;937,22;33;0,0
c_8379;f;32,44117647058823;30;11,976617647058823;814,41;45;0,0
c_838;m;56,67307692307692;68;17,197499999999998;1788,54;54;0,0
c_8380;f;63,8;4;19,314;96,57;4;0,0
c_8382;f;46,69135802469136;29;14,453950617283951;1170,77;42;0,0
c_8383;f;50,67664670658683;134;18,715808383233533;3125,54;87;0,0
c_8384;m;82,86567164179104;37;19,213880597014924;1287,33;27;0,0
c_8385;m;41,30434782608695;10;11,76782608695652;270,65999999999997;15;0,0
c_8386;m;43,46341463414634;18;10,676341463414634;437,72999999999996;24;0,0
c_8387;f;65,63636363636364;10;9,982727272727272;109,81;6;0,0
c_8388;m;31,70394736842105;53;12,84953947368421;1953,1299999999999;74;0,0
c_8389;m;17,633333333333333;17;28,38533333333333;851,56;15;1,0
c_839;f;56,594202898550726;50;18,19405797101449;1255,3899999999999;36;0,0
c_8390;f;22,72;23;29,0456;1452,28;23;1,0
c_8391;f;31,647058823529413;9;19,282941176470587;327,81;9;0,0
c_8392;f;43,66032608695652;152;13,377771739130434;4923,0199999999995;169;0,0
c_8393;f;56,76923076923077;9;22,063846153846153;286,83;6;0,0
c_8394;m;39,795918367346935;19;11,474285714285715;562,24;17;0,0
c_8395;m;28,862068965517242;32;42,506379310344826;2465,37;23;1,0
c_8396;m;35,48275862068966;24;14,428793103448276;836,87;37;0,0
c_8397;f;59,6;7;13,202000000000002;132,02;4;0,0
c_8398;f;44,78082191780822;31;11,886712328767123;867,73;33;0,0
c_8399;f;24,847826086956523;15;32,297826086956526;1485,7;19;1,0
c_84;f;39,392857142857146;14;15,268214285714285;427,51;20;0,0
c_840;m;35,84615384615385;19;10,219615384615384;531,42;24;0,0
c_8400;m;46,65098039215686;86;12,534941176470587;3196,41;125;0,0
c_8401;m;19,416666666666668;8;29,670833333333334;356,05;7;1,0
c_8402;f;54,724137931034484;68;16,395517241379313;1426,41;38;0,0
c_8403;m;59,58585858585859;63;15,422323232323231;1526,81;52;0,0
c_8404;m;27,833333333333332;14;44,59111111111111;802,64;11;1,0
c_8405;m;74,41666666666667;22;15,784583333333332;378,83;14;0,0
c_8406;f;31,55072463768116;30;17,617536231884056;1215,61;40;0,0
c_8407;f;17,571428571428573;10;67,69857142857143;947,78;6;1,0
c_8408;f;29,55;15;17,497;699,88;19;0,0
c_8409;f;51,87671232876713;48;15,399041095890409;1124,1299999999999;32;0,0
c_841;f;25,037037037037038;13;54,346666666666664;1467,36;11;1,0
c_8410;f;29,764705882352942;34;40,762352941176474;2078,88;22;1,0
c_8411;m;45,390243902439025;19;14,772682926829267;605,68;26;0,0
c_8412;m;21,73076923076923;9;13,061923076923078;339,61;14;0,0
c_8413;f;18,784313725490197;18;35,561960784313726;1813,66;24;1,0
c_8414;m;56,0;19;15,975333333333333;479,26;10;0,0
c_8415;f;51,68571428571428;33;15,806571428571429;553,23;15;0,0
c_8416;m;59,285714285714285;7;17,051428571428573;119,36000000000001;5;0,0
c_8417;f;35,608695652173914;35;12,473913043478262;860,7;32;0,0
c_8418;m;37,892857142857146;29;13,791428571428572;1158,48;36;0,0
c_8419;f;31,52991452991453;50;13,313162393162393;1557,64;61;0,0
c_842;m;47,65833333333333;48;11,757416666666668;1410,89;61;0,0
c_8420;f;69,70833333333333;20;16,55125;397,23;11;0,0
c_8421;m;21,571428571428573;13;77,50857142857144;1085,1200000000001;8;1,0
c_8422;m;41,901408450704224;26;13,14450704225352;933,26;26;0,0
c_8423;f;72,68181818181819;8;14,899545454545455;327,79;14;0,0
c_8424;m;38,72463768115942;21;12,581014492753624;868,09;33;0,0
c_8425;f;68,63815789473684;101;16,194276315789473;2461,5299999999997;68;0,0
c_8426;m;18,043478260869566;25;24,367826086956523;1120,92;16;1,0
c_8427;f;54,74074074074074;14;19,935925925925925;538,27;13;0,0
c_8428;m;42,44736842105263;14;11,913684210526315;452,71999999999997;24;0,0
c_8429;m;18,52;11;33,5952;839,88;14;1,0
c_843;f;53,76744186046512;13;23,605116279069765;1015,02;22;0,0
c_8430;m;17,466666666666665;20;96,22533333333334;2886,76;19;1,0
c_8431;f;36,876288659793815;40;12,55360824742268;1217,7;43;0,0
c_8432;f;69,70689655172414;38;15,564310344827586;902,73;27;0,0
c_8433;m;62,64;16;13,830800000000002;345,77000000000004;15;0,0
c_8434;f;27,70175438596491;27;55,98508771929825;3191,15;25;1,0
c_8435;m;35,66197183098591;22;13,593239436619719;965,12;30;0,0
c_8436;f;62,602409638554214;69;18,37734939759036;1525,32;40;0,0
c_8437;f;17,454545454545453;6;36,17909090909091;397,96999999999997;7;1,0
c_8438;f;66,4090909090909;32;16,53068181818182;727,35;28;0,0
c_8439;f;61,607142857142854;84;17,248482142857142;1931,83;53;0,0
c_844;m;82,5;7;32,79;327,9;6;0,0
c_8440;f;27,74074074074074;18;13,283703703703702;717,3199999999999;24;0,0
c_8441;f;37,69090909090909;65;12,856848484848486;2121,38;78;0,0
c_8442;m;41,75316455696203;55;12,266582278481012;1938,12;63;0,0
c_8443;f;21,49056603773585;16;20,032075471698114;1061,7;32;1,0
c_8444;f;44,49315068493151;23;14,235616438356166;1039,2;42;0,0
c_8445;f;34,63636363636363;15;10,93969696969697;361,01;13;0,0
c_8446;f;23,5625;15;19,4975;623,92;18;1,0
c_8447;f;41,57142857142857;12;16,130000000000003;338,73;11;0,0
c_8448;m;49,629629629629626;11;16,42888888888889;443,58;14;0,0
c_8449;m;19,64;42;37,89853333333333;2842,39;37;1,0
c_845;m;26,575;35;53,798500000000004;2151,94;22;1,0
c_8450;m;17,490909090909092;31;30,43509090909091;1673,93;32;1,0
c_8451;m;30,64426877470356;123;13,290869565217392;3362,59;123;0,0
c_8452;m;48,526315789473685;7;11,958421052631579;227,20999999999998;11;0,0
c_8453;m;38,61643835616438;26;10,447397260273972;762,66;37;0,0
c_8454;m;62,68235294117647;65;14,244117647058824;1210,75;41;0,0
c_8455;m;49,657407407407405;87;12,008287037037038;2593,79;104;0,0
c_8456;f;51,736111111111114;49;18,145555555555557;1306,48;34;0,0
c_8457;m;36,56470588235294;36;12,58129411764706;1069,41;48;0,0
c_8458;m;67,42105263157895;6;12,32684210526316;234,21;11;0,0
c_8459;f;26,816666666666666;36;36,95066666666666;2217,04;21;1,0
c_846;f;40,65365853658537;77;12,52331707317073;2567,2799999999997;91;0,0
c_8460;m;61,57425742574257;68;16,635841584158417;1680,22;55;0,0
c_8461;m;19,823529411764707;12;63,79294117647059;1084,48;11;1,0
c_8462;f;31,419354838709676;17;9,309032258064516;288,58;20;0,0
c_8463;f;54,75;14;17,734;354,68;10;0,0
c_8464;f;44,644067796610166;21;15,30271186440678;902,86;28;0,0
c_8465;m;51,59615384615385;87;15,202211538461539;1581,03;53;0,0
c_8466;f;53,745098039215684;45;15,328823529411764;781,77;24;0,0
c_8467;m;38,74782608695652;41;12,151043478260869;1397,37;55;0,0
c_8468;m;34,65771812080537;62;12,320671140939597;1835,78;75;0,0
c_8469;f;27,375;6;32,41;259,28;6;1,0
c_847;f;49,49180327868852;26;9,416065573770492;574,38;35;0,0
c_8470;f;17,7;18;44,321999999999996;886,4399999999999;10;1,0
c_8471;f;50,62068965517241;20;13,754137931034483;398,87;13;0,0
c_8472;f;40,72789115646258;60;12,433537414965986;1827,73;70;0,0
c_8473;f;38,516949152542374;55;12,629152542372882;1490,24;67;0,0
c_8474;f;24,35;10;35,8095;716,1899999999999;14;1,0
c_8475;f;69,5813953488372;26;14,74093023255814;633,86;25;0,0
c_8476;f;62,70322580645161;92;15,30574193548387;2372,39;72;0,0
c_8477;f;38,653333333333336;36;13,7392;1030,44;37;0,0
c_8478;f;35,142857142857146;18;13,879047619047618;582,92;17;0,0
c_8479;m;67,46153846153847;10;11,494615384615384;149,43;7;0,0
c_848;m;50,58441558441559;122;16,2162987012987;2497,31;76;0,0
c_8480;m;56,7;30;12,725;509,0;14;0,0
c_8481;f;44,64935064935065;27;20,151298701298703;1551,65;33;0,0
c_8482;f;50,63934426229508;46;17,454262295081968;1064,71;32;0,0
c_8483;f;40,6986301369863;28;8,59027397260274;627,09;32;0,0
c_8484;f;78,73076923076923;6;18,533846153846152;481,88;15;0,0
c_8485;m;62,6375;72;16,22175;1297,74;41;0,0
c_8486;f;43,61764705882353;47;12,76419117647059;1735,93;68;0,0
c_8487;f;84,69090909090909;74;17,873363636363635;1966,07;52;0,0
c_8488;f;64,87878787878788;24;18,497878787878786;610,43;13;0,0
c_8489;f;70,72602739726027;53;14,915616438356164;1088,84;32;0,0
c_849;m;31,663366336633665;40;13,096831683168316;1322,78;52;0,0
c_8490;f;29,74576271186441;24;34,65983050847457;2044,9299999999998;27;1,0
c_8491;f;51,708333333333336;24;12,349166666666667;296,38;14;0,0
c_8492;f;69,36363636363636;8;16,09272727272727;177,01999999999998;8;0,0
c_8493;f;61,666666666666664;18;18,37333333333333;330,71999999999997;9;0,0
c_8494;m;19,642857142857142;19;52,05107142857143;1457,43;13;1,0
c_8495;m;36,53164556962025;31;14,827468354430378;1171,37;41;0,0
c_8496;m;45,625;20;13,570833333333333;651,4;25;0,0
c_8497;f;31,592;63;13,6044;1700,55;64;0,0
c_8498;f;22,6;5;14,933999999999997;74,66999999999999;2;0,0
c_8499;f;52,6;62;17,064133333333334;1279,81;36;0,0
c_85;f;55,93939393939394;19;13,696060606060605;451,96999999999997;15;0,0
c_850;f;64,56692913385827;94;14,67047244094488;1863,1499999999999;62;0,0
c_8500;f;48,46938775510204;19;10,09;494,41;34;0,0
c_8501;f;35,707317073170735;127;13,765213414634145;4514,99;148;0,0
c_8502;f;46,684444444444445;96;14,15928888888889;3185,84;104;0,0
c_8503;m;77,6;20;18,348;458,7;14;0,0
c_8504;f;17,76923076923077;6;13,716923076923077;178,32;6;0,0
c_8505;m;59,568627450980394;38;17,230980392156862;878,78;27;0,0
c_8506;f;20,5;2;48,99;97,98;1;1,0
c_8507;f;65,5925925925926;19;18,86111111111111;509,25;16;0,0
c_8508;f;17,963636363636365;27;43,55563636363636;2395,56;24;1,0
c_8509;f;31,5;13;15,66625;375,99;13;0,0
c_851;f;55,706896551724135;49;14,847413793103447;861,15;31;0,0
c_8510;m;30,718498659517426;161;12,864959785522789;4798,63;169;0,0
c_8511;f;52,61702127659574;32;16,92808510638298;795,62;23;0,0
c_8512;m;55,73076923076923;62;16,220576923076923;1686,94;50;0,0
c_8513;m;65,66666666666667;18;20,381666666666668;366,87;8;0,0
c_8514;m;40,71559633027523;37;15,164495412844037;1652,93;53;0,0
c_8515;f;20,692307692307693;21;50,138717948717954;1955,41;19;1,0
c_8516;m;65,57142857142857;9;17,724285714285713;248,14;9;0,0
c_8517;f;21,623376623376622;48;41,28727272727273;3179,12;38;1,0
c_8518;f;57,61363636363637;81;16,093863636363636;1416,26;47;0,0
c_8519;m;75,74683544303798;45;18,23367088607595;1440,46;35;0,0
c_852;m;17,535714285714285;25;49,67107142857143;1390,79;15;1,0
c_8520;m;22,5;6;22,456;224,56;5;1,0
c_8521;f;30,684615384615384;59;13,635461538461538;1772,61;56;0,0
c_8522;f;46,6875;20;11,419375;730,84;33;0,0
c_8523;m;58,67368421052632;72;16,836315789473684;1599,45;42;0,0
c_8524;f;39,55555555555556;11;17,33888888888889;468,15;18;0,0
c_8525;m;32,98275862068966;23;12,667241379310344;734,6999999999999;24;0,0
c_8526;f;56,858369098712444;165;17,060343347639485;3975,06;86;0,0
c_8527;m;17,666666666666668;3;11,74;35,22;2;0,0
c_8528;f;48,535714285714285;14;12,260000000000002;343,28000000000003;17;0,0
c_8529;f;58,42857142857143;15;15,6;436,8;16;0,0
c_853;m;54,68539325842696;72;15,687078651685392;1396,1499999999999;49;0,0
c_8530;m;72,68115942028986;46;13,755507246376812;949,13;37;0,0
c_8531;m;18,0;1;9,06;27,18;3;0,0
c_8532;f;29,785714285714285;20;43,44428571428572;1216,44;15;1,0
c_8533;m;49,6078431372549;17;14,078235294117647;717,99;24;0,0
c_8534;m;33,75303643724696;110;14,162510121457489;3498,14;104;0,0
c_8535;f;36,60377358490566;26;14,500377358490566;768,52;24;0,0
c_8536;m;30,756756756756758;20;14,558108108108108;538,65;14;0,0
c_8537;f;30,7027027027027;152;14,260150150150151;4748,63;146;0,0
c_8538;m;48,86363636363637;15;11,7875;518,65;20;0,0
c_8539;m;32,51428571428571;20;14,438857142857144;505,36;17;0,0
c_854;m;45,707317073170735;69;11,210853658536585;1838,58;76;0,0
c_8540;f;22,75;4;66,5175;266,07;2;1,0
c_8541;m;50,56603773584906;80;18,154150943396225;1924,34;56;0,0
c_8542;m;24,583333333333332;10;20,61916666666667;494,86;12;1,0
c_8543;m;22,516129032258064;7;21,16322580645161;656,06;19;1,0
c_8544;m;64,63636363636364;17;15,667272727272726;517,02;15;0,0
c_8545;m;24,608695652173914;13;38,04869565217391;875,12;14;1,0
c_8546;m;34,714285714285715;24;12,477857142857143;698,76;28;0,0
c_8547;f;44,47959183673469;43;11,288163265306123;1106,24;59;0,0
c_8548;m;43,745098039215684;58;13,530718954248364;2070,2;75;0,0
c_8549;f;54,589285714285715;39;13,532499999999999;757,8199999999999;31;0,0
c_855;m;70,66666666666667;3;10,3;30,900000000000002;1;0,0
c_8550;m;19,71014492753623;14;14,24550724637681;982,9399999999999;27;0,0
c_8551;m;63,583333333333336;23;13,65125;327,63;14;0,0
c_8552;f;47,74074074074074;14;14,417407407407406;389,27;13;0,0
c_8553;m;28,6;7;32,16;321,59999999999997;4;1,0
c_8554;m;58,75;4;21,224999999999998;84,89999999999999;2;0,0
c_8555;f;48,91228070175438;18;16,83017543859649;959,3199999999999;27;0,0
c_8556;m;45,6449864498645;143;12,408943089430894;4578,9;173;0,0
c_8557;m;34,6865671641791;26;14,060149253731343;942,03;31;0,0
c_8558;f;65,70689655172414;98;16,74405172413793;1942,31;58;0,0
c_8559;m;62,625;13;13,029375;416,94;15;0,0
c_856;m;57,596774193548384;46;18,211129032258064;1129,09;32;0,0
c_8560;m;74,72592592592592;99;16,629185185185186;2244,94;68;0,0
c_8561;m;29,6046511627907;20;41,06976744186046;1766,0;21;1,0
c_8562;m;54,64473684210526;53;18,153947368421054;1379,7;38;0,0
c_8563;m;70,6734693877551;19;17,648163265306124;864,76;24;0,0
c_8564;f;45,625;10;13,810416666666667;331,45;13;0,0
c_8565;m;73,8;16;12,663499999999999;253,26999999999998;10;0,0
c_8566;m;57,73913043478261;16;18,083478260869565;415,92;14;0,0
c_8567;m;18,38095238095238;13;55,60857142857143;1167,78;12;1,0
c_8568;f;32,58108108108108;31;13,462702702702703;996,24;42;0,0
c_8569;m;24,571428571428573;9;76,45571428571428;1070,3799999999999;8;1,0
c_857;m;36,644067796610166;98;12,407161016949154;2928,09;106;0,0
c_8570;f;64,93442622950819;21;15,141803278688524;923,65;21;0,0
c_8571;f;22,5;14;41,976111111111116;755,57;10;1,0
c_8572;f;55,70866141732284;97;17,322992125984253;2200,02;52;0,0
c_8573;f;48,61764705882353;15;11,543823529411766;392,49;17;0,0
c_8574;f;38,671009771986974;134;13,227687296416939;4060,9;144;0,0
c_8575;m;35,70161290322581;59;12,78233870967742;1585,01;57;0,0
c_8576;m;23,757575757575758;43;34,258383838383835;3391,58;39;1,0
c_8577;m;66,72727272727273;75;17,847386363636364;1570,57;45;0,0
c_8578;f;61,595238095238095;23;16,515238095238097;693,64;23;0,0
c_8579;f;37,74193548387097;111;12,872222222222222;3591,35;122;0,0
c_858;f;65,65957446808511;83;14,850212765957446;1395,9199999999998;42;0,0
c_8580;f;51,6;10;20,447333333333333;306,71;8;0,0
c_8581;m;26,625;28;35,71075;1428,4299999999998;17;1,0
c_8582;m;58,72486772486773;133;15,831640211640211;2992,18;85;0,0
c_8583;f;70,5909090909091;16;14,39409090909091;633,34;25;0,0
c_8584;m;17,384615384615383;8;47,55538461538462;618,22;8;1,0
c_8585;f;17,627118644067796;20;28,16050847457627;1661,47;28;1,0
c_8586;f;32,48148148148148;6;13,55111111111111;365,88;14;0,0
c_8587;m;66,54081632653062;71;16,35469387755102;1602,76;48;0,0
c_8588;f;75,83076923076923;28;14,989230769230769;974,3;28;0,0
c_8589;m;63,5;10;18,0575;216,69;8;0,0
c_859;m;42,577319587628864;43;13,763711340206186;1335,08;52;0,0
c_8590;m;22,58108108108108;30;39,35702702702703;2912,42;35;1,0
c_8591;f;69,6842105263158;23;15,348947368421053;874,89;26;0,0
c_8592;f;47,628975265017665;121;11,333957597173145;3207,5099999999998;135;0,0
c_8593;f;36,66423357664234;67;12,917007299270072;1769,6299999999999;72;0,0
c_8594;m;17,764705882352942;17;51,93764705882353;882,9399999999999;8;1,0
c_8595;f;41,76829268292683;29;12,167439024390244;997,73;30;0,0
c_8596;m;40,5375;30;11,34225;907,38;42;0,0
c_8597;m;25,71641791044776;36;38,19223880597015;2558,88;28;1,0
c_8598;f;46,57692307692308;22;13,0125;676,65;25;0,0
c_8599;f;19,634615384615383;30;43,09288461538461;2240,83;23;1,0
c_86;f;27,5625;11;36,80875;588,94;7;1,0
c_860;m;55,67045454545455;74;15,964772727272726;1404,8999999999999;46;0,0
c_8600;f;33,64873417721519;153;14,846645569620254;4691,54;150;0,0
c_8601;f;61,53846153846154;7;16,466153846153848;214,06;6;0,0
c_8602;m;69,6;35;15,94;797,0;23;0,0
c_8603;f;42,611111111111114;107;12,70957264957265;2974,04;110;0,0
c_8604;m;71,70454545454545;16;15,679545454545455;689,9;19;0,0
c_8605;m;42,705479452054796;63;13,382191780821918;1953,8;69;0,0
c_8606;f;35,4375;5;10,51;168,16;9;0,0
c_8607;m;47,68493150684932;50;12,415342465753426;1812,64;55;0,0
c_8608;m;25,692307692307693;11;56,57384615384615;735,4599999999999;5;1,0
c_8609;f;51,603960396039604;66;23,884455445544553;2412,33;47;0,0
c_861;m;56,53846153846154;7;15,882307692307693;206,47;7;0,0
c_8610;m;61,675213675213676;91;16,22059829059829;1897,81;51;0,0
c_8611;f;83,48275862068965;27;19,7;571,3;16;0,0
c_8612;f;56,79545454545455;87;17,051439393939393;2250,79;56;0,0
c_8613;m;50,625;41;18,66464285714286;1045,22;34;0,0
c_8614;m;18,666666666666668;16;82,7695238095238;1738,1599999999999;13;1,0
c_8615;f;49,54867256637168;53;13,91725663716814;1572,6499999999999;65;0,0
c_8616;m;37,690582959641254;96;13,24811659192825;2954,33;107;0,0
c_8617;m;25,393939393939394;24;72,60969696969697;2396,12;21;1,0
c_8618;f;25,78;39;61,941399999999994;3097,0699999999997;24;1,0
c_8619;f;33,74038461538461;81;12,96451923076923;2696,62;93;0,0
c_8620;f;20,307692307692307;9;34,973076923076924;454,65;9;1,0
c_8621;m;33,629893238434164;117;12,450106761565836;3498,48;147;0,0
c_863;m;43,6948051948052;59;12,855519480519481;1979,75;76;0,0
c_864;f;27,651515151515152;38;34,46560606060606;2274,73;34;1,0
c_865;m;40,67901234567901;35;18,257901234567903;1478,89;38;0,0
c_866;f;63,588235294117645;10;15,717058823529412;267,19;8;0,0
c_867;m;41,712765957446805;100;13,13627659574468;3704,43;118;0,0
c_868;m;46,6605504587156;91;13,339403669724769;2907,99;102;0,0
c_869;m;30,8;4;11,148;167,22;10;0,0
c_87;m;72,81632653061224;27;16,431020408163267;805,12;20;0,0
c_870;f;70,74468085106383;37;14,02531914893617;659,1899999999999;22;0,0
c_871;m;17,576923076923077;21;36,448076923076925;947,65;17;1,0
c_872;m;18,041666666666668;20;39,839166666666664;956,14;7;1,0
c_873;f;47,552;52;12,73752;1592,19;64;0,0
c_874;m;63,73134328358209;58;15,141044776119402;1014,4499999999999;30;0,0
c_875;f;37,64367816091954;41;11,809540229885059;1027,43;46;0,0
c_876;f;23,473684210526315;14;97,52105263157895;1852,9;11;1,0
c_877;m;52,67605633802817;59;17,292535211267605;1227,77;34;0,0
c_878;m;84,73958333333333;77;17,685104166666665;1697,77;40;0,0
c_879;f;70,8360655737705;31;14,895573770491803;908,63;24;0,0
c_88;f;64,54761904761905;30;16,97;712,74;20;0,0
c_880;m;30,682191780821917;146;13,416958904109588;4897,19;167;0,0
c_881;f;33,78277153558052;112;11,968127340823969;3195,49;113;0,0
c_882;f;32,53846153846154;24;13,662692307692309;710,46;34;0,0
c_883;f;28,75;9;26,3;315,6;4;1,0
c_884;m;63,78181818181818;40;16,35490909090909;899,52;22;0,0
c_885;m;45,66315789473684;35;12,446105263157893;1182,3799999999999;41;0,0
c_886;m;40,526881720430104;46;13,068172043010751;1215,34;46;0,0
c_887;m;45,632183908045974;33;13,361609195402298;1162,46;40;0,0
c_888;m;52,470588235294116;11;15,275294117647059;259,68;10;0,0
c_889;m;35,75609756097561;13;10,73560975609756;440,15999999999997;16;0,0
c_89;m;50,61363636363637;33;16,18431818181818;712,11;22;0,0
c_890;f;19,75;4;6,08;24,32;1;0,0
c_891;f;19,571428571428573;4;58,11714285714286;406,82;3;1,0
c_892;m;44,74390243902439;42;13,124756097560976;1076,23;37;0,0
c_893;m;39,89855072463768;35;13,692608695652174;944,79;22;0,0
c_894;m;33,55118110236221;45;13,999448818897639;1777,93;70;0,0
c_895;m;54,484848484848484;21;13,956363636363637;460,56;17;0,0
c_896;f;44,69662921348315;44;13,659662921348316;1215,71;39;0,0
c_897;f;52,54054054054054;24;16,185135135135134;598,85;17;0,0
c_898;f;61,7887323943662;30;15,895633802816901;1128,59;25;0,0
c_899;f;63,55;12;17,1145;342,28999999999996;10;0,0
c_9;m;35,84126984126984;30;14,525555555555556;915,11;29;0,0
c_900;m;41,61224489795919;23;17,898163265306124;877,01;25;0,0
c_901;f;41,473684210526315;15;16,49157894736842;940,02;30;0,0
c_902;m;55,704918032786885;32;15,756885245901639;961,17;23;0,0
c_903;f;58,71739130434783;32;16,883478260869566;776,64;23;0,0
c_904;m;45,564516129032256;33;14,78483870967742;916,66;35;0,0
c_905;m;17,73913043478261;14;45,12173913043478;1037,8;9;1,0
c_906;f;57,733333333333334;15;13,651333333333332;204,76999999999998;6;0,0
c_907;f;56,916666666666664;12;14,545;174,54;4;0,0
c_908;m;21,363636363636363;7;57,02272727272727;627,25;7;1,0
c_909;m;39,9;12;11,597;463,88;15;0,0
c_91;m;50,59036144578313;69;16,00566265060241;1328,47;46;0,0
c_910;m;20,627450980392158;29;40,12235294117647;2046,24;22;1,0
c_911;m;34,827338129496404;55;12,070503597122302;1677,8;64;0,0
c_912;m;57,64179104477612;55;17,182537313432835;1151,23;29;0,0
c_913;f;44,766666666666666;21;12,6415;758,49;25;0,0
c_914;f;33,756521739130434;39;12,951478260869566;1489,42;52;0,0
c_915;f;65,584;74;17,02552;2128,19;60;0,0
c_916;m;37,706896551724135;25;13,24551724137931;768,24;23;0,0
c_917;f;17,661290322580644;35;45,84532258064516;2842,41;30;1,0
c_918;f;59,45454545454545;5;22,601818181818178;248,61999999999998;8;0,0
c_919;m;57,529411764705884;12;18,951176470588234;322,16999999999996;9;0,0
c_92;f;23,555555555555557;36;37,70654320987654;3054,23;41;1,0
c_920;m;68,67088607594937;45;16,24987341772152;1283,74;47;0,0
c_921;f;19,857142857142858;7;25,66;179,62;5;1,0
c_922;f;55,5;43;17,06413043478261;784,9499999999999;27;0,0
c_923;m;31,42105263157895;9;14,591578947368422;277,24;12;0,0
c_924;f;60,64705882352941;13;16,021176470588237;272,36;7;0,0
c_925;f;67,69642857142857;87;14,038839285714285;1572,35;54;0,0
c_926;m;82,46428571428571;13;15,478571428571428;433,4;15;0,0
c_927;f;35,44444444444444;6;12,742777777777778;229,37;10;0,0
c_928;f;68,21052631578948;10;16,483684210526317;313,19;17;0,0
c_929;f;65,63157894736842;11;19,68578947368421;374,03;10;0,0
c_93;m;29,717391304347824;32;34,960434782608694;1608,18;20;1,0
c_930;f;27,428571428571427;10;49,53928571428571;693,55;8;1,0
c_931;m;56,567567567567565;113;16,960337837837837;2510,13;76;0,0
c_932;m;48,516129032258064;40;12,328817204301075;1146,58;47;0,0
c_933;f;64,7439024390244;38;14,624268292682927;1199,19;37;0,0
c_934;m;37,38461538461539;3;11,56076923076923;150,29;8;0,0
c_935;f;17,571428571428573;9;46,340714285714284;648,77;9;1,0
c_936;f;83,7258064516129;41;14,583548387096773;904,18;32;0,0
c_937;f;50,75714285714286;17;13,859571428571428;970,17;23;0,0
c_938;m;54,75757575757576;102;15,754469696969698;2079,59;54;0,0
c_939;m;49,704918032786885;25;15,081475409836067;919,97;34;0,0
c_94;m;25,5;14;66,39807692307691;1726,35;18;1,0
c_940;f;51,68;30;15,3856;769,28;25;0,0
c_941;m;61,592592592592595;17;15,391111111111112;415,56;17;0,0
c_942;f;51,53333333333333;12;11,608;174,12;8;0,0
c_943;f;26,75;4;38,79625;310,37;4;1,0
c_944;m;42,563025210084035;46;14,925042016806723;1776,08;61;0,0
c_945;m;23,566666666666666;14;28,884;866,52;15;1,0
c_946;m;20,72222222222222;9;25,754444444444445;463,58000000000004;10;1,0
c_947;f;33,75686274509804;96;12,102470588235295;3086,13;110;0,0
c_948;m;70,69767441860465;31;22,953023255813953;986,98;20;0,0
c_949;f;79,60317460317461;34;17,17746031746032;1082,18;31;0,0
c_95;f;23,0;3;29,766000000000002;148,83;5;1,0
c_950;f;19,641509433962263;27;45,36433962264151;2404,31;26;1,0
c_951;m;59,63333333333333;24;15,442;463,26;15;0,0
c_952;f;67,58333333333333;12;15,674166666666666;188,09;7;0,0
c_953;m;35,75;18;14,26659090909091;627,73;18;0,0
c_954;f;50,61904761904762;13;20,536190476190477;431,26;11;0,0
c_955;f;86,8;23;28,5588;713,97;9;0,0
c_956;f;17,735294117647058;21;43,46470588235294;1477,8;20;1,0
c_957;f;44,78688524590164;26;13,472786885245903;821,84;22;0,0
c_958;m;46,82706766917293;51;14,612706766917293;1943,49;59;0,0
c_959;m;46,645390070921984;58;14,530567375886525;2048,81;57;0,0
c_96;f;52,57142857142857;9;20,185;282,59;10;0,0
c_960;m;74,5;18;15,404411764705882;523,75;17;0,0
c_961;f;27,6;20;70,34942857142858;2462,23;19;1,0
c_962;m;17,725;31;62,908;2516,32;19;1,0
c_963;f;33,62359550561798;142;12,45255617977528;4433,11;161;0,0
c_964;m;24,74418604651163;23;28,900000000000002;1242,7;21;1,0
c_965;f;51,61904761904762;8;18,137619047619047;380,89;11;0,0
c_966;f;40,78125;26;11,6021875;742,54;30;0,0
c_967;m;57,651162790697676;17;13,056279069767442;561,42;24;0,0
c_968;m;42,588235294117645;14;13,940882352941177;473,99;18;0,0
c_969;f;46,6530612244898;37;11,03061224489796;1081,0;46;0,0
c_97;m;17,73913043478261;17;45,80608695652174;1053,54;10;1,0
c_970;f;41,7536231884058;31;12,953188405797102;893,77;32;0,0
c_971;f;38,8;6;12,67;126,7;5;0,0
c_972;m;17,55;11;54,974000000000004;1099,48;9;1,0
c_973;m;47,89041095890411;37;12,71945205479452;928,52;27;0,0
c_974;f;40,666666666666664;21;15,887719298245614;905,6;28;0,0
c_975;m;27,894736842105264;9;40,060526315789474;761,15;9;1,0
c_976;m;52,666666666666664;12;15,768333333333333;283,83;8;0,0
c_977;f;59,68421052631579;19;10,426315789473684;198,1;8;0,0
c_978;f;81,70833333333333;55;15,305277777777778;1101,98;34;0,0
c_979;f;71,57142857142857;57;17,79031746031746;1120,79;37;0,0
c_98;m;35,578947368421055;15;17,61973684210526;669,55;23;0,0
c_980;m;59,64102564102564;19;18,43974358974359;719,15;21;0,0
c_981;m;56,825581395348834;61;17,95906976744186;1544,48;34;0,0
c_982;f;63,71844660194175;80;16,02621359223301;1650,7;47;0,0
c_983;f;47,54140127388535;59;14,01140127388535;2199,79;95;0,0
c_984;m;71,69811320754717;41;14,857169811320754;787,43;25;0,0
c_985;f;17,764705882352942;23;28,617450980392157;1459,49;23;1,0
c_986;f;28,701149425287355;28;25,354827586206895;2205,87;35;1,0
c_987;m;67,6875;11;19,15;306,4;9;0,0
c_988;f;58,696969696969695;79;16,175151515151516;1601,34;45;0,0
c_989;m;31,75;32;14,906956521739131;1371,44;42;0,0
c_99;m;58,57142857142857;37;15,635102040816326;766,12;25;0,0
c_990;m;37,717770034843205;133;12,345121951219513;3543,05;117;0,0
c_991;m;43,741379310344826;27;12,992241379310345;753,55;26;0,0
c_992;f;44,57142857142857;12;15,238095238095237;320,0;12;0,0
c_993;m;53,69230769230769;13;18,088846153846156;470,31;13;0,0
c_994;f;19,642857142857142;14;34,58107142857143;968,27;13;1,0
c_995;m;66,42857142857143;9;13,529285714285715;189,41;8;0,0
c_996;f;51,66315789473684;79;17,11136842105263;1625,58;41;0,0
c_997;f;27,76271186440678;24;25,254406779661018;1490,01;23;1,0
c_998;m;20,62264150943396;23;52,450566037735854;2779,88;28;1,0
c_999;m;57,76086956521739;42;15,247826086956522;701,4;22;0,0
